"Date","client","Product","Demand"
2021-01-02,"A","SP",288
2021-01-03,"A","SP",298
2021-01-04,"A","SP",295
2021-01-05,"A","SP",304
2021-01-06,"A","SP",309
2021-01-07,"A","SP",302
2021-01-08,"A","SP",297
2021-01-09,"A","SP",289
2021-01-10,"A","SP",299
2021-01-11,"A","SP",298
2021-01-12,"A","SP",291
2021-01-13,"A","SP",298
2021-01-14,"A","SP",291
2021-01-15,"A","SP",291
2021-01-16,"A","SP",293
2021-01-17,"A","SP",289
2021-01-18,"A","SP",293
2021-01-19,"A","SP",297
2021-01-20,"A","SP",294
2021-01-21,"A","SP",292
2021-01-22,"A","SP",294
2021-01-23,"A","SP",294
2021-01-24,"A","SP",290
2021-01-25,"A","SP",276
2021-01-26,"A","SP",284
2021-01-27,"A","SP",292
2021-01-28,"A","SP",296
2021-01-29,"A","SP",289
2021-01-30,"A","SP",288
2021-01-31,"A","SP",294
2021-02-01,"A","SP",294
2021-02-02,"A","SP",283
2021-02-03,"A","SP",286
2021-02-04,"A","SP",281
2021-02-05,"A","SP",278
2021-02-06,"A","SP",282
2021-02-07,"A","SP",283
2021-02-08,"A","SP",283
2021-02-09,"A","SP",286
2021-02-10,"A","SP",284
2021-02-11,"A","SP",288
2021-02-12,"A","SP",282
2021-02-13,"A","SP",287
2021-02-14,"A","SP",290
2021-02-15,"A","SP",290
2021-02-16,"A","SP",290
2021-02-17,"A","SP",285
2021-02-18,"A","SP",290
2021-02-19,"A","SP",289
2021-02-20,"A","SP",281
2021-02-21,"A","SP",286
2021-02-22,"A","SP",286
2021-02-23,"A","SP",280
2021-02-24,"A","SP",279
2021-02-25,"A","SP",286
2021-02-26,"A","SP",283
2021-02-27,"A","SP",278
2021-02-28,"A","SP",289
2021-03-01,"A","SP",287
2021-03-02,"A","SP",284
2021-03-03,"A","SP",284
2021-03-04,"A","SP",279
2021-03-05,"A","SP",286
2021-03-06,"A","SP",294
2021-03-07,"A","SP",286
2021-03-08,"A","SP",283
2021-03-09,"A","SP",276
2021-03-10,"A","SP",276
2021-03-11,"A","SP",277
2021-03-12,"A","SP",269
2021-03-13,"A","SP",270
2021-03-14,"A","SP",277
2021-03-15,"A","SP",272
2021-03-16,"A","SP",271
2021-03-17,"A","SP",271
2021-03-18,"A","SP",272
2021-03-19,"A","SP",269
2021-03-20,"A","SP",266
2021-03-21,"A","SP",263
2021-03-22,"A","SP",276
2021-03-23,"A","SP",272
2021-03-24,"A","SP",267
2021-03-25,"A","SP",261
2021-03-26,"A","SP",259
2021-03-27,"A","SP",270
2021-03-28,"A","SP",267
2021-03-29,"A","SP",265
2021-03-30,"A","SP",268
2021-03-31,"A","SP",263
2021-04-01,"A","SP",266
2021-04-02,"A","SP",264
2021-04-03,"A","SP",271
2021-04-04,"A","SP",266
2021-04-05,"A","SP",267
2021-04-06,"A","SP",264
2021-04-07,"A","SP",254
2021-04-08,"A","SP",252
2021-04-09,"A","SP",254
2021-04-10,"A","SP",247
2021-04-11,"A","SP",253
2021-04-12,"A","SP",242
2021-04-13,"A","SP",239
2021-04-14,"A","SP",246
2021-04-15,"A","SP",241
2021-04-16,"A","SP",244
2021-04-17,"A","SP",243
2021-04-18,"A","SP",250
2021-04-19,"A","SP",248
2021-04-20,"A","SP",250
2021-04-21,"A","SP",260
2021-04-22,"A","SP",253
2021-04-23,"A","SP",251
2021-04-24,"A","SP",247
2021-04-25,"A","SP",249
2021-04-26,"A","SP",245
2021-04-27,"A","SP",254
2021-04-28,"A","SP",251
2021-04-29,"A","SP",248
2021-04-30,"A","SP",242
2021-05-01,"A","SP",241
2021-05-02,"A","SP",246
2021-05-03,"A","SP",248
2021-05-04,"A","SP",251
2021-05-05,"A","SP",249
2021-05-06,"A","SP",246
2021-05-07,"A","SP",255
2021-05-08,"A","SP",247
2021-05-09,"A","SP",246
2021-05-10,"A","SP",247
2021-05-11,"A","SP",246
2021-05-12,"A","SP",255
2021-05-13,"A","SP",249
2021-05-14,"A","SP",265
2021-05-15,"A","SP",261
2021-05-16,"A","SP",261
2021-05-17,"A","SP",256
2021-05-18,"A","SP",258
2021-05-19,"A","SP",267
2021-05-20,"A","SP",262
2021-05-21,"A","SP",268
2021-05-22,"A","SP",272
2021-05-23,"A","SP",264
2021-05-24,"A","SP",267
2021-05-25,"A","SP",266
2021-05-26,"A","SP",271
2021-05-27,"A","SP",276
2021-05-28,"A","SP",263
2021-05-29,"A","SP",266
2021-05-30,"A","SP",267
2021-05-31,"A","SP",263
2021-06-01,"A","SP",263
2021-06-02,"A","SP",268
2021-06-03,"A","SP",257
2021-06-04,"A","SP",258
2021-06-05,"A","SP",263
2021-06-06,"A","SP",264
2021-06-07,"A","SP",266
2021-06-08,"A","SP",264
2021-06-09,"A","SP",262
2021-06-10,"A","SP",269
2021-06-11,"A","SP",270
2021-06-12,"A","SP",266
2021-06-13,"A","SP",262
2021-06-14,"A","SP",264
2021-06-15,"A","SP",262
2021-06-16,"A","SP",261
2021-06-17,"A","SP",265
2021-06-18,"A","SP",266
2021-06-19,"A","SP",267
2021-06-20,"A","SP",262
2021-06-21,"A","SP",268
2021-06-22,"A","SP",268
2021-06-23,"A","SP",268
2021-06-24,"A","SP",266
2021-06-25,"A","SP",264
2021-06-26,"A","SP",262
2021-06-27,"A","SP",268
2021-06-28,"A","SP",279
2021-06-29,"A","SP",277
2021-06-30,"A","SP",277
2021-07-01,"A","SP",274
2021-07-02,"A","SP",269
2021-07-03,"A","SP",268
2021-07-04,"A","SP",264
2021-07-05,"A","SP",274
2021-07-06,"A","SP",279
2021-07-07,"A","SP",268
2021-07-08,"A","SP",269
2021-07-09,"A","SP",268
2021-07-10,"A","SP",262
2021-07-11,"A","SP",266
2021-07-12,"A","SP",269
2021-07-13,"A","SP",260
2021-07-14,"A","SP",271
2021-07-15,"A","SP",272
2021-07-16,"A","SP",273
2021-07-17,"A","SP",264
2021-07-18,"A","SP",264
2021-07-19,"A","SP",267
2021-07-20,"A","SP",263
2021-07-21,"A","SP",265
2021-07-22,"A","SP",266
2021-07-23,"A","SP",259
2021-07-24,"A","SP",265
2021-07-25,"A","SP",265
2021-07-26,"A","SP",267
2021-07-27,"A","SP",263
2021-07-28,"A","SP",253
2021-07-29,"A","SP",259
2021-07-30,"A","SP",265
2021-07-31,"A","SP",266
2021-08-01,"A","SP",261
2021-08-02,"A","SP",261
2021-08-03,"A","SP",272
2021-08-04,"A","SP",268
2021-08-05,"A","SP",269
2021-08-06,"A","SP",272
2021-08-07,"A","SP",270
2021-08-08,"A","SP",265
2021-08-09,"A","SP",263
2021-08-10,"A","SP",261
2021-08-11,"A","SP",256
2021-08-12,"A","SP",261
2021-08-13,"A","SP",262
2021-08-14,"A","SP",256
2021-08-15,"A","SP",255
2021-08-16,"A","SP",256
2021-08-17,"A","SP",253
2021-08-18,"A","SP",258
2021-08-19,"A","SP",259
2021-08-20,"A","SP",257
2021-08-21,"A","SP",258
2021-08-22,"A","SP",262
2021-08-23,"A","SP",272
2021-08-24,"A","SP",272
2021-08-25,"A","SP",272
2021-08-26,"A","SP",272
2021-08-27,"A","SP",273
2021-08-28,"A","SP",276
2021-08-29,"A","SP",276
2021-08-30,"A","SP",273
2021-08-31,"A","SP",278
2021-09-01,"A","SP",279
2021-09-02,"A","SP",276
2021-09-03,"A","SP",277
2021-09-04,"A","SP",277
2021-09-05,"A","SP",273
2021-09-06,"A","SP",286
2021-09-07,"A","SP",280
2021-09-08,"A","SP",288
2021-09-09,"A","SP",277
2021-09-10,"A","SP",283
2021-09-11,"A","SP",283
2021-09-12,"A","SP",288
2021-09-13,"A","SP",291
2021-09-14,"A","SP",294
2021-09-15,"A","SP",291
2021-09-16,"A","SP",292
2021-09-17,"A","SP",293
2021-09-18,"A","SP",282
2021-09-19,"A","SP",280
2021-09-20,"A","SP",286
2021-09-21,"A","SP",285
2021-09-22,"A","SP",282
2021-09-23,"A","SP",292
2021-09-24,"A","SP",284
2021-09-25,"A","SP",281
2021-09-26,"A","SP",292
2021-09-27,"A","SP",297
2021-09-28,"A","SP",300
2021-09-29,"A","SP",299
2021-09-30,"A","SP",299
2021-10-01,"A","SP",309
2021-10-02,"A","SP",306
2021-10-03,"A","SP",307
2021-10-04,"A","SP",310
2021-10-05,"A","SP",301
2021-10-06,"A","SP",307
2021-10-07,"A","SP",309
2021-10-08,"A","SP",309
2021-10-09,"A","SP",310
2021-10-10,"A","SP",303
2021-10-11,"A","SP",306
2021-10-12,"A","SP",305
2021-10-13,"A","SP",309
2021-10-14,"A","SP",308
2021-10-15,"A","SP",309
2021-10-16,"A","SP",306
2021-10-17,"A","SP",308
2021-10-18,"A","SP",305
2021-10-19,"A","SP",301
2021-10-20,"A","SP",310
2021-10-21,"A","SP",304
2021-10-22,"A","SP",310
2021-10-23,"A","SP",312
2021-10-24,"A","SP",299
2021-10-25,"A","SP",303
2021-10-26,"A","SP",308
2021-10-27,"A","SP",312
2021-10-28,"A","SP",299
2021-10-29,"A","SP",300
2021-10-30,"A","SP",309
2021-10-31,"A","SP",302
2021-11-01,"A","SP",312
2021-11-02,"A","SP",314
2021-11-03,"A","SP",308
2021-11-04,"A","SP",313
2021-11-05,"A","SP",316
2021-11-06,"A","SP",316
2021-11-07,"A","SP",306
2021-11-08,"A","SP",315
2021-11-09,"A","SP",310
2021-11-10,"A","SP",304
2021-11-11,"A","SP",311
2021-11-12,"A","SP",314
2021-11-13,"A","SP",323
2021-11-14,"A","SP",316
2021-11-15,"A","SP",324
2021-11-16,"A","SP",318
2021-11-17,"A","SP",323
2021-11-18,"A","SP",318
2021-11-19,"A","SP",315
2021-11-20,"A","SP",321
2021-11-21,"A","SP",325
2021-11-22,"A","SP",334
2021-11-23,"A","SP",326
2021-11-24,"A","SP",320
2021-11-25,"A","SP",325
2021-11-26,"A","SP",317
2021-11-27,"A","SP",320
2021-11-28,"A","SP",333
2021-11-29,"A","SP",325
2021-11-30,"A","SP",322
2021-12-01,"A","SP",326
2021-12-02,"A","SP",329
2021-12-03,"A","SP",323
2021-12-04,"A","SP",319
2021-12-05,"A","SP",318
2021-12-06,"A","SP",324
2021-12-07,"A","SP",329
2021-12-08,"A","SP",327
2021-12-09,"A","SP",326
2021-12-10,"A","SP",330
2021-12-11,"A","SP",322
2021-12-12,"A","SP",323
2021-12-13,"A","SP",324
2021-12-14,"A","SP",336
2021-12-15,"A","SP",331
2021-12-16,"A","SP",324
2021-12-17,"A","SP",323
2021-12-18,"A","SP",320
2021-12-19,"A","SP",325
2021-12-20,"A","SP",321
2021-12-21,"A","SP",328
2021-12-22,"A","SP",322
2021-12-23,"A","SP",321
2021-12-24,"A","SP",329
2021-12-25,"A","SP",322
2021-12-26,"A","SP",330
2021-12-27,"A","SP",317
2021-12-28,"A","SP",330
2021-12-29,"A","SP",324
2021-12-30,"A","SP",319
2022-01-02,"A","SP",335
2022-01-03,"A","SP",333
2022-01-04,"A","SP",339
2022-01-05,"A","SP",328
2022-01-06,"A","SP",338
2022-01-07,"A","SP",338
2022-01-08,"A","SP",342
2022-01-09,"A","SP",319
2022-01-10,"A","SP",338
2022-01-11,"A","SP",334
2022-01-12,"A","SP",331
2022-01-13,"A","SP",324
2022-01-14,"A","SP",318
2022-01-15,"A","SP",324
2022-01-16,"A","SP",322
2022-01-17,"A","SP",317
2022-01-18,"A","SP",327
2022-01-19,"A","SP",317
2022-01-20,"A","SP",325
2022-01-21,"A","SP",323
2022-01-22,"A","SP",324
2022-01-23,"A","SP",326
2022-01-24,"A","SP",332
2022-01-25,"A","SP",304
2022-01-26,"A","SP",321
2022-01-27,"A","SP",320
2022-01-28,"A","SP",325
2022-01-29,"A","SP",324
2022-01-30,"A","SP",335
2022-01-31,"A","SP",325
2022-02-01,"A","SP",328
2022-02-02,"A","SP",317
2022-02-03,"A","SP",336
2022-02-04,"A","SP",310
2022-02-05,"A","SP",315
2022-02-06,"A","SP",316
2022-02-07,"A","SP",313
2022-02-08,"A","SP",307
2022-02-09,"A","SP",322
2022-02-10,"A","SP",317
2022-02-11,"A","SP",315
2022-02-12,"A","SP",315
2022-02-13,"A","SP",317
2022-02-14,"A","SP",317
2022-02-15,"A","SP",306
2022-02-16,"A","SP",328
2022-02-17,"A","SP",323
2022-02-18,"A","SP",321
2022-02-19,"A","SP",333
2022-02-20,"A","SP",318
2022-02-21,"A","SP",320
2022-02-22,"A","SP",316
2022-02-23,"A","SP",320
2022-02-24,"A","SP",321
2022-02-25,"A","SP",324
2022-02-26,"A","SP",320
2022-02-27,"A","SP",323
2022-02-28,"A","SP",332
2022-03-01,"A","SP",319
2022-03-02,"A","SP",325
2022-03-03,"A","SP",326
2022-03-04,"A","SP",312
2022-03-05,"A","SP",326
2022-03-06,"A","SP",322
2022-03-07,"A","SP",323
2022-03-08,"A","SP",302
2022-03-09,"A","SP",306
2022-03-10,"A","SP",311
2022-03-11,"A","SP",317
2022-03-12,"A","SP",308
2022-03-13,"A","SP",304
2022-03-14,"A","SP",313
2022-03-15,"A","SP",309
2022-03-16,"A","SP",301
2022-03-17,"A","SP",320
2022-03-18,"A","SP",302
2022-03-19,"A","SP",307
2022-03-20,"A","SP",305
2022-03-21,"A","SP",302
2022-03-22,"A","SP",317
2022-03-23,"A","SP",299
2022-03-24,"A","SP",297
2022-03-25,"A","SP",293
2022-03-26,"A","SP",306
2022-03-27,"A","SP",301
2022-03-28,"A","SP",301
2022-03-29,"A","SP",291
2022-03-30,"A","SP",296
2022-03-31,"A","SP",283
2022-04-01,"A","SP",290
2022-04-02,"A","SP",291
2022-04-03,"A","SP",297
2022-04-04,"A","SP",289
2022-04-05,"A","SP",296
2022-04-06,"A","SP",282
2022-04-07,"A","SP",284
2022-04-08,"A","SP",281
2022-04-09,"A","SP",281
2022-04-10,"A","SP",287
2022-04-11,"A","SP",274
2022-04-12,"A","SP",271
2022-04-13,"A","SP",271
2022-04-14,"A","SP",275
2022-04-15,"A","SP",267
2022-04-16,"A","SP",268
2022-04-17,"A","SP",281
2022-04-18,"A","SP",271
2022-04-19,"A","SP",274
2022-04-20,"A","SP",280
2022-04-21,"A","SP",283
2022-04-22,"A","SP",283
2022-04-23,"A","SP",271
2022-04-24,"A","SP",288
2022-04-25,"A","SP",277
2022-04-26,"A","SP",282
2022-04-27,"A","SP",280
2022-04-28,"A","SP",277
2022-04-29,"A","SP",280
2022-04-30,"A","SP",269
2022-05-01,"A","SP",273
2022-05-02,"A","SP",275
2022-05-03,"A","SP",272
2022-05-04,"A","SP",273
2022-05-05,"A","SP",275
2022-05-06,"A","SP",280
2022-05-07,"A","SP",275
2022-05-08,"A","SP",277
2022-05-09,"A","SP",276
2022-05-10,"A","SP",271
2022-05-11,"A","SP",271
2022-05-12,"A","SP",283
2022-05-13,"A","SP",281
2022-05-14,"A","SP",278
2022-05-15,"A","SP",297
2022-05-16,"A","SP",287
2022-05-17,"A","SP",287
2022-05-18,"A","SP",281
2022-05-19,"A","SP",288
2022-05-20,"A","SP",284
2022-05-21,"A","SP",296
2022-05-22,"A","SP",294
2022-05-23,"A","SP",289
2022-05-24,"A","SP",284
2022-05-25,"A","SP",287
2022-05-26,"A","SP",301
2022-05-27,"A","SP",296
2022-05-28,"A","SP",302
2022-05-29,"A","SP",291
2022-05-30,"A","SP",303
2022-05-31,"A","SP",295
2022-06-01,"A","SP",296
2022-06-02,"A","SP",277
2022-06-03,"A","SP",287
2022-06-04,"A","SP",297
2022-06-05,"A","SP",278
2022-06-06,"A","SP",285
2022-06-07,"A","SP",296
2022-06-08,"A","SP",290
2022-06-09,"A","SP",284
2022-06-10,"A","SP",285
2022-06-11,"A","SP",295
2022-06-12,"A","SP",294
2022-06-13,"A","SP",282
2022-06-14,"A","SP",289
2022-06-15,"A","SP",287
2022-06-16,"A","SP",291
2022-06-17,"A","SP",281
2022-06-18,"A","SP",283
2022-06-19,"A","SP",288
2022-06-20,"A","SP",291
2022-06-21,"A","SP",283
2022-06-22,"A","SP",296
2022-06-23,"A","SP",285
2022-06-24,"A","SP",300
2022-06-25,"A","SP",287
2022-06-26,"A","SP",291
2022-06-27,"A","SP",296
2022-06-28,"A","SP",306
2022-06-29,"A","SP",302
2022-06-30,"A","SP",305
2022-07-01,"A","SP",313
2022-07-02,"A","SP",292
2022-07-03,"A","SP",293
2022-07-04,"A","SP",291
2022-07-05,"A","SP",293
2022-07-06,"A","SP",303
2022-07-07,"A","SP",293
2022-07-08,"A","SP",291
2022-07-09,"A","SP",289
2022-07-10,"A","SP",282
2022-07-11,"A","SP",291
2022-07-12,"A","SP",292
2022-07-13,"A","SP",288
2022-07-14,"A","SP",300
2022-07-15,"A","SP",286
2022-07-16,"A","SP",298
2022-07-17,"A","SP",289
2022-07-18,"A","SP",278
2022-07-19,"A","SP",288
2022-07-20,"A","SP",294
2022-07-21,"A","SP",286
2022-07-22,"A","SP",291
2022-07-23,"A","SP",287
2022-07-24,"A","SP",295
2022-07-25,"A","SP",286
2022-07-26,"A","SP",286
2022-07-27,"A","SP",286
2022-07-28,"A","SP",289
2022-07-29,"A","SP",284
2022-07-30,"A","SP",287
2022-07-31,"A","SP",297
2022-08-01,"A","SP",290
2022-08-02,"A","SP",282
2022-08-03,"A","SP",290
2022-08-04,"A","SP",296
2022-08-05,"A","SP",296
2022-08-06,"A","SP",303
2022-08-07,"A","SP",299
2022-08-08,"A","SP",293
2022-08-09,"A","SP",283
2022-08-10,"A","SP",282
2022-08-11,"A","SP",293
2022-08-12,"A","SP",273
2022-08-13,"A","SP",279
2022-08-14,"A","SP",288
2022-08-15,"A","SP",293
2022-08-16,"A","SP",284
2022-08-17,"A","SP",288
2022-08-18,"A","SP",279
2022-08-19,"A","SP",279
2022-08-20,"A","SP",287
2022-08-21,"A","SP",287
2022-08-22,"A","SP",295
2022-08-23,"A","SP",298
2022-08-24,"A","SP",308
2022-08-25,"A","SP",303
2022-08-26,"A","SP",302
2022-08-27,"A","SP",302
2022-08-28,"A","SP",293
2022-08-29,"A","SP",311
2022-08-30,"A","SP",312
2022-08-31,"A","SP",306
2022-09-01,"A","SP",303
2022-09-02,"A","SP",318
2022-09-03,"A","SP",303
2022-09-04,"A","SP",306
2022-09-05,"A","SP",320
2022-09-06,"A","SP",318
2022-09-07,"A","SP",300
2022-09-08,"A","SP",302
2022-09-09,"A","SP",303
2022-09-10,"A","SP",320
2022-09-11,"A","SP",310
2022-09-12,"A","SP",319
2022-09-13,"A","SP",322
2022-09-14,"A","SP",321
2022-09-15,"A","SP",327
2022-09-16,"A","SP",326
2022-09-17,"A","SP",325
2022-09-18,"A","SP",320
2022-09-19,"A","SP",315
2022-09-20,"A","SP",324
2022-09-21,"A","SP",338
2022-09-22,"A","SP",328
2022-09-23,"A","SP",322
2022-09-24,"A","SP",324
2022-09-25,"A","SP",311
2022-09-26,"A","SP",327
2022-09-27,"A","SP",332
2022-09-28,"A","SP",339
2022-09-29,"A","SP",327
2022-09-30,"A","SP",340
2022-10-01,"A","SP",338
2022-10-02,"A","SP",339
2022-10-03,"A","SP",344
2022-10-04,"A","SP",356
2022-10-05,"A","SP",345
2022-10-06,"A","SP",350
2022-10-07,"A","SP",342
2022-10-08,"A","SP",350
2022-10-09,"A","SP",353
2022-10-10,"A","SP",343
2022-10-11,"A","SP",349
2022-10-12,"A","SP",338
2022-10-13,"A","SP",340
2022-10-14,"A","SP",339
2022-10-15,"A","SP",348
2022-10-16,"A","SP",356
2022-10-17,"A","SP",342
2022-10-18,"A","SP",337
2022-10-19,"A","SP",341
2022-10-20,"A","SP",357
2022-10-21,"A","SP",350
2022-10-22,"A","SP",351
2022-10-23,"A","SP",352
2022-10-24,"A","SP",348
2022-10-25,"A","SP",341
2022-10-26,"A","SP",346
2022-10-27,"A","SP",354
2022-10-28,"A","SP",346
2022-10-29,"A","SP",348
2022-10-30,"A","SP",350
2022-10-31,"A","SP",342
2022-11-01,"A","SP",349
2022-11-02,"A","SP",353
2022-11-03,"A","SP",354
2022-11-04,"A","SP",347
2022-11-05,"A","SP",377
2022-11-06,"A","SP",356
2022-11-07,"A","SP",349
2022-11-08,"A","SP",344
2022-11-09,"A","SP",355
2022-11-10,"A","SP",347
2022-11-11,"A","SP",349
2022-11-12,"A","SP",365
2022-11-13,"A","SP",350
2022-11-14,"A","SP",357
2022-11-15,"A","SP",358
2022-11-16,"A","SP",360
2022-11-17,"A","SP",360
2022-11-18,"A","SP",359
2022-11-19,"A","SP",355
2022-11-20,"A","SP",361
2022-11-21,"A","SP",367
2022-11-22,"A","SP",370
2022-11-23,"A","SP",366
2022-11-24,"A","SP",368
2022-11-25,"A","SP",364
2022-11-26,"A","SP",360
2022-11-27,"A","SP",364
2022-11-28,"A","SP",360
2022-11-29,"A","SP",372
2022-11-30,"A","SP",361
2022-12-01,"A","SP",370
2022-12-02,"A","SP",370
2022-12-03,"A","SP",374
2022-12-04,"A","SP",358
2022-12-05,"A","SP",371
2022-12-06,"A","SP",366
2022-12-07,"A","SP",370
2022-12-08,"A","SP",367
2022-12-09,"A","SP",369
2022-12-10,"A","SP",372
2022-12-11,"A","SP",365
2022-12-12,"A","SP",385
2022-12-13,"A","SP",380
2022-12-14,"A","SP",376
2022-12-15,"A","SP",371
2022-12-16,"A","SP",373
2022-12-17,"A","SP",368
2022-12-18,"A","SP",369
2022-12-19,"A","SP",371
2022-12-20,"A","SP",363
2022-12-21,"A","SP",366
2022-12-22,"A","SP",370
2022-12-23,"A","SP",384
2022-12-24,"A","SP",382
2022-12-25,"A","SP",378
2022-12-26,"A","SP",385
2022-12-27,"A","SP",378
2022-12-28,"A","SP",385
2022-12-29,"A","SP",367
2022-12-30,"A","SP",370
2023-01-02,"A","SP",382
2023-01-03,"A","SP",386
2023-01-04,"A","SP",395
2023-01-05,"A","SP",377
2023-01-06,"A","SP",392
2023-01-07,"A","SP",379
2023-01-08,"A","SP",390
2023-01-09,"A","SP",386
2023-01-10,"A","SP",388
2023-01-11,"A","SP",379
2023-01-12,"A","SP",382
2023-01-13,"A","SP",381
2023-01-14,"A","SP",376
2023-01-15,"A","SP",366
2023-01-16,"A","SP",368
2023-01-17,"A","SP",374
2023-01-18,"A","SP",377
2023-01-19,"A","SP",374
2023-01-20,"A","SP",371
2023-01-21,"A","SP",376
2023-01-22,"A","SP",387
2023-01-23,"A","SP",384
2023-01-24,"A","SP",396
2023-01-25,"A","SP",356
2023-01-26,"A","SP",375
2023-01-27,"A","SP",387
2023-01-28,"A","SP",386
2023-01-29,"A","SP",391
2023-01-30,"A","SP",396
2023-01-31,"A","SP",387
2023-02-01,"A","SP",390
2023-02-02,"A","SP",381
2023-02-03,"A","SP",391
2023-02-04,"A","SP",370
2023-02-05,"A","SP",365
2023-02-06,"A","SP",358
2023-02-07,"A","SP",365
2023-02-08,"A","SP",380
2023-02-09,"A","SP",370
2023-02-10,"A","SP",370
2023-02-11,"A","SP",383
2023-02-12,"A","SP",376
2023-02-13,"A","SP",367
2023-02-14,"A","SP",374
2023-02-15,"A","SP",376
2023-02-16,"A","SP",382
2023-02-17,"A","SP",379
2023-02-18,"A","SP",384
2023-02-19,"A","SP",401
2023-02-20,"A","SP",377
2023-02-21,"A","SP",372
2023-02-22,"A","SP",386
2023-02-23,"A","SP",379
2023-02-24,"A","SP",384
2023-02-25,"A","SP",389
2023-02-26,"A","SP",376
2023-02-27,"A","SP",379
2023-02-28,"A","SP",407
2023-03-01,"A","SP",384
2023-03-02,"A","SP",379
2023-03-03,"A","SP",385
2023-03-04,"A","SP",368
2023-03-05,"A","SP",392
2023-03-06,"A","SP",384
2023-03-07,"A","SP",384
2023-03-08,"A","SP",375
2023-03-09,"A","SP",368
2023-03-10,"A","SP",382
2023-03-11,"A","SP",381
2023-03-12,"A","SP",375
2023-03-13,"A","SP",373
2023-03-14,"A","SP",375
2023-03-15,"A","SP",365
2023-03-16,"A","SP",363
2023-03-17,"A","SP",377
2023-03-18,"A","SP",370
2023-03-19,"A","SP",376
2023-03-20,"A","SP",362
2023-03-21,"A","SP",367
2023-03-22,"A","SP",373
2023-03-23,"A","SP",369
2023-03-24,"A","SP",357
2023-03-25,"A","SP",368
2023-03-26,"A","SP",365
2023-03-27,"A","SP",377
2023-03-28,"A","SP",369
2023-03-29,"A","SP",360
2023-03-30,"A","SP",361
2023-03-31,"A","SP",359
2023-04-01,"A","SP",360
2023-04-02,"A","SP",365
2023-04-03,"A","SP",374
2023-04-04,"A","SP",359
2023-04-05,"A","SP",372
2023-04-06,"A","SP",350
2023-04-07,"A","SP",357
2023-04-08,"A","SP",360
2023-04-09,"A","SP",352
2023-04-10,"A","SP",369
2023-04-11,"A","SP",354
2023-04-12,"A","SP",344
2023-04-13,"A","SP",344
2023-04-14,"A","SP",349
2023-04-15,"A","SP",340
2023-04-16,"A","SP",343
2023-04-17,"A","SP",348
2023-04-18,"A","SP",353
2023-04-19,"A","SP",350
2023-04-20,"A","SP",362
2023-04-21,"A","SP",355
2023-04-22,"A","SP",359
2023-04-23,"A","SP",346
2023-04-24,"A","SP",356
2023-04-25,"A","SP",355
2023-04-26,"A","SP",360
2023-04-27,"A","SP",361
2023-04-28,"A","SP",358
2023-04-29,"A","SP",363
2023-04-30,"A","SP",351
2023-05-01,"A","SP",344
2023-05-02,"A","SP",362
2023-05-03,"A","SP",360
2023-05-04,"A","SP",362
2023-05-05,"A","SP",361
2023-05-06,"A","SP",358
2023-05-07,"A","SP",358
2023-05-08,"A","SP",353
2023-05-09,"A","SP",357
2023-05-10,"A","SP",348
2023-05-11,"A","SP",356
2023-05-12,"A","SP",362
2023-05-13,"A","SP",369
2023-05-14,"A","SP",344
2023-05-15,"A","SP",382
2023-05-16,"A","SP",378
2023-05-17,"A","SP",367
2023-05-18,"A","SP",365
2023-05-19,"A","SP",368
2023-05-20,"A","SP",377
2023-05-21,"A","SP",372
2023-05-22,"A","SP",380
2023-05-23,"A","SP",378
2023-05-24,"A","SP",379
2023-05-25,"A","SP",372
2023-05-26,"A","SP",389
2023-05-27,"A","SP",383
2023-05-28,"A","SP",384
2023-05-29,"A","SP",369
2023-05-30,"A","SP",379
2023-05-31,"A","SP",372
2023-06-01,"A","SP",381
2023-06-02,"A","SP",371
2023-06-03,"A","SP",373
2023-06-04,"A","SP",387
2023-06-05,"A","SP",367
2023-06-06,"A","SP",369
2023-06-07,"A","SP",376
2023-06-08,"A","SP",376
2023-06-09,"A","SP",375
2023-06-10,"A","SP",371
2023-06-11,"A","SP",384
2023-06-12,"A","SP",375
2023-06-13,"A","SP",369
2023-06-14,"A","SP",389
2023-06-15,"A","SP",371
2023-06-16,"A","SP",376
2023-06-17,"A","SP",374
2023-06-18,"A","SP",374
2023-06-19,"A","SP",384
2023-06-20,"A","SP",385
2023-06-21,"A","SP",379
2023-06-22,"A","SP",388
2023-06-23,"A","SP",381
2023-06-24,"A","SP",392
2023-06-25,"A","SP",378
2023-06-26,"A","SP",386
2023-06-27,"A","SP",393
2023-06-28,"A","SP",381
2023-06-29,"A","SP",399
2023-06-30,"A","SP",394
2023-07-01,"A","SP",385
2023-07-02,"A","SP",378
2023-07-03,"A","SP",388
2023-07-04,"A","SP",377
2023-07-05,"A","SP",375
2023-07-06,"A","SP",389
2023-07-07,"A","SP",384
2023-07-08,"A","SP",387
2023-07-09,"A","SP",380
2023-07-10,"A","SP",380
2023-07-11,"A","SP",386
2023-07-12,"A","SP",383
2023-07-13,"A","SP",379
2023-07-14,"A","SP",385
2023-07-15,"A","SP",373
2023-07-16,"A","SP",388
2023-07-17,"A","SP",383
2023-07-18,"A","SP",378
2023-07-19,"A","SP",374
2023-07-20,"A","SP",391
2023-07-21,"A","SP",381
2023-07-22,"A","SP",385
2023-07-23,"A","SP",386
2023-07-24,"A","SP",392
2023-07-25,"A","SP",389
2023-07-26,"A","SP",376
2023-07-27,"A","SP",376
2023-07-28,"A","SP",391
2023-07-29,"A","SP",382
2023-07-30,"A","SP",374
2023-07-31,"A","SP",397
2023-08-01,"A","SP",383
2023-08-02,"A","SP",384
2023-08-03,"A","SP",394
2023-08-04,"A","SP",382
2023-08-05,"A","SP",392
2023-08-06,"A","SP",400
2023-08-07,"A","SP",395
2023-08-08,"A","SP",379
2023-08-09,"A","SP",376
2023-08-10,"A","SP",381
2023-08-11,"A","SP",391
2023-08-12,"A","SP",362
2023-08-13,"A","SP",368
2023-08-14,"A","SP",369
2023-08-15,"A","SP",384
2023-08-16,"A","SP",373
2023-08-17,"A","SP",388
2023-08-18,"A","SP",375
2023-08-19,"A","SP",365
2023-08-20,"A","SP",383
2023-08-21,"A","SP",384
2023-08-22,"A","SP",385
2023-08-23,"A","SP",388
2023-08-24,"A","SP",404
2023-08-25,"A","SP",388
2023-08-26,"A","SP",399
2023-08-27,"A","SP",400
2023-08-28,"A","SP",391
2023-08-29,"A","SP",409
2023-08-30,"A","SP",394
2023-08-31,"A","SP",393
2023-09-01,"A","SP",389
2023-09-02,"A","SP",405
2023-09-03,"A","SP",406
2023-09-04,"A","SP",393
2023-09-05,"A","SP",404
2023-09-06,"A","SP",407
2023-09-07,"A","SP",403
2023-09-08,"A","SP",390
2023-09-09,"A","SP",396
2023-09-10,"A","SP",400
2023-09-11,"A","SP",399
2023-09-12,"A","SP",408
2023-09-13,"A","SP",415
2023-09-14,"A","SP",401
2023-09-15,"A","SP",405
2023-09-16,"A","SP",430
2023-09-17,"A","SP",427
2023-09-18,"A","SP",411
2023-09-19,"A","SP",405
2023-09-20,"A","SP",402
2023-09-21,"A","SP",435
2023-09-22,"A","SP",419
2023-09-23,"A","SP",411
2023-09-24,"A","SP",415
2023-09-25,"A","SP",403
2023-09-26,"A","SP",417
2023-09-27,"A","SP",431
2023-09-28,"A","SP",423
2023-09-29,"A","SP",433
2023-09-30,"A","SP",429
2023-10-01,"A","SP",437
2023-10-02,"A","SP",423
2023-10-03,"A","SP",432
2023-10-04,"A","SP",455
2023-10-05,"A","SP",445
2023-10-06,"A","SP",437
2023-10-07,"A","SP",436
2023-10-08,"A","SP",437
2023-10-09,"A","SP",455
2023-10-10,"A","SP",439
2023-10-11,"A","SP",444
2023-10-12,"A","SP",440
2023-10-13,"A","SP",440
2023-10-14,"A","SP",432
2023-10-15,"A","SP",438
2023-10-16,"A","SP",452
2023-10-17,"A","SP",447
2023-10-18,"A","SP",432
2023-10-19,"A","SP",445
2023-10-20,"A","SP",458
2023-10-21,"A","SP",454
2023-10-22,"A","SP",449
2023-10-23,"A","SP",450
2023-10-24,"A","SP",435
2023-10-25,"A","SP",435
2023-10-26,"A","SP",453
2023-10-27,"A","SP",454
2023-10-28,"A","SP",448
2023-10-29,"A","SP",445
2023-10-30,"A","SP",456
2023-10-31,"A","SP",453
2023-11-01,"A","SP",449
2023-11-02,"A","SP",452
2023-11-03,"A","SP",453
2023-11-04,"A","SP",456
2023-11-05,"A","SP",473
2023-11-06,"A","SP",461
2023-11-07,"A","SP",442
2023-11-08,"A","SP",450
2023-11-09,"A","SP",456
2023-11-10,"A","SP",458
2023-11-11,"A","SP",446
2023-11-12,"A","SP",467
2023-11-13,"A","SP",452
2023-11-14,"A","SP",466
2023-11-15,"A","SP",463
2023-11-16,"A","SP",462
2023-11-17,"A","SP",472
2023-11-18,"A","SP",460
2023-11-19,"A","SP",461
2023-11-20,"A","SP",470
2023-11-21,"A","SP",474
2023-11-22,"A","SP",486
2023-11-23,"A","SP",468
2023-11-24,"A","SP",476
2023-11-25,"A","SP",465
2023-11-26,"A","SP",472
2023-11-27,"A","SP",475
2023-11-28,"A","SP",471
2023-11-29,"A","SP",479
2023-11-30,"A","SP",468
2023-12-01,"A","SP",481
2023-12-02,"A","SP",473
2023-12-03,"A","SP",478
2023-12-04,"A","SP",478
2023-12-05,"A","SP",476
2023-12-06,"A","SP",478
2023-12-07,"A","SP",486
2023-12-08,"A","SP",485
2023-12-09,"A","SP",484
2023-12-10,"A","SP",480
2023-12-11,"A","SP",487
2023-12-12,"A","SP",492
2023-12-13,"A","SP",486
2023-12-14,"A","SP",496
2023-12-15,"A","SP",489
2023-12-16,"A","SP",487
2023-12-17,"A","SP",485
2023-12-18,"A","SP",476
2023-12-19,"A","SP",481
2023-12-20,"A","SP",480
2023-12-21,"A","SP",481
2023-12-22,"A","SP",488
2023-12-23,"A","SP",501
2023-12-24,"A","SP",504
2023-12-25,"A","SP",500
2023-12-26,"A","SP",494
2023-12-27,"A","SP",485
2023-12-28,"A","SP",502
2023-12-29,"A","SP",486
2023-12-30,"A","SP",486
2021-01-02,"B","SP",242
2021-01-03,"B","SP",244
2021-01-04,"B","SP",247
2021-01-05,"B","SP",245
2021-01-06,"B","SP",240
2021-01-07,"B","SP",245
2021-01-08,"B","SP",246
2021-01-09,"B","SP",240
2021-01-10,"B","SP",239
2021-01-11,"B","SP",243
2021-01-12,"B","SP",242
2021-01-13,"B","SP",242
2021-01-14,"B","SP",238
2021-01-15,"B","SP",239
2021-01-16,"B","SP",238
2021-01-17,"B","SP",241
2021-01-18,"B","SP",246
2021-01-19,"B","SP",239
2021-01-20,"B","SP",238
2021-01-21,"B","SP",239
2021-01-22,"B","SP",238
2021-01-23,"B","SP",242
2021-01-24,"B","SP",237
2021-01-25,"B","SP",234
2021-01-26,"B","SP",239
2021-01-27,"B","SP",236
2021-01-28,"B","SP",238
2021-01-29,"B","SP",241
2021-01-30,"B","SP",241
2021-01-31,"B","SP",237
2021-02-01,"B","SP",234
2021-02-02,"B","SP",236
2021-02-03,"B","SP",230
2021-02-04,"B","SP",231
2021-02-05,"B","SP",233
2021-02-06,"B","SP",234
2021-02-07,"B","SP",233
2021-02-08,"B","SP",234
2021-02-09,"B","SP",234
2021-02-10,"B","SP",234
2021-02-11,"B","SP",233
2021-02-12,"B","SP",238
2021-02-13,"B","SP",237
2021-02-14,"B","SP",236
2021-02-15,"B","SP",237
2021-02-16,"B","SP",230
2021-02-17,"B","SP",234
2021-02-18,"B","SP",235
2021-02-19,"B","SP",240
2021-02-20,"B","SP",234
2021-02-21,"B","SP",233
2021-02-22,"B","SP",234
2021-02-23,"B","SP",237
2021-02-24,"B","SP",234
2021-02-25,"B","SP",233
2021-02-26,"B","SP",231
2021-02-27,"B","SP",234
2021-02-28,"B","SP",233
2021-03-01,"B","SP",234
2021-03-02,"B","SP",234
2021-03-03,"B","SP",232
2021-03-04,"B","SP",233
2021-03-05,"B","SP",233
2021-03-06,"B","SP",233
2021-03-07,"B","SP",231
2021-03-08,"B","SP",231
2021-03-09,"B","SP",224
2021-03-10,"B","SP",226
2021-03-11,"B","SP",225
2021-03-12,"B","SP",220
2021-03-13,"B","SP",231
2021-03-14,"B","SP",226
2021-03-15,"B","SP",222
2021-03-16,"B","SP",223
2021-03-17,"B","SP",226
2021-03-18,"B","SP",222
2021-03-19,"B","SP",224
2021-03-20,"B","SP",221
2021-03-21,"B","SP",226
2021-03-22,"B","SP",222
2021-03-23,"B","SP",223
2021-03-24,"B","SP",222
2021-03-25,"B","SP",218
2021-03-26,"B","SP",218
2021-03-27,"B","SP",220
2021-03-28,"B","SP",220
2021-03-29,"B","SP",220
2021-03-30,"B","SP",222
2021-03-31,"B","SP",221
2021-04-01,"B","SP",221
2021-04-02,"B","SP",220
2021-04-03,"B","SP",223
2021-04-04,"B","SP",224
2021-04-05,"B","SP",220
2021-04-06,"B","SP",217
2021-04-07,"B","SP",215
2021-04-08,"B","SP",214
2021-04-09,"B","SP",214
2021-04-10,"B","SP",218
2021-04-11,"B","SP",213
2021-04-12,"B","SP",210
2021-04-13,"B","SP",209
2021-04-14,"B","SP",210
2021-04-15,"B","SP",211
2021-04-16,"B","SP",214
2021-04-17,"B","SP",212
2021-04-18,"B","SP",207
2021-04-19,"B","SP",213
2021-04-20,"B","SP",213
2021-04-21,"B","SP",216
2021-04-22,"B","SP",214
2021-04-23,"B","SP",215
2021-04-24,"B","SP",211
2021-04-25,"B","SP",212
2021-04-26,"B","SP",212
2021-04-27,"B","SP",210
2021-04-28,"B","SP",212
2021-04-29,"B","SP",213
2021-04-30,"B","SP",213
2021-05-01,"B","SP",207
2021-05-02,"B","SP",209
2021-05-03,"B","SP",209
2021-05-04,"B","SP",206
2021-05-05,"B","SP",215
2021-05-06,"B","SP",206
2021-05-07,"B","SP",209
2021-05-08,"B","SP",209
2021-05-09,"B","SP",204
2021-05-10,"B","SP",210
2021-05-11,"B","SP",209
2021-05-12,"B","SP",211
2021-05-13,"B","SP",210
2021-05-14,"B","SP",211
2021-05-15,"B","SP",214
2021-05-16,"B","SP",210
2021-05-17,"B","SP",211
2021-05-18,"B","SP",216
2021-05-19,"B","SP",210
2021-05-20,"B","SP",212
2021-05-21,"B","SP",211
2021-05-22,"B","SP",209
2021-05-23,"B","SP",210
2021-05-24,"B","SP",210
2021-05-25,"B","SP",209
2021-05-26,"B","SP",214
2021-05-27,"B","SP",211
2021-05-28,"B","SP",210
2021-05-29,"B","SP",211
2021-05-30,"B","SP",214
2021-05-31,"B","SP",203
2021-06-01,"B","SP",208
2021-06-02,"B","SP",204
2021-06-03,"B","SP",203
2021-06-04,"B","SP",205
2021-06-05,"B","SP",201
2021-06-06,"B","SP",203
2021-06-07,"B","SP",206
2021-06-08,"B","SP",205
2021-06-09,"B","SP",207
2021-06-10,"B","SP",204
2021-06-11,"B","SP",205
2021-06-12,"B","SP",205
2021-06-13,"B","SP",200
2021-06-14,"B","SP",199
2021-06-15,"B","SP",202
2021-06-16,"B","SP",199
2021-06-17,"B","SP",202
2021-06-18,"B","SP",203
2021-06-19,"B","SP",199
2021-06-20,"B","SP",203
2021-06-21,"B","SP",193
2021-06-22,"B","SP",195
2021-06-23,"B","SP",204
2021-06-24,"B","SP",203
2021-06-25,"B","SP",203
2021-06-26,"B","SP",199
2021-06-27,"B","SP",205
2021-06-28,"B","SP",206
2021-06-29,"B","SP",203
2021-06-30,"B","SP",204
2021-07-01,"B","SP",200
2021-07-02,"B","SP",197
2021-07-03,"B","SP",202
2021-07-04,"B","SP",201
2021-07-05,"B","SP",196
2021-07-06,"B","SP",198
2021-07-07,"B","SP",199
2021-07-08,"B","SP",200
2021-07-09,"B","SP",195
2021-07-10,"B","SP",194
2021-07-11,"B","SP",199
2021-07-12,"B","SP",192
2021-07-13,"B","SP",196
2021-07-14,"B","SP",197
2021-07-15,"B","SP",200
2021-07-16,"B","SP",197
2021-07-17,"B","SP",191
2021-07-18,"B","SP",191
2021-07-19,"B","SP",192
2021-07-20,"B","SP",187
2021-07-21,"B","SP",195
2021-07-22,"B","SP",192
2021-07-23,"B","SP",192
2021-07-24,"B","SP",187
2021-07-25,"B","SP",187
2021-07-26,"B","SP",196
2021-07-27,"B","SP",187
2021-07-28,"B","SP",186
2021-07-29,"B","SP",183
2021-07-30,"B","SP",185
2021-07-31,"B","SP",183
2021-08-01,"B","SP",187
2021-08-02,"B","SP",186
2021-08-03,"B","SP",192
2021-08-04,"B","SP",187
2021-08-05,"B","SP",183
2021-08-06,"B","SP",181
2021-08-07,"B","SP",183
2021-08-08,"B","SP",181
2021-08-09,"B","SP",178
2021-08-10,"B","SP",177
2021-08-11,"B","SP",177
2021-08-12,"B","SP",173
2021-08-13,"B","SP",177
2021-08-14,"B","SP",176
2021-08-15,"B","SP",174
2021-08-16,"B","SP",176
2021-08-17,"B","SP",174
2021-08-18,"B","SP",174
2021-08-19,"B","SP",172
2021-08-20,"B","SP",174
2021-08-21,"B","SP",174
2021-08-22,"B","SP",179
2021-08-23,"B","SP",180
2021-08-24,"B","SP",179
2021-08-25,"B","SP",179
2021-08-26,"B","SP",182
2021-08-27,"B","SP",172
2021-08-28,"B","SP",179
2021-08-29,"B","SP",178
2021-08-30,"B","SP",180
2021-08-31,"B","SP",179
2021-09-01,"B","SP",177
2021-09-02,"B","SP",175
2021-09-03,"B","SP",181
2021-09-04,"B","SP",181
2021-09-05,"B","SP",176
2021-09-06,"B","SP",176
2021-09-07,"B","SP",178
2021-09-08,"B","SP",177
2021-09-09,"B","SP",179
2021-09-10,"B","SP",180
2021-09-11,"B","SP",176
2021-09-12,"B","SP",183
2021-09-13,"B","SP",180
2021-09-14,"B","SP",182
2021-09-15,"B","SP",187
2021-09-16,"B","SP",184
2021-09-17,"B","SP",179
2021-09-18,"B","SP",181
2021-09-19,"B","SP",180
2021-09-20,"B","SP",181
2021-09-21,"B","SP",178
2021-09-22,"B","SP",180
2021-09-23,"B","SP",178
2021-09-24,"B","SP",176
2021-09-25,"B","SP",176
2021-09-26,"B","SP",178
2021-09-27,"B","SP",184
2021-09-28,"B","SP",186
2021-09-29,"B","SP",188
2021-09-30,"B","SP",185
2021-10-01,"B","SP",187
2021-10-02,"B","SP",187
2021-10-03,"B","SP",187
2021-10-04,"B","SP",189
2021-10-05,"B","SP",184
2021-10-06,"B","SP",181
2021-10-07,"B","SP",186
2021-10-08,"B","SP",186
2021-10-09,"B","SP",182
2021-10-10,"B","SP",182
2021-10-11,"B","SP",186
2021-10-12,"B","SP",185
2021-10-13,"B","SP",180
2021-10-14,"B","SP",181
2021-10-15,"B","SP",179
2021-10-16,"B","SP",177
2021-10-17,"B","SP",177
2021-10-18,"B","SP",177
2021-10-19,"B","SP",177
2021-10-20,"B","SP",181
2021-10-21,"B","SP",179
2021-10-22,"B","SP",179
2021-10-23,"B","SP",181
2021-10-24,"B","SP",179
2021-10-25,"B","SP",179
2021-10-26,"B","SP",179
2021-10-27,"B","SP",175
2021-10-28,"B","SP",177
2021-10-29,"B","SP",175
2021-10-30,"B","SP",170
2021-10-31,"B","SP",176
2021-11-01,"B","SP",176
2021-11-02,"B","SP",174
2021-11-03,"B","SP",175
2021-11-04,"B","SP",177
2021-11-05,"B","SP",179
2021-11-06,"B","SP",178
2021-11-07,"B","SP",173
2021-11-08,"B","SP",175
2021-11-09,"B","SP",180
2021-11-10,"B","SP",174
2021-11-11,"B","SP",176
2021-11-12,"B","SP",176
2021-11-13,"B","SP",178
2021-11-14,"B","SP",179
2021-11-15,"B","SP",174
2021-11-16,"B","SP",175
2021-11-17,"B","SP",175
2021-11-18,"B","SP",173
2021-11-19,"B","SP",178
2021-11-20,"B","SP",178
2021-11-21,"B","SP",176
2021-11-22,"B","SP",170
2021-11-23,"B","SP",170
2021-11-24,"B","SP",171
2021-11-25,"B","SP",171
2021-11-26,"B","SP",167
2021-11-27,"B","SP",173
2021-11-28,"B","SP",167
2021-11-29,"B","SP",169
2021-11-30,"B","SP",166
2021-12-01,"B","SP",168
2021-12-02,"B","SP",171
2021-12-03,"B","SP",168
2021-12-04,"B","SP",168
2021-12-05,"B","SP",166
2021-12-06,"B","SP",172
2021-12-07,"B","SP",171
2021-12-08,"B","SP",162
2021-12-09,"B","SP",171
2021-12-10,"B","SP",164
2021-12-11,"B","SP",170
2021-12-12,"B","SP",168
2021-12-13,"B","SP",166
2021-12-14,"B","SP",166
2021-12-15,"B","SP",164
2021-12-16,"B","SP",165
2021-12-17,"B","SP",157
2021-12-18,"B","SP",162
2021-12-19,"B","SP",162
2021-12-20,"B","SP",164
2021-12-21,"B","SP",169
2021-12-22,"B","SP",160
2021-12-23,"B","SP",164
2021-12-24,"B","SP",164
2021-12-25,"B","SP",166
2021-12-26,"B","SP",164
2021-12-27,"B","SP",161
2021-12-28,"B","SP",164
2021-12-29,"B","SP",160
2021-12-30,"B","SP",158
2022-01-02,"B","SP",155
2022-01-03,"B","SP",158
2022-01-04,"B","SP",157
2022-01-05,"B","SP",160
2022-01-06,"B","SP",163
2022-01-07,"B","SP",162
2022-01-08,"B","SP",160
2022-01-09,"B","SP",158
2022-01-10,"B","SP",162
2022-01-11,"B","SP",159
2022-01-12,"B","SP",156
2022-01-13,"B","SP",150
2022-01-14,"B","SP",149
2022-01-15,"B","SP",150
2022-01-16,"B","SP",153
2022-01-17,"B","SP",153
2022-01-18,"B","SP",155
2022-01-19,"B","SP",152
2022-01-20,"B","SP",154
2022-01-21,"B","SP",149
2022-01-22,"B","SP",153
2022-01-23,"B","SP",152
2022-01-24,"B","SP",147
2022-01-25,"B","SP",145
2022-01-26,"B","SP",147
2022-01-27,"B","SP",152
2022-01-28,"B","SP",146
2022-01-29,"B","SP",144
2022-01-30,"B","SP",146
2022-01-31,"B","SP",142
2022-02-01,"B","SP",147
2022-02-02,"B","SP",145
2022-02-03,"B","SP",138
2022-02-04,"B","SP",142
2022-02-05,"B","SP",137
2022-02-06,"B","SP",135
2022-02-07,"B","SP",135
2022-02-08,"B","SP",136
2022-02-09,"B","SP",129
2022-02-10,"B","SP",135
2022-02-11,"B","SP",137
2022-02-12,"B","SP",137
2022-02-13,"B","SP",138
2022-02-14,"B","SP",139
2022-02-15,"B","SP",135
2022-02-16,"B","SP",140
2022-02-17,"B","SP",139
2022-02-18,"B","SP",139
2022-02-19,"B","SP",132
2022-02-20,"B","SP",127
2022-02-21,"B","SP",131
2022-02-22,"B","SP",136
2022-02-23,"B","SP",133
2022-02-24,"B","SP",130
2022-02-25,"B","SP",134
2022-02-26,"B","SP",126
2022-02-27,"B","SP",131
2022-02-28,"B","SP",133
2022-03-01,"B","SP",128
2022-03-02,"B","SP",131
2022-03-03,"B","SP",128
2022-03-04,"B","SP",126
2022-03-05,"B","SP",122
2022-03-06,"B","SP",125
2022-03-07,"B","SP",122
2022-03-08,"B","SP",119
2022-03-09,"B","SP",117
2022-03-10,"B","SP",115
2022-03-11,"B","SP",114
2022-03-12,"B","SP",115
2022-03-13,"B","SP",118
2022-03-14,"B","SP",115
2022-03-15,"B","SP",111
2022-03-16,"B","SP",114
2022-03-17,"B","SP",109
2022-03-18,"B","SP",111
2022-03-19,"B","SP",107
2022-03-20,"B","SP",109
2022-03-21,"B","SP",108
2022-03-22,"B","SP",105
2022-03-23,"B","SP",108
2022-03-24,"B","SP",106
2022-03-25,"B","SP",103
2022-03-26,"B","SP",102
2022-03-27,"B","SP",102
2022-03-28,"B","SP",106
2022-03-29,"B","SP",103
2022-03-30,"B","SP",101
2022-03-31,"B","SP",97
2022-04-01,"B","SP",102
2022-04-02,"B","SP",101
2022-04-03,"B","SP",99
2022-04-04,"B","SP",99
2022-04-05,"B","SP",97
2022-04-06,"B","SP",97
2022-04-07,"B","SP",90
2022-04-08,"B","SP",91
2022-04-09,"B","SP",90
2022-04-10,"B","SP",87
2022-04-11,"B","SP",84
2022-04-12,"B","SP",83
2022-04-13,"B","SP",78
2022-04-14,"B","SP",85
2022-04-15,"B","SP",86
2022-04-16,"B","SP",78
2022-04-17,"B","SP",81
2022-04-18,"B","SP",78
2022-04-19,"B","SP",78
2022-04-20,"B","SP",82
2022-04-21,"B","SP",79
2022-04-22,"B","SP",80
2022-04-23,"B","SP",81
2022-04-24,"B","SP",82
2022-04-25,"B","SP",78
2022-04-26,"B","SP",79
2022-04-27,"B","SP",83
2022-04-28,"B","SP",78
2022-04-29,"B","SP",78
2022-04-30,"B","SP",77
2022-05-01,"B","SP",75
2022-05-02,"B","SP",74
2022-05-03,"B","SP",70
2022-05-04,"B","SP",72
2022-05-05,"B","SP",74
2022-05-06,"B","SP",74
2022-05-07,"B","SP",76
2022-05-08,"B","SP",71
2022-05-09,"B","SP",70
2022-05-10,"B","SP",76
2022-05-11,"B","SP",75
2022-05-12,"B","SP",74
2022-05-13,"B","SP",76
2022-05-14,"B","SP",76
2022-05-15,"B","SP",75
2022-05-16,"B","SP",72
2022-05-17,"B","SP",72
2022-05-18,"B","SP",73
2022-05-19,"B","SP",74
2022-05-20,"B","SP",73
2022-05-21,"B","SP",78
2022-05-22,"B","SP",73
2022-05-23,"B","SP",73
2022-05-24,"B","SP",68
2022-05-25,"B","SP",73
2022-05-26,"B","SP",76
2022-05-27,"B","SP",75
2022-05-28,"B","SP",70
2022-05-29,"B","SP",71
2022-05-30,"B","SP",70
2022-05-31,"B","SP",66
2022-06-01,"B","SP",69
2022-06-02,"B","SP",65
2022-06-03,"B","SP",65
2022-06-04,"B","SP",64
2022-06-05,"B","SP",63
2022-06-06,"B","SP",64
2022-06-07,"B","SP",61
2022-06-08,"B","SP",62
2022-06-09,"B","SP",64
2022-06-10,"B","SP",63
2022-06-11,"B","SP",63
2022-06-12,"B","SP",61
2022-06-13,"B","SP",55
2022-06-14,"B","SP",56
2022-06-15,"B","SP",62
2022-06-16,"B","SP",61
2022-06-17,"B","SP",63
2022-06-18,"B","SP",56
2022-06-19,"B","SP",61
2022-06-20,"B","SP",59
2022-06-21,"B","SP",55
2022-06-22,"B","SP",54
2022-06-23,"B","SP",59
2022-06-24,"B","SP",53
2022-06-25,"B","SP",57
2022-06-26,"B","SP",52
2022-06-27,"B","SP",56
2022-06-28,"B","SP",57
2022-06-29,"B","SP",56
2022-06-30,"B","SP",58
2022-07-01,"B","SP",52
2022-07-02,"B","SP",53
2022-07-03,"B","SP",56
2022-07-04,"B","SP",52
2022-07-05,"B","SP",45
2022-07-06,"B","SP",50
2022-07-07,"B","SP",51
2022-07-08,"B","SP",48
2022-07-09,"B","SP",43
2022-07-10,"B","SP",42
2022-07-11,"B","SP",45
2022-07-12,"B","SP",45
2022-07-13,"B","SP",42
2022-07-14,"B","SP",45
2022-07-15,"B","SP",44
2022-07-16,"B","SP",50
2022-07-17,"B","SP",40
2022-07-18,"B","SP",40
2022-07-19,"B","SP",44
2022-07-20,"B","SP",43
2022-07-21,"B","SP",41
2022-07-22,"B","SP",40
2022-07-23,"B","SP",37
2022-07-24,"B","SP",35
2022-07-25,"B","SP",34
2022-07-26,"B","SP",38
2022-07-27,"B","SP",28
2022-07-28,"B","SP",32
2022-07-29,"B","SP",33
2022-07-30,"B","SP",31
2022-07-31,"B","SP",34
2022-08-01,"B","SP",34
2022-08-02,"B","SP",32
2022-08-03,"B","SP",34
2022-08-04,"B","SP",33
2022-08-05,"B","SP",37
2022-08-06,"B","SP",38
2022-08-07,"B","SP",30
2022-08-08,"B","SP",29
2022-08-09,"B","SP",32
2022-08-10,"B","SP",24
2022-08-11,"B","SP",27
2022-08-12,"B","SP",23
2022-08-13,"B","SP",23
2022-08-14,"B","SP",23
2022-08-15,"B","SP",25
2022-08-16,"B","SP",23
2022-08-17,"B","SP",21
2022-08-18,"B","SP",24
2022-08-19,"B","SP",20
2022-08-20,"B","SP",20
2022-08-21,"B","SP",25
2022-08-22,"B","SP",28
2022-08-23,"B","SP",29
2022-08-24,"B","SP",30
2022-08-25,"B","SP",32
2022-08-26,"B","SP",28
2022-08-27,"B","SP",30
2022-08-28,"B","SP",29
2022-08-29,"B","SP",30
2022-08-30,"B","SP",31
2022-08-31,"B","SP",28
2022-09-01,"B","SP",30
2022-09-02,"B","SP",34
2022-09-03,"B","SP",34
2022-09-04,"B","SP",32
2022-09-05,"B","SP",26
2022-09-06,"B","SP",35
2022-09-07,"B","SP",37
2022-09-08,"B","SP",32
2022-09-09,"B","SP",33
2022-09-10,"B","SP",30
2022-09-11,"B","SP",33
2022-09-12,"B","SP",32
2022-09-13,"B","SP",36
2022-09-14,"B","SP",36
2022-09-15,"B","SP",37
2022-09-16,"B","SP",40
2022-09-17,"B","SP",37
2022-09-18,"B","SP",38
2022-09-19,"B","SP",35
2022-09-20,"B","SP",33
2022-09-21,"B","SP",35
2022-09-22,"B","SP",33
2022-09-23,"B","SP",31
2022-09-24,"B","SP",33
2022-09-25,"B","SP",32
2022-09-26,"B","SP",31
2022-09-27,"B","SP",39
2022-09-28,"B","SP",42
2022-09-29,"B","SP",38
2022-09-30,"B","SP",36
2022-10-01,"B","SP",41
2022-10-02,"B","SP",43
2022-10-03,"B","SP",38
2022-10-04,"B","SP",43
2022-10-05,"B","SP",42
2022-10-06,"B","SP",39
2022-10-07,"B","SP",43
2022-10-08,"B","SP",45
2022-10-09,"B","SP",40
2022-10-10,"B","SP",45
2022-10-11,"B","SP",38
2022-10-12,"B","SP",43
2022-10-13,"B","SP",38
2022-10-14,"B","SP",43
2022-10-15,"B","SP",40
2022-10-16,"B","SP",41
2022-10-17,"B","SP",43
2022-10-18,"B","SP",42
2022-10-19,"B","SP",39
2022-10-20,"B","SP",39
2022-10-21,"B","SP",42
2022-10-22,"B","SP",43
2022-10-23,"B","SP",39
2022-10-24,"B","SP",40
2022-10-25,"B","SP",38
2022-10-26,"B","SP",42
2022-10-27,"B","SP",40
2022-10-28,"B","SP",39
2022-10-29,"B","SP",39
2022-10-30,"B","SP",41
2022-10-31,"B","SP",34
2022-11-01,"B","SP",35
2022-11-02,"B","SP",44
2022-11-03,"B","SP",39
2022-11-04,"B","SP",48
2022-11-05,"B","SP",40
2022-11-06,"B","SP",43
2022-11-07,"B","SP",41
2022-11-08,"B","SP",41
2022-11-09,"B","SP",36
2022-11-10,"B","SP",37
2022-11-11,"B","SP",42
2022-11-12,"B","SP",42
2022-11-13,"B","SP",39
2022-11-14,"B","SP",42
2022-11-15,"B","SP",41
2022-11-16,"B","SP",43
2022-11-17,"B","SP",40
2022-11-18,"B","SP",39
2022-11-19,"B","SP",41
2022-11-20,"B","SP",41
2022-11-21,"B","SP",40
2022-11-22,"B","SP",41
2022-11-23,"B","SP",39
2022-11-24,"B","SP",41
2022-11-25,"B","SP",40
2022-11-26,"B","SP",40
2022-11-27,"B","SP",39
2022-11-28,"B","SP",44
2022-11-29,"B","SP",39
2022-11-30,"B","SP",41
2022-12-01,"B","SP",38
2022-12-02,"B","SP",38
2022-12-03,"B","SP",39
2022-12-04,"B","SP",33
2022-12-05,"B","SP",42
2022-12-06,"B","SP",31
2022-12-07,"B","SP",36
2022-12-08,"B","SP",35
2022-12-09,"B","SP",39
2022-12-10,"B","SP",47
2022-12-11,"B","SP",37
2022-12-12,"B","SP",41
2022-12-13,"B","SP",38
2022-12-14,"B","SP",44
2022-12-15,"B","SP",40
2022-12-16,"B","SP",44
2022-12-17,"B","SP",38
2022-12-18,"B","SP",35
2022-12-19,"B","SP",39
2022-12-20,"B","SP",39
2022-12-21,"B","SP",32
2022-12-22,"B","SP",39
2022-12-23,"B","SP",37
2022-12-24,"B","SP",38
2022-12-25,"B","SP",42
2022-12-26,"B","SP",37
2022-12-27,"B","SP",36
2022-12-28,"B","SP",40
2022-12-29,"B","SP",35
2022-12-30,"B","SP",34
2023-01-02,"B","SP",36
2023-01-03,"B","SP",41
2023-01-04,"B","SP",37
2023-01-05,"B","SP",45
2023-01-06,"B","SP",40
2023-01-07,"B","SP",37
2023-01-08,"B","SP",36
2023-01-09,"B","SP",38
2023-01-10,"B","SP",34
2023-01-11,"B","SP",42
2023-01-12,"B","SP",35
2023-01-13,"B","SP",35
2023-01-14,"B","SP",37
2023-01-15,"B","SP",33
2023-01-16,"B","SP",35
2023-01-17,"B","SP",32
2023-01-18,"B","SP",36
2023-01-19,"B","SP",35
2023-01-20,"B","SP",33
2023-01-21,"B","SP",36
2023-01-22,"B","SP",36
2023-01-23,"B","SP",34
2023-01-24,"B","SP",35
2023-01-25,"B","SP",31
2023-01-26,"B","SP",31
2023-01-27,"B","SP",34
2023-01-28,"B","SP",34
2023-01-29,"B","SP",32
2023-01-30,"B","SP",31
2023-01-31,"B","SP",35
2023-02-01,"B","SP",37
2023-02-02,"B","SP",32
2023-02-03,"B","SP",32
2023-02-04,"B","SP",30
2023-02-05,"B","SP",26
2023-02-06,"B","SP",30
2023-02-07,"B","SP",27
2023-02-08,"B","SP",27
2023-02-09,"B","SP",27
2023-02-10,"B","SP",24
2023-02-11,"B","SP",27
2023-02-12,"B","SP",31
2023-02-13,"B","SP",28
2023-02-14,"B","SP",34
2023-02-15,"B","SP",31
2023-02-16,"B","SP",30
2023-02-17,"B","SP",34
2023-02-18,"B","SP",32
2023-02-19,"B","SP",36
2023-02-20,"B","SP",28
2023-02-21,"B","SP",35
2023-02-22,"B","SP",32
2023-02-23,"B","SP",34
2023-02-24,"B","SP",32
2023-02-25,"B","SP",34
2023-02-26,"B","SP",30
2023-02-27,"B","SP",35
2023-02-28,"B","SP",32
2023-03-01,"B","SP",36
2023-03-02,"B","SP",32
2023-03-03,"B","SP",31
2023-03-04,"B","SP",30
2023-03-05,"B","SP",36
2023-03-06,"B","SP",34
2023-03-07,"B","SP",29
2023-03-08,"B","SP",32
2023-03-09,"B","SP",29
2023-03-10,"B","SP",25
2023-03-11,"B","SP",27
2023-03-12,"B","SP",23
2023-03-13,"B","SP",22
2023-03-14,"B","SP",29
2023-03-15,"B","SP",25
2023-03-16,"B","SP",27
2023-03-17,"B","SP",26
2023-03-18,"B","SP",24
2023-03-19,"B","SP",26
2023-03-20,"B","SP",24
2023-03-21,"B","SP",25
2023-03-22,"B","SP",26
2023-03-23,"B","SP",23
2023-03-24,"B","SP",22
2023-03-25,"B","SP",25
2023-03-26,"B","SP",24
2023-03-27,"B","SP",22
2023-03-28,"B","SP",23
2023-03-29,"B","SP",21
2023-03-30,"B","SP",29
2023-03-31,"B","SP",23
2023-04-01,"B","SP",25
2023-04-02,"B","SP",21
2023-04-03,"B","SP",24
2023-04-04,"B","SP",28
2023-04-05,"B","SP",19
2023-04-06,"B","SP",14
2023-04-07,"B","SP",16
2023-04-08,"B","SP",16
2023-04-09,"B","SP",14
2023-04-10,"B","SP",14
2023-04-11,"B","SP",11
2023-04-12,"B","SP",13
2023-04-13,"B","SP",15
2023-04-14,"B","SP",12
2023-04-15,"B","SP",12
2023-04-16,"B","SP",10
2023-04-17,"B","SP",12
2023-04-18,"B","SP",12
2023-04-19,"B","SP",14
2023-04-20,"B","SP",12
2023-04-21,"B","SP",20
2023-04-22,"B","SP",15
2023-04-23,"B","SP",16
2023-04-24,"B","SP",16
2023-04-25,"B","SP",14
2023-04-26,"B","SP",16
2023-04-27,"B","SP",14
2023-04-28,"B","SP",17
2023-04-29,"B","SP",14
2023-04-30,"B","SP",17
2023-05-01,"B","SP",10
2023-05-02,"B","SP",15
2023-05-03,"B","SP",17
2023-05-04,"B","SP",13
2023-05-05,"B","SP",18
2023-05-06,"B","SP",13
2023-05-07,"B","SP",17
2023-05-08,"B","SP",16
2023-05-09,"B","SP",13
2023-05-10,"B","SP",14
2023-05-11,"B","SP",12
2023-05-12,"B","SP",16
2023-05-13,"B","SP",16
2023-05-14,"B","SP",20
2023-05-15,"B","SP",20
2023-05-16,"B","SP",18
2023-05-17,"B","SP",17
2023-05-18,"B","SP",17
2023-05-19,"B","SP",22
2023-05-20,"B","SP",19
2023-05-21,"B","SP",21
2023-05-22,"B","SP",23
2023-05-23,"B","SP",18
2023-05-24,"B","SP",15
2023-05-25,"B","SP",20
2023-05-26,"B","SP",23
2023-05-27,"B","SP",23
2023-05-28,"B","SP",24
2023-05-29,"B","SP",19
2023-05-30,"B","SP",24
2023-05-31,"B","SP",17
2023-06-01,"B","SP",18
2023-06-02,"B","SP",17
2023-06-03,"B","SP",17
2023-06-04,"B","SP",18
2023-06-05,"B","SP",16
2023-06-06,"B","SP",16
2023-06-07,"B","SP",20
2023-06-08,"B","SP",21
2023-06-09,"B","SP",20
2023-06-10,"B","SP",14
2023-06-11,"B","SP",18
2023-06-12,"B","SP",17
2023-06-13,"B","SP",15
2023-06-14,"B","SP",16
2023-06-15,"B","SP",14
2023-06-16,"B","SP",17
2023-06-17,"B","SP",19
2023-06-18,"B","SP",18
2023-06-19,"B","SP",15
2023-06-20,"B","SP",19
2023-06-21,"B","SP",13
2023-06-22,"B","SP",19
2023-06-23,"B","SP",19
2023-06-24,"B","SP",17
2023-06-25,"B","SP",16
2023-06-26,"B","SP",22
2023-06-27,"B","SP",19
2023-06-28,"B","SP",22
2023-06-29,"B","SP",24
2023-06-30,"B","SP",24
2023-07-01,"B","SP",21
2023-07-02,"B","SP",16
2023-07-03,"B","SP",20
2023-07-04,"B","SP",16
2023-07-05,"B","SP",17
2023-07-06,"B","SP",19
2023-07-07,"B","SP",22
2023-07-08,"B","SP",21
2023-07-09,"B","SP",16
2023-07-10,"B","SP",17
2023-07-11,"B","SP",19
2023-07-12,"B","SP",17
2023-07-13,"B","SP",20
2023-07-14,"B","SP",22
2023-07-15,"B","SP",21
2023-07-16,"B","SP",16
2023-07-17,"B","SP",17
2023-07-18,"B","SP",14
2023-07-19,"B","SP",16
2023-07-20,"B","SP",18
2023-07-21,"B","SP",20
2023-07-22,"B","SP",16
2023-07-23,"B","SP",16
2023-07-24,"B","SP",14
2023-07-25,"B","SP",15
2023-07-26,"B","SP",19
2023-07-27,"B","SP",11
2023-07-28,"B","SP",14
2023-07-29,"B","SP",17
2023-07-30,"B","SP",13
2023-07-31,"B","SP",19
2023-08-01,"B","SP",16
2023-08-02,"B","SP",13
2023-08-03,"B","SP",19
2023-08-04,"B","SP",21
2023-08-05,"B","SP",22
2023-08-06,"B","SP",17
2023-08-07,"B","SP",21
2023-08-08,"B","SP",11
2023-08-09,"B","SP",12
2023-08-10,"B","SP",15
2023-08-11,"B","SP",14
2023-08-12,"B","SP",14
2023-08-13,"B","SP",12
2023-08-14,"B","SP",13
2023-08-15,"B","SP",12
2023-08-16,"B","SP",10
2023-08-17,"B","SP",12
2023-08-18,"B","SP",13
2023-08-19,"B","SP",13
2023-08-20,"B","SP",10
2023-08-21,"B","SP",12
2023-08-22,"B","SP",16
2023-08-23,"B","SP",22
2023-08-24,"B","SP",21
2023-08-25,"B","SP",17
2023-08-26,"B","SP",21
2023-08-27,"B","SP",19
2023-08-28,"B","SP",23
2023-08-29,"B","SP",22
2023-08-30,"B","SP",19
2023-08-31,"B","SP",20
2023-09-01,"B","SP",15
2023-09-02,"B","SP",20
2023-09-03,"B","SP",18
2023-09-04,"B","SP",20
2023-09-05,"B","SP",19
2023-09-06,"B","SP",23
2023-09-07,"B","SP",22
2023-09-08,"B","SP",19
2023-09-09,"B","SP",24
2023-09-10,"B","SP",21
2023-09-11,"B","SP",25
2023-09-12,"B","SP",21
2023-09-13,"B","SP",28
2023-09-14,"B","SP",26
2023-09-15,"B","SP",29
2023-09-16,"B","SP",29
2023-09-17,"B","SP",26
2023-09-18,"B","SP",27
2023-09-19,"B","SP",24
2023-09-20,"B","SP",25
2023-09-21,"B","SP",30
2023-09-22,"B","SP",26
2023-09-23,"B","SP",27
2023-09-24,"B","SP",24
2023-09-25,"B","SP",26
2023-09-26,"B","SP",30
2023-09-27,"B","SP",32
2023-09-28,"B","SP",26
2023-09-29,"B","SP",27
2023-09-30,"B","SP",27
2023-10-01,"B","SP",35
2023-10-02,"B","SP",33
2023-10-03,"B","SP",36
2023-10-04,"B","SP",35
2023-10-05,"B","SP",32
2023-10-06,"B","SP",32
2023-10-07,"B","SP",35
2023-10-08,"B","SP",31
2023-10-09,"B","SP",32
2023-10-10,"B","SP",29
2023-10-11,"B","SP",31
2023-10-12,"B","SP",35
2023-10-13,"B","SP",35
2023-10-14,"B","SP",31
2023-10-15,"B","SP",30
2023-10-16,"B","SP",31
2023-10-17,"B","SP",35
2023-10-18,"B","SP",24
2023-10-19,"B","SP",30
2023-10-20,"B","SP",30
2023-10-21,"B","SP",31
2023-10-22,"B","SP",37
2023-10-23,"B","SP",30
2023-10-24,"B","SP",29
2023-10-25,"B","SP",31
2023-10-26,"B","SP",32
2023-10-27,"B","SP",33
2023-10-28,"B","SP",29
2023-10-29,"B","SP",34
2023-10-30,"B","SP",32
2023-10-31,"B","SP",29
2023-11-01,"B","SP",36
2023-11-02,"B","SP",37
2023-11-03,"B","SP",35
2023-11-04,"B","SP",38
2023-11-05,"B","SP",37
2023-11-06,"B","SP",35
2023-11-07,"B","SP",36
2023-11-08,"B","SP",33
2023-11-09,"B","SP",33
2023-11-10,"B","SP",37
2023-11-11,"B","SP",34
2023-11-12,"B","SP",33
2023-11-13,"B","SP",37
2023-11-14,"B","SP",35
2023-11-15,"B","SP",37
2023-11-16,"B","SP",34
2023-11-17,"B","SP",37
2023-11-18,"B","SP",38
2023-11-19,"B","SP",38
2023-11-20,"B","SP",37
2023-11-21,"B","SP",35
2023-11-22,"B","SP",41
2023-11-23,"B","SP",37
2023-11-24,"B","SP",37
2023-11-25,"B","SP",35
2023-11-26,"B","SP",37
2023-11-27,"B","SP",37
2023-11-28,"B","SP",39
2023-11-29,"B","SP",39
2023-11-30,"B","SP",33
2023-12-01,"B","SP",41
2023-12-02,"B","SP",40
2023-12-03,"B","SP",36
2023-12-04,"B","SP",38
2023-12-05,"B","SP",34
2023-12-06,"B","SP",36
2023-12-07,"B","SP",37
2023-12-08,"B","SP",39
2023-12-09,"B","SP",37
2023-12-10,"B","SP",41
2023-12-11,"B","SP",36
2023-12-12,"B","SP",37
2023-12-13,"B","SP",34
2023-12-14,"B","SP",39
2023-12-15,"B","SP",37
2023-12-16,"B","SP",39
2023-12-17,"B","SP",39
2023-12-18,"B","SP",35
2023-12-19,"B","SP",38
2023-12-20,"B","SP",41
2023-12-21,"B","SP",39
2023-12-22,"B","SP",40
2023-12-23,"B","SP",42
2023-12-24,"B","SP",38
2023-12-25,"B","SP",42
2023-12-26,"B","SP",37
2023-12-27,"B","SP",40
2023-12-28,"B","SP",44
2023-12-29,"B","SP",37
2023-12-30,"B","SP",38
2021-01-02,"C","SP",1015
2021-01-03,"C","SP",1021
2021-01-04,"C","SP",1012
2021-01-05,"C","SP",1019
2021-01-06,"C","SP",1009
2021-01-07,"C","SP",1019
2021-01-08,"C","SP",995
2021-01-09,"C","SP",998
2021-01-10,"C","SP",1016
2021-01-11,"C","SP",1013
2021-01-12,"C","SP",997
2021-01-13,"C","SP",998
2021-01-14,"C","SP",991
2021-01-15,"C","SP",979
2021-01-16,"C","SP",999
2021-01-17,"C","SP",1015
2021-01-18,"C","SP",1010
2021-01-19,"C","SP",999
2021-01-20,"C","SP",1003
2021-01-21,"C","SP",1004
2021-01-22,"C","SP",984
2021-01-23,"C","SP",979
2021-01-24,"C","SP",995
2021-01-25,"C","SP",989
2021-01-26,"C","SP",979
2021-01-27,"C","SP",968
2021-01-28,"C","SP",994
2021-01-29,"C","SP",1002
2021-01-30,"C","SP",981
2021-01-31,"C","SP",997
2021-02-01,"C","SP",986
2021-02-02,"C","SP",990
2021-02-03,"C","SP",994
2021-02-04,"C","SP",965
2021-02-05,"C","SP",961
2021-02-06,"C","SP",958
2021-02-07,"C","SP",961
2021-02-08,"C","SP",967
2021-02-09,"C","SP",976
2021-02-10,"C","SP",970
2021-02-11,"C","SP",983
2021-02-12,"C","SP",996
2021-02-13,"C","SP",984
2021-02-14,"C","SP",987
2021-02-15,"C","SP",995
2021-02-16,"C","SP",1013
2021-02-17,"C","SP",996
2021-02-18,"C","SP",1001
2021-02-19,"C","SP",976
2021-02-20,"C","SP",964
2021-02-21,"C","SP",953
2021-02-22,"C","SP",969
2021-02-23,"C","SP",987
2021-02-24,"C","SP",981
2021-02-25,"C","SP",960
2021-02-26,"C","SP",987
2021-02-27,"C","SP",984
2021-02-28,"C","SP",976
2021-03-01,"C","SP",962
2021-03-02,"C","SP",950
2021-03-03,"C","SP",963
2021-03-04,"C","SP",933
2021-03-05,"C","SP",947
2021-03-06,"C","SP",938
2021-03-07,"C","SP",939
2021-03-08,"C","SP",936
2021-03-09,"C","SP",914
2021-03-10,"C","SP",916
2021-03-11,"C","SP",921
2021-03-12,"C","SP",923
2021-03-13,"C","SP",929
2021-03-14,"C","SP",919
2021-03-15,"C","SP",922
2021-03-16,"C","SP",917
2021-03-17,"C","SP",917
2021-03-18,"C","SP",909
2021-03-19,"C","SP",918
2021-03-20,"C","SP",917
2021-03-21,"C","SP",906
2021-03-22,"C","SP",919
2021-03-23,"C","SP",920
2021-03-24,"C","SP",900
2021-03-25,"C","SP",897
2021-03-26,"C","SP",888
2021-03-27,"C","SP",883
2021-03-28,"C","SP",883
2021-03-29,"C","SP",917
2021-03-30,"C","SP",896
2021-03-31,"C","SP",898
2021-04-01,"C","SP",888
2021-04-02,"C","SP",887
2021-04-03,"C","SP",878
2021-04-04,"C","SP",905
2021-04-05,"C","SP",893
2021-04-06,"C","SP",890
2021-04-07,"C","SP",884
2021-04-08,"C","SP",835
2021-04-09,"C","SP",855
2021-04-10,"C","SP",843
2021-04-11,"C","SP",818
2021-04-12,"C","SP",843
2021-04-13,"C","SP",842
2021-04-14,"C","SP",840
2021-04-15,"C","SP",847
2021-04-16,"C","SP",828
2021-04-17,"C","SP",838
2021-04-18,"C","SP",842
2021-04-19,"C","SP",828
2021-04-20,"C","SP",875
2021-04-21,"C","SP",855
2021-04-22,"C","SP",842
2021-04-23,"C","SP",852
2021-04-24,"C","SP",845
2021-04-25,"C","SP",841
2021-04-26,"C","SP",835
2021-04-27,"C","SP",851
2021-04-28,"C","SP",839
2021-04-29,"C","SP",861
2021-04-30,"C","SP",850
2021-05-01,"C","SP",836
2021-05-02,"C","SP",835
2021-05-03,"C","SP",860
2021-05-04,"C","SP",825
2021-05-05,"C","SP",870
2021-05-06,"C","SP",831
2021-05-07,"C","SP",842
2021-05-08,"C","SP",813
2021-05-09,"C","SP",859
2021-05-10,"C","SP",855
2021-05-11,"C","SP",841
2021-05-12,"C","SP",854
2021-05-13,"C","SP",882
2021-05-14,"C","SP",876
2021-05-15,"C","SP",861
2021-05-16,"C","SP",874
2021-05-17,"C","SP",867
2021-05-18,"C","SP",883
2021-05-19,"C","SP",881
2021-05-20,"C","SP",888
2021-05-21,"C","SP",894
2021-05-22,"C","SP",892
2021-05-23,"C","SP",895
2021-05-24,"C","SP",905
2021-05-25,"C","SP",864
2021-05-26,"C","SP",901
2021-05-27,"C","SP",912
2021-05-28,"C","SP",887
2021-05-29,"C","SP",857
2021-05-30,"C","SP",874
2021-05-31,"C","SP",877
2021-06-01,"C","SP",889
2021-06-02,"C","SP",863
2021-06-03,"C","SP",873
2021-06-04,"C","SP",863
2021-06-05,"C","SP",863
2021-06-06,"C","SP",865
2021-06-07,"C","SP",882
2021-06-08,"C","SP",871
2021-06-09,"C","SP",865
2021-06-10,"C","SP",840
2021-06-11,"C","SP",859
2021-06-12,"C","SP",849
2021-06-13,"C","SP",838
2021-06-14,"C","SP",851
2021-06-15,"C","SP",839
2021-06-16,"C","SP",845
2021-06-17,"C","SP",850
2021-06-18,"C","SP",866
2021-06-19,"C","SP",883
2021-06-20,"C","SP",867
2021-06-21,"C","SP",859
2021-06-22,"C","SP",890
2021-06-23,"C","SP",876
2021-06-24,"C","SP",888
2021-06-25,"C","SP",874
2021-06-26,"C","SP",886
2021-06-27,"C","SP",887
2021-06-28,"C","SP",890
2021-06-29,"C","SP",893
2021-06-30,"C","SP",889
2021-07-01,"C","SP",871
2021-07-02,"C","SP",851
2021-07-03,"C","SP",870
2021-07-04,"C","SP",866
2021-07-05,"C","SP",858
2021-07-06,"C","SP",878
2021-07-07,"C","SP",883
2021-07-08,"C","SP",857
2021-07-09,"C","SP",854
2021-07-10,"C","SP",865
2021-07-11,"C","SP",862
2021-07-12,"C","SP",854
2021-07-13,"C","SP",870
2021-07-14,"C","SP",878
2021-07-15,"C","SP",877
2021-07-16,"C","SP",880
2021-07-17,"C","SP",867
2021-07-18,"C","SP",858
2021-07-19,"C","SP",888
2021-07-20,"C","SP",867
2021-07-21,"C","SP",891
2021-07-22,"C","SP",849
2021-07-23,"C","SP",867
2021-07-24,"C","SP",852
2021-07-25,"C","SP",865
2021-07-26,"C","SP",856
2021-07-27,"C","SP",853
2021-07-28,"C","SP",845
2021-07-29,"C","SP",869
2021-07-30,"C","SP",844
2021-07-31,"C","SP",852
2021-08-01,"C","SP",883
2021-08-02,"C","SP",871
2021-08-03,"C","SP",870
2021-08-04,"C","SP",893
2021-08-05,"C","SP",874
2021-08-06,"C","SP",872
2021-08-07,"C","SP",879
2021-08-08,"C","SP",888
2021-08-09,"C","SP",876
2021-08-10,"C","SP",866
2021-08-11,"C","SP",857
2021-08-12,"C","SP",847
2021-08-13,"C","SP",864
2021-08-14,"C","SP",849
2021-08-15,"C","SP",851
2021-08-16,"C","SP",851
2021-08-17,"C","SP",852
2021-08-18,"C","SP",852
2021-08-19,"C","SP",851
2021-08-20,"C","SP",838
2021-08-21,"C","SP",864
2021-08-22,"C","SP",857
2021-08-23,"C","SP",895
2021-08-24,"C","SP",892
2021-08-25,"C","SP",881
2021-08-26,"C","SP",873
2021-08-27,"C","SP",870
2021-08-28,"C","SP",907
2021-08-29,"C","SP",908
2021-08-30,"C","SP",886
2021-08-31,"C","SP",901
2021-09-01,"C","SP",886
2021-09-02,"C","SP",913
2021-09-03,"C","SP",911
2021-09-04,"C","SP",908
2021-09-05,"C","SP",893
2021-09-06,"C","SP",926
2021-09-07,"C","SP",906
2021-09-08,"C","SP",928
2021-09-09,"C","SP",896
2021-09-10,"C","SP",910
2021-09-11,"C","SP",931
2021-09-12,"C","SP",914
2021-09-13,"C","SP",960
2021-09-14,"C","SP",959
2021-09-15,"C","SP",939
2021-09-16,"C","SP",948
2021-09-17,"C","SP",946
2021-09-18,"C","SP",948
2021-09-19,"C","SP",956
2021-09-20,"C","SP",948
2021-09-21,"C","SP",951
2021-09-22,"C","SP",957
2021-09-23,"C","SP",936
2021-09-24,"C","SP",937
2021-09-25,"C","SP",925
2021-09-26,"C","SP",963
2021-09-27,"C","SP",965
2021-09-28,"C","SP",968
2021-09-29,"C","SP",964
2021-09-30,"C","SP",971
2021-10-01,"C","SP",985
2021-10-02,"C","SP",974
2021-10-03,"C","SP",996
2021-10-04,"C","SP",1011
2021-10-05,"C","SP",978
2021-10-06,"C","SP",987
2021-10-07,"C","SP",988
2021-10-08,"C","SP",1007
2021-10-09,"C","SP",986
2021-10-10,"C","SP",962
2021-10-11,"C","SP",968
2021-10-12,"C","SP",972
2021-10-13,"C","SP",972
2021-10-14,"C","SP",979
2021-10-15,"C","SP",971
2021-10-16,"C","SP",960
2021-10-17,"C","SP",976
2021-10-18,"C","SP",981
2021-10-19,"C","SP",984
2021-10-20,"C","SP",973
2021-10-21,"C","SP",990
2021-10-22,"C","SP",989
2021-10-23,"C","SP",961
2021-10-24,"C","SP",958
2021-10-25,"C","SP",952
2021-10-26,"C","SP",968
2021-10-27,"C","SP",987
2021-10-28,"C","SP",970
2021-10-29,"C","SP",952
2021-10-30,"C","SP",969
2021-10-31,"C","SP",978
2021-11-01,"C","SP",956
2021-11-02,"C","SP",981
2021-11-03,"C","SP",966
2021-11-04,"C","SP",987
2021-11-05,"C","SP",978
2021-11-06,"C","SP",994
2021-11-07,"C","SP",980
2021-11-08,"C","SP",989
2021-11-09,"C","SP",989
2021-11-10,"C","SP",961
2021-11-11,"C","SP",982
2021-11-12,"C","SP",974
2021-11-13,"C","SP",1003
2021-11-14,"C","SP",980
2021-11-15,"C","SP",980
2021-11-16,"C","SP",975
2021-11-17,"C","SP",982
2021-11-18,"C","SP",1002
2021-11-19,"C","SP",973
2021-11-20,"C","SP",1010
2021-11-21,"C","SP",1001
2021-11-22,"C","SP",1000
2021-11-23,"C","SP",994
2021-11-24,"C","SP",1004
2021-11-25,"C","SP",981
2021-11-26,"C","SP",1003
2021-11-27,"C","SP",996
2021-11-28,"C","SP",999
2021-11-29,"C","SP",995
2021-11-30,"C","SP",977
2021-12-01,"C","SP",992
2021-12-02,"C","SP",993
2021-12-03,"C","SP",999
2021-12-04,"C","SP",1012
2021-12-05,"C","SP",1006
2021-12-06,"C","SP",977
2021-12-07,"C","SP",1028
2021-12-08,"C","SP",993
2021-12-09,"C","SP",975
2021-12-10,"C","SP",1023
2021-12-11,"C","SP",1019
2021-12-12,"C","SP",1017
2021-12-13,"C","SP",1013
2021-12-14,"C","SP",1027
2021-12-15,"C","SP",1007
2021-12-16,"C","SP",1027
2021-12-17,"C","SP",998
2021-12-18,"C","SP",1008
2021-12-19,"C","SP",1019
2021-12-20,"C","SP",1019
2021-12-21,"C","SP",1000
2021-12-22,"C","SP",1015
2021-12-23,"C","SP",1014
2021-12-24,"C","SP",1032
2021-12-25,"C","SP",1010
2021-12-26,"C","SP",1015
2021-12-27,"C","SP",1021
2021-12-28,"C","SP",1020
2021-12-29,"C","SP",1028
2021-12-30,"C","SP",1014
2022-01-02,"C","SP",1017
2022-01-03,"C","SP",1018
2022-01-04,"C","SP",1020
2022-01-05,"C","SP",994
2022-01-06,"C","SP",1016
2022-01-07,"C","SP",1034
2022-01-08,"C","SP",1018
2022-01-09,"C","SP",1006
2022-01-10,"C","SP",1011
2022-01-11,"C","SP",1008
2022-01-12,"C","SP",1042
2022-01-13,"C","SP",1041
2022-01-14,"C","SP",1031
2022-01-15,"C","SP",1009
2022-01-16,"C","SP",1019
2022-01-17,"C","SP",1023
2022-01-18,"C","SP",1033
2022-01-19,"C","SP",1007
2022-01-20,"C","SP",991
2022-01-21,"C","SP",1043
2022-01-22,"C","SP",985
2022-01-23,"C","SP",1028
2022-01-24,"C","SP",983
2022-01-25,"C","SP",1011
2022-01-26,"C","SP",1026
2022-01-27,"C","SP",1002
2022-01-28,"C","SP",1045
2022-01-29,"C","SP",986
2022-01-30,"C","SP",996
2022-01-31,"C","SP",1013
2022-02-01,"C","SP",987
2022-02-02,"C","SP",1002
2022-02-03,"C","SP",1000
2022-02-04,"C","SP",987
2022-02-05,"C","SP",956
2022-02-06,"C","SP",971
2022-02-07,"C","SP",987
2022-02-08,"C","SP",984
2022-02-09,"C","SP",975
2022-02-10,"C","SP",982
2022-02-11,"C","SP",1008
2022-02-12,"C","SP",988
2022-02-13,"C","SP",1016
2022-02-14,"C","SP",994
2022-02-15,"C","SP",998
2022-02-16,"C","SP",981
2022-02-17,"C","SP",1015
2022-02-18,"C","SP",1020
2022-02-19,"C","SP",1007
2022-02-20,"C","SP",968
2022-02-21,"C","SP",976
2022-02-22,"C","SP",1017
2022-02-23,"C","SP",981
2022-02-24,"C","SP",952
2022-02-25,"C","SP",957
2022-02-26,"C","SP",963
2022-02-27,"C","SP",997
2022-02-28,"C","SP",930
2022-03-01,"C","SP",970
2022-03-02,"C","SP",968
2022-03-03,"C","SP",954
2022-03-04,"C","SP",975
2022-03-05,"C","SP",959
2022-03-06,"C","SP",938
2022-03-07,"C","SP",958
2022-03-08,"C","SP",958
2022-03-09,"C","SP",910
2022-03-10,"C","SP",955
2022-03-11,"C","SP",906
2022-03-12,"C","SP",936
2022-03-13,"C","SP",953
2022-03-14,"C","SP",927
2022-03-15,"C","SP",899
2022-03-16,"C","SP",928
2022-03-17,"C","SP",904
2022-03-18,"C","SP",943
2022-03-19,"C","SP",928
2022-03-20,"C","SP",921
2022-03-21,"C","SP",909
2022-03-22,"C","SP",922
2022-03-23,"C","SP",947
2022-03-24,"C","SP",927
2022-03-25,"C","SP",893
2022-03-26,"C","SP",885
2022-03-27,"C","SP",868
2022-03-28,"C","SP",884
2022-03-29,"C","SP",893
2022-03-30,"C","SP",902
2022-03-31,"C","SP",919
2022-04-01,"C","SP",894
2022-04-02,"C","SP",929
2022-04-03,"C","SP",893
2022-04-04,"C","SP",921
2022-04-05,"C","SP",927
2022-04-06,"C","SP",905
2022-04-07,"C","SP",872
2022-04-08,"C","SP",851
2022-04-09,"C","SP",842
2022-04-10,"C","SP",870
2022-04-11,"C","SP",863
2022-04-12,"C","SP",848
2022-04-13,"C","SP",836
2022-04-14,"C","SP",837
2022-04-15,"C","SP",845
2022-04-16,"C","SP",839
2022-04-17,"C","SP",859
2022-04-18,"C","SP",852
2022-04-19,"C","SP",844
2022-04-20,"C","SP",865
2022-04-21,"C","SP",879
2022-04-22,"C","SP",860
2022-04-23,"C","SP",868
2022-04-24,"C","SP",851
2022-04-25,"C","SP",881
2022-04-26,"C","SP",839
2022-04-27,"C","SP",851
2022-04-28,"C","SP",877
2022-04-29,"C","SP",861
2022-04-30,"C","SP",812
2022-05-01,"C","SP",844
2022-05-02,"C","SP",821
2022-05-03,"C","SP",863
2022-05-04,"C","SP",825
2022-05-05,"C","SP",843
2022-05-06,"C","SP",824
2022-05-07,"C","SP",855
2022-05-08,"C","SP",832
2022-05-09,"C","SP",827
2022-05-10,"C","SP",860
2022-05-11,"C","SP",831
2022-05-12,"C","SP",860
2022-05-13,"C","SP",859
2022-05-14,"C","SP",864
2022-05-15,"C","SP",898
2022-05-16,"C","SP",871
2022-05-17,"C","SP",878
2022-05-18,"C","SP",843
2022-05-19,"C","SP",870
2022-05-20,"C","SP",869
2022-05-21,"C","SP",871
2022-05-22,"C","SP",873
2022-05-23,"C","SP",894
2022-05-24,"C","SP",852
2022-05-25,"C","SP",855
2022-05-26,"C","SP",877
2022-05-27,"C","SP",872
2022-05-28,"C","SP",862
2022-05-29,"C","SP",852
2022-05-30,"C","SP",881
2022-05-31,"C","SP",873
2022-06-01,"C","SP",852
2022-06-02,"C","SP",860
2022-06-03,"C","SP",857
2022-06-04,"C","SP",822
2022-06-05,"C","SP",864
2022-06-06,"C","SP",834
2022-06-07,"C","SP",844
2022-06-08,"C","SP",839
2022-06-09,"C","SP",827
2022-06-10,"C","SP",843
2022-06-11,"C","SP",816
2022-06-12,"C","SP",837
2022-06-13,"C","SP",801
2022-06-14,"C","SP",845
2022-06-15,"C","SP",821
2022-06-16,"C","SP",802
2022-06-17,"C","SP",826
2022-06-18,"C","SP",830
2022-06-19,"C","SP",840
2022-06-20,"C","SP",881
2022-06-21,"C","SP",808
2022-06-22,"C","SP",847
2022-06-23,"C","SP",840
2022-06-24,"C","SP",867
2022-06-25,"C","SP",835
2022-06-26,"C","SP",842
2022-06-27,"C","SP",840
2022-06-28,"C","SP",843
2022-06-29,"C","SP",842
2022-06-30,"C","SP",847
2022-07-01,"C","SP",868
2022-07-02,"C","SP",821
2022-07-03,"C","SP",844
2022-07-04,"C","SP",807
2022-07-05,"C","SP",848
2022-07-06,"C","SP",881
2022-07-07,"C","SP",825
2022-07-08,"C","SP",805
2022-07-09,"C","SP",801
2022-07-10,"C","SP",785
2022-07-11,"C","SP",819
2022-07-12,"C","SP",858
2022-07-13,"C","SP",825
2022-07-14,"C","SP",851
2022-07-15,"C","SP",849
2022-07-16,"C","SP",827
2022-07-17,"C","SP",844
2022-07-18,"C","SP",791
2022-07-19,"C","SP",838
2022-07-20,"C","SP",836
2022-07-21,"C","SP",863
2022-07-22,"C","SP",818
2022-07-23,"C","SP",811
2022-07-24,"C","SP",822
2022-07-25,"C","SP",807
2022-07-26,"C","SP",821
2022-07-27,"C","SP",821
2022-07-28,"C","SP",815
2022-07-29,"C","SP",817
2022-07-30,"C","SP",785
2022-07-31,"C","SP",770
2022-08-01,"C","SP",804
2022-08-02,"C","SP",783
2022-08-03,"C","SP",810
2022-08-04,"C","SP",844
2022-08-05,"C","SP",827
2022-08-06,"C","SP",804
2022-08-07,"C","SP",807
2022-08-08,"C","SP",790
2022-08-09,"C","SP",796
2022-08-10,"C","SP",800
2022-08-11,"C","SP",815
2022-08-12,"C","SP",759
2022-08-13,"C","SP",796
2022-08-14,"C","SP",775
2022-08-15,"C","SP",776
2022-08-16,"C","SP",757
2022-08-17,"C","SP",727
2022-08-18,"C","SP",753
2022-08-19,"C","SP",740
2022-08-20,"C","SP",790
2022-08-21,"C","SP",804
2022-08-22,"C","SP",774
2022-08-23,"C","SP",807
2022-08-24,"C","SP",816
2022-08-25,"C","SP",792
2022-08-26,"C","SP",826
2022-08-27,"C","SP",766
2022-08-28,"C","SP",811
2022-08-29,"C","SP",824
2022-08-30,"C","SP",815
2022-08-31,"C","SP",772
2022-09-01,"C","SP",797
2022-09-02,"C","SP",795
2022-09-03,"C","SP",769
2022-09-04,"C","SP",816
2022-09-05,"C","SP",775
2022-09-06,"C","SP",829
2022-09-07,"C","SP",805
2022-09-08,"C","SP",801
2022-09-09,"C","SP",814
2022-09-10,"C","SP",770
2022-09-11,"C","SP",814
2022-09-12,"C","SP",844
2022-09-13,"C","SP",846
2022-09-14,"C","SP",846
2022-09-15,"C","SP",822
2022-09-16,"C","SP",836
2022-09-17,"C","SP",863
2022-09-18,"C","SP",812
2022-09-19,"C","SP",857
2022-09-20,"C","SP",847
2022-09-21,"C","SP",836
2022-09-22,"C","SP",834
2022-09-23,"C","SP",833
2022-09-24,"C","SP",827
2022-09-25,"C","SP",797
2022-09-26,"C","SP",835
2022-09-27,"C","SP",846
2022-09-28,"C","SP",840
2022-09-29,"C","SP",868
2022-09-30,"C","SP",861
2022-10-01,"C","SP",861
2022-10-02,"C","SP",864
2022-10-03,"C","SP",890
2022-10-04,"C","SP",860
2022-10-05,"C","SP",861
2022-10-06,"C","SP",855
2022-10-07,"C","SP",862
2022-10-08,"C","SP",870
2022-10-09,"C","SP",857
2022-10-10,"C","SP",827
2022-10-11,"C","SP",870
2022-10-12,"C","SP",855
2022-10-13,"C","SP",858
2022-10-14,"C","SP",861
2022-10-15,"C","SP",856
2022-10-16,"C","SP",843
2022-10-17,"C","SP",872
2022-10-18,"C","SP",865
2022-10-19,"C","SP",865
2022-10-20,"C","SP",891
2022-10-21,"C","SP",854
2022-10-22,"C","SP",899
2022-10-23,"C","SP",864
2022-10-24,"C","SP",900
2022-10-25,"C","SP",868
2022-10-26,"C","SP",876
2022-10-27,"C","SP",884
2022-10-28,"C","SP",883
2022-10-29,"C","SP",867
2022-10-30,"C","SP",845
2022-10-31,"C","SP",845
2022-11-01,"C","SP",885
2022-11-02,"C","SP",873
2022-11-03,"C","SP",865
2022-11-04,"C","SP",893
2022-11-05,"C","SP",886
2022-11-06,"C","SP",895
2022-11-07,"C","SP",878
2022-11-08,"C","SP",882
2022-11-09,"C","SP",894
2022-11-10,"C","SP",896
2022-11-11,"C","SP",902
2022-11-12,"C","SP",900
2022-11-13,"C","SP",897
2022-11-14,"C","SP",903
2022-11-15,"C","SP",920
2022-11-16,"C","SP",894
2022-11-17,"C","SP",878
2022-11-18,"C","SP",920
2022-11-19,"C","SP",885
2022-11-20,"C","SP",917
2022-11-21,"C","SP",919
2022-11-22,"C","SP",902
2022-11-23,"C","SP",890
2022-11-24,"C","SP",911
2022-11-25,"C","SP",908
2022-11-26,"C","SP",938
2022-11-27,"C","SP",910
2022-11-28,"C","SP",937
2022-11-29,"C","SP",920
2022-11-30,"C","SP",892
2022-12-01,"C","SP",907
2022-12-02,"C","SP",937
2022-12-03,"C","SP",895
2022-12-04,"C","SP",907
2022-12-05,"C","SP",890
2022-12-06,"C","SP",906
2022-12-07,"C","SP",912
2022-12-08,"C","SP",905
2022-12-09,"C","SP",940
2022-12-10,"C","SP",932
2022-12-11,"C","SP",909
2022-12-12,"C","SP",919
2022-12-13,"C","SP",946
2022-12-14,"C","SP",955
2022-12-15,"C","SP",917
2022-12-16,"C","SP",912
2022-12-17,"C","SP",908
2022-12-18,"C","SP",897
2022-12-19,"C","SP",901
2022-12-20,"C","SP",934
2022-12-21,"C","SP",932
2022-12-22,"C","SP",933
2022-12-23,"C","SP",905
2022-12-24,"C","SP",935
2022-12-25,"C","SP",945
2022-12-26,"C","SP",960
2022-12-27,"C","SP",952
2022-12-28,"C","SP",917
2022-12-29,"C","SP",945
2022-12-30,"C","SP",941
2023-01-02,"C","SP",939
2023-01-03,"C","SP",936
2023-01-04,"C","SP",928
2023-01-05,"C","SP",910
2023-01-06,"C","SP",928
2023-01-07,"C","SP",946
2023-01-08,"C","SP",939
2023-01-09,"C","SP",940
2023-01-10,"C","SP",961
2023-01-11,"C","SP",946
2023-01-12,"C","SP",962
2023-01-13,"C","SP",957
2023-01-14,"C","SP",943
2023-01-15,"C","SP",954
2023-01-16,"C","SP",918
2023-01-17,"C","SP",952
2023-01-18,"C","SP",980
2023-01-19,"C","SP",939
2023-01-20,"C","SP",927
2023-01-21,"C","SP",973
2023-01-22,"C","SP",906
2023-01-23,"C","SP",937
2023-01-24,"C","SP",902
2023-01-25,"C","SP",933
2023-01-26,"C","SP",955
2023-01-27,"C","SP",923
2023-01-28,"C","SP",971
2023-01-29,"C","SP",927
2023-01-30,"C","SP",940
2023-01-31,"C","SP",928
2023-02-01,"C","SP",932
2023-02-02,"C","SP",935
2023-02-03,"C","SP",936
2023-02-04,"C","SP",898
2023-02-05,"C","SP",901
2023-02-06,"C","SP",955
2023-02-07,"C","SP",917
2023-02-08,"C","SP",934
2023-02-09,"C","SP",960
2023-02-10,"C","SP",929
2023-02-11,"C","SP",909
2023-02-12,"C","SP",946
2023-02-13,"C","SP",939
2023-02-14,"C","SP",951
2023-02-15,"C","SP",951
2023-02-16,"C","SP",927
2023-02-17,"C","SP",947
2023-02-18,"C","SP",974
2023-02-19,"C","SP",963
2023-02-20,"C","SP",919
2023-02-21,"C","SP",922
2023-02-22,"C","SP",958
2023-02-23,"C","SP",908
2023-02-24,"C","SP",922
2023-02-25,"C","SP",887
2023-02-26,"C","SP",956
2023-02-27,"C","SP",921
2023-02-28,"C","SP",889
2023-03-01,"C","SP",915
2023-03-02,"C","SP",955
2023-03-03,"C","SP",935
2023-03-04,"C","SP",943
2023-03-05,"C","SP",917
2023-03-06,"C","SP",911
2023-03-07,"C","SP",921
2023-03-08,"C","SP",911
2023-03-09,"C","SP",883
2023-03-10,"C","SP",920
2023-03-11,"C","SP",874
2023-03-12,"C","SP",883
2023-03-13,"C","SP",903
2023-03-14,"C","SP",877
2023-03-15,"C","SP",846
2023-03-16,"C","SP",861
2023-03-17,"C","SP",900
2023-03-18,"C","SP",904
2023-03-19,"C","SP",901
2023-03-20,"C","SP",902
2023-03-21,"C","SP",859
2023-03-22,"C","SP",854
2023-03-23,"C","SP",900
2023-03-24,"C","SP",873
2023-03-25,"C","SP",830
2023-03-26,"C","SP",858
2023-03-27,"C","SP",822
2023-03-28,"C","SP",850
2023-03-29,"C","SP",872
2023-03-30,"C","SP",857
2023-03-31,"C","SP",871
2023-04-01,"C","SP",837
2023-04-02,"C","SP",872
2023-04-03,"C","SP",856
2023-04-04,"C","SP",879
2023-04-05,"C","SP",877
2023-04-06,"C","SP",854
2023-04-07,"C","SP",865
2023-04-08,"C","SP",803
2023-04-09,"C","SP",817
2023-04-10,"C","SP",839
2023-04-11,"C","SP",825
2023-04-12,"C","SP",815
2023-04-13,"C","SP",792
2023-04-14,"C","SP",788
2023-04-15,"C","SP",811
2023-04-16,"C","SP",791
2023-04-17,"C","SP",830
2023-04-18,"C","SP",816
2023-04-19,"C","SP",812
2023-04-20,"C","SP",850
2023-04-21,"C","SP",837
2023-04-22,"C","SP",816
2023-04-23,"C","SP",847
2023-04-24,"C","SP",817
2023-04-25,"C","SP",824
2023-04-26,"C","SP",798
2023-04-27,"C","SP",826
2023-04-28,"C","SP",832
2023-04-29,"C","SP",823
2023-04-30,"C","SP",803
2023-05-01,"C","SP",834
2023-05-02,"C","SP",814
2023-05-03,"C","SP",819
2023-05-04,"C","SP",806
2023-05-05,"C","SP",807
2023-05-06,"C","SP",791
2023-05-07,"C","SP",858
2023-05-08,"C","SP",808
2023-05-09,"C","SP",810
2023-05-10,"C","SP",815
2023-05-11,"C","SP",776
2023-05-12,"C","SP",843
2023-05-13,"C","SP",826
2023-05-14,"C","SP",867
2023-05-15,"C","SP",846
2023-05-16,"C","SP",819
2023-05-17,"C","SP",853
2023-05-18,"C","SP",823
2023-05-19,"C","SP",831
2023-05-20,"C","SP",840
2023-05-21,"C","SP",886
2023-05-22,"C","SP",833
2023-05-23,"C","SP",824
2023-05-24,"C","SP",837
2023-05-25,"C","SP",836
2023-05-26,"C","SP",870
2023-05-27,"C","SP",860
2023-05-28,"C","SP",848
2023-05-29,"C","SP",843
2023-05-30,"C","SP",842
2023-05-31,"C","SP",879
2023-06-01,"C","SP",850
2023-06-02,"C","SP",863
2023-06-03,"C","SP",842
2023-06-04,"C","SP",824
2023-06-05,"C","SP",859
2023-06-06,"C","SP",826
2023-06-07,"C","SP",829
2023-06-08,"C","SP",876
2023-06-09,"C","SP",845
2023-06-10,"C","SP",849
2023-06-11,"C","SP",833
2023-06-12,"C","SP",851
2023-06-13,"C","SP",810
2023-06-14,"C","SP",845
2023-06-15,"C","SP",853
2023-06-16,"C","SP",806
2023-06-17,"C","SP",832
2023-06-18,"C","SP",851
2023-06-19,"C","SP",862
2023-06-20,"C","SP",887
2023-06-21,"C","SP",858
2023-06-22,"C","SP",842
2023-06-23,"C","SP",859
2023-06-24,"C","SP",861
2023-06-25,"C","SP",849
2023-06-26,"C","SP",840
2023-06-27,"C","SP",830
2023-06-28,"C","SP",853
2023-06-29,"C","SP",879
2023-06-30,"C","SP",883
2023-07-01,"C","SP",884
2023-07-02,"C","SP",855
2023-07-03,"C","SP",841
2023-07-04,"C","SP",807
2023-07-05,"C","SP",891
2023-07-06,"C","SP",880
2023-07-07,"C","SP",851
2023-07-08,"C","SP",814
2023-07-09,"C","SP",825
2023-07-10,"C","SP",793
2023-07-11,"C","SP",873
2023-07-12,"C","SP",843
2023-07-13,"C","SP",871
2023-07-14,"C","SP",917
2023-07-15,"C","SP",868
2023-07-16,"C","SP",845
2023-07-17,"C","SP",845
2023-07-18,"C","SP",841
2023-07-19,"C","SP",864
2023-07-20,"C","SP",849
2023-07-21,"C","SP",884
2023-07-22,"C","SP",844
2023-07-23,"C","SP",843
2023-07-24,"C","SP",862
2023-07-25,"C","SP",813
2023-07-26,"C","SP",835
2023-07-27,"C","SP",831
2023-07-28,"C","SP",840
2023-07-29,"C","SP",854
2023-07-30,"C","SP",809
2023-07-31,"C","SP",807
2023-08-01,"C","SP",835
2023-08-02,"C","SP",822
2023-08-03,"C","SP",829
2023-08-04,"C","SP",879
2023-08-05,"C","SP",851
2023-08-06,"C","SP",830
2023-08-07,"C","SP",857
2023-08-08,"C","SP",840
2023-08-09,"C","SP",861
2023-08-10,"C","SP",834
2023-08-11,"C","SP",846
2023-08-12,"C","SP",822
2023-08-13,"C","SP",822
2023-08-14,"C","SP",850
2023-08-15,"C","SP",851
2023-08-16,"C","SP",820
2023-08-17,"C","SP",784
2023-08-18,"C","SP",834
2023-08-19,"C","SP",808
2023-08-20,"C","SP",855
2023-08-21,"C","SP",853
2023-08-22,"C","SP",849
2023-08-23,"C","SP",871
2023-08-24,"C","SP",893
2023-08-25,"C","SP",862
2023-08-26,"C","SP",905
2023-08-27,"C","SP",850
2023-08-28,"C","SP",882
2023-08-29,"C","SP",855
2023-08-30,"C","SP",872
2023-08-31,"C","SP",832
2023-09-01,"C","SP",805
2023-09-02,"C","SP",884
2023-09-03,"C","SP",846
2023-09-04,"C","SP",865
2023-09-05,"C","SP",847
2023-09-06,"C","SP",925
2023-09-07,"C","SP",889
2023-09-08,"C","SP",896
2023-09-09,"C","SP",855
2023-09-10,"C","SP",833
2023-09-11,"C","SP",899
2023-09-12,"C","SP",927
2023-09-13,"C","SP",901
2023-09-14,"C","SP",912
2023-09-15,"C","SP",914
2023-09-16,"C","SP",922
2023-09-17,"C","SP",914
2023-09-18,"C","SP",882
2023-09-19,"C","SP",948
2023-09-20,"C","SP",946
2023-09-21,"C","SP",913
2023-09-22,"C","SP",888
2023-09-23,"C","SP",921
2023-09-24,"C","SP",905
2023-09-25,"C","SP",913
2023-09-26,"C","SP",895
2023-09-27,"C","SP",885
2023-09-28,"C","SP",950
2023-09-29,"C","SP",905
2023-09-30,"C","SP",922
2023-10-01,"C","SP",935
2023-10-02,"C","SP",912
2023-10-03,"C","SP",981
2023-10-04,"C","SP",934
2023-10-05,"C","SP",934
2023-10-06,"C","SP",951
2023-10-07,"C","SP",953
2023-10-08,"C","SP",958
2023-10-09,"C","SP",929
2023-10-10,"C","SP",923
2023-10-11,"C","SP",943
2023-10-12,"C","SP",904
2023-10-13,"C","SP",934
2023-10-14,"C","SP",937
2023-10-15,"C","SP",935
2023-10-16,"C","SP",945
2023-10-17,"C","SP",974
2023-10-18,"C","SP",950
2023-10-19,"C","SP",948
2023-10-20,"C","SP",962
2023-10-21,"C","SP",900
2023-10-22,"C","SP",970
2023-10-23,"C","SP",964
2023-10-24,"C","SP",948
2023-10-25,"C","SP",919
2023-10-26,"C","SP",932
2023-10-27,"C","SP",934
2023-10-28,"C","SP",957
2023-10-29,"C","SP",896
2023-10-30,"C","SP",920
2023-10-31,"C","SP",903
2023-11-01,"C","SP",908
2023-11-02,"C","SP",909
2023-11-03,"C","SP",945
2023-11-04,"C","SP",939
2023-11-05,"C","SP",905
2023-11-06,"C","SP",946
2023-11-07,"C","SP",950
2023-11-08,"C","SP",961
2023-11-09,"C","SP",957
2023-11-10,"C","SP",954
2023-11-11,"C","SP",960
2023-11-12,"C","SP",939
2023-11-13,"C","SP",930
2023-11-14,"C","SP",983
2023-11-15,"C","SP",967
2023-11-16,"C","SP",952
2023-11-17,"C","SP",934
2023-11-18,"C","SP",992
2023-11-19,"C","SP",935
2023-11-20,"C","SP",979
2023-11-21,"C","SP",957
2023-11-22,"C","SP",955
2023-11-23,"C","SP",976
2023-11-24,"C","SP",954
2023-11-25,"C","SP",970
2023-11-26,"C","SP",964
2023-11-27,"C","SP",957
2023-11-28,"C","SP",1007
2023-11-29,"C","SP",971
2023-11-30,"C","SP",931
2023-12-01,"C","SP",955
2023-12-02,"C","SP",979
2023-12-03,"C","SP",950
2023-12-04,"C","SP",944
2023-12-05,"C","SP",921
2023-12-06,"C","SP",960
2023-12-07,"C","SP",955
2023-12-08,"C","SP",968
2023-12-09,"C","SP",971
2023-12-10,"C","SP",985
2023-12-11,"C","SP",932
2023-12-12,"C","SP",978
2023-12-13,"C","SP",1013
2023-12-14,"C","SP",1014
2023-12-15,"C","SP",949
2023-12-16,"C","SP",989
2023-12-17,"C","SP",966
2023-12-18,"C","SP",917
2023-12-19,"C","SP",938
2023-12-20,"C","SP",1008
2023-12-21,"C","SP",959
2023-12-22,"C","SP",1000
2023-12-23,"C","SP",960
2023-12-24,"C","SP",1011
2023-12-25,"C","SP",971
2023-12-26,"C","SP",988
2023-12-27,"C","SP",961
2023-12-28,"C","SP",1022
2023-12-29,"C","SP",981
2023-12-30,"C","SP",996
2021-01-02,"D","SP",441
2021-01-03,"D","SP",454
2021-01-04,"D","SP",459
2021-01-05,"D","SP",459
2021-01-06,"D","SP",462
2021-01-07,"D","SP",456
2021-01-08,"D","SP",447
2021-01-09,"D","SP",452
2021-01-10,"D","SP",447
2021-01-11,"D","SP",457
2021-01-12,"D","SP",448
2021-01-13,"D","SP",440
2021-01-14,"D","SP",441
2021-01-15,"D","SP",434
2021-01-16,"D","SP",442
2021-01-17,"D","SP",456
2021-01-18,"D","SP",456
2021-01-19,"D","SP",431
2021-01-20,"D","SP",453
2021-01-21,"D","SP",444
2021-01-22,"D","SP",432
2021-01-23,"D","SP",442
2021-01-24,"D","SP",436
2021-01-25,"D","SP",435
2021-01-26,"D","SP",427
2021-01-27,"D","SP",437
2021-01-28,"D","SP",454
2021-01-29,"D","SP",446
2021-01-30,"D","SP",441
2021-01-31,"D","SP",442
2021-02-01,"D","SP",436
2021-02-02,"D","SP",423
2021-02-03,"D","SP",423
2021-02-04,"D","SP",426
2021-02-05,"D","SP",420
2021-02-06,"D","SP",406
2021-02-07,"D","SP",418
2021-02-08,"D","SP",423
2021-02-09,"D","SP",427
2021-02-10,"D","SP",424
2021-02-11,"D","SP",432
2021-02-12,"D","SP",433
2021-02-13,"D","SP",428
2021-02-14,"D","SP",432
2021-02-15,"D","SP",437
2021-02-16,"D","SP",439
2021-02-17,"D","SP",445
2021-02-18,"D","SP",445
2021-02-19,"D","SP",439
2021-02-20,"D","SP",428
2021-02-21,"D","SP",426
2021-02-22,"D","SP",434
2021-02-23,"D","SP",421
2021-02-24,"D","SP",425
2021-02-25,"D","SP",427
2021-02-26,"D","SP",427
2021-02-27,"D","SP",439
2021-02-28,"D","SP",438
2021-03-01,"D","SP",432
2021-03-02,"D","SP",435
2021-03-03,"D","SP",433
2021-03-04,"D","SP",418
2021-03-05,"D","SP",424
2021-03-06,"D","SP",434
2021-03-07,"D","SP",428
2021-03-08,"D","SP",405
2021-03-09,"D","SP",409
2021-03-10,"D","SP",399
2021-03-11,"D","SP",392
2021-03-12,"D","SP",395
2021-03-13,"D","SP",397
2021-03-14,"D","SP",398
2021-03-15,"D","SP",395
2021-03-16,"D","SP",396
2021-03-17,"D","SP",392
2021-03-18,"D","SP",404
2021-03-19,"D","SP",391
2021-03-20,"D","SP",375
2021-03-21,"D","SP",381
2021-03-22,"D","SP",385
2021-03-23,"D","SP",389
2021-03-24,"D","SP",391
2021-03-25,"D","SP",378
2021-03-26,"D","SP",374
2021-03-27,"D","SP",370
2021-03-28,"D","SP",376
2021-03-29,"D","SP",369
2021-03-30,"D","SP",372
2021-03-31,"D","SP",372
2021-04-01,"D","SP",363
2021-04-02,"D","SP",375
2021-04-03,"D","SP",368
2021-04-04,"D","SP",375
2021-04-05,"D","SP",363
2021-04-06,"D","SP",351
2021-04-07,"D","SP",351
2021-04-08,"D","SP",352
2021-04-09,"D","SP",346
2021-04-10,"D","SP",333
2021-04-11,"D","SP",333
2021-04-12,"D","SP",335
2021-04-13,"D","SP",322
2021-04-14,"D","SP",331
2021-04-15,"D","SP",312
2021-04-16,"D","SP",320
2021-04-17,"D","SP",314
2021-04-18,"D","SP",325
2021-04-19,"D","SP",332
2021-04-20,"D","SP",335
2021-04-21,"D","SP",337
2021-04-22,"D","SP",349
2021-04-23,"D","SP",342
2021-04-24,"D","SP",336
2021-04-25,"D","SP",334
2021-04-26,"D","SP",334
2021-04-27,"D","SP",327
2021-04-28,"D","SP",335
2021-04-29,"D","SP",339
2021-04-30,"D","SP",329
2021-05-01,"D","SP",317
2021-05-02,"D","SP",330
2021-05-03,"D","SP",345
2021-05-04,"D","SP",335
2021-05-05,"D","SP",336
2021-05-06,"D","SP",330
2021-05-07,"D","SP",340
2021-05-08,"D","SP",344
2021-05-09,"D","SP",336
2021-05-10,"D","SP",337
2021-05-11,"D","SP",345
2021-05-12,"D","SP",347
2021-05-13,"D","SP",359
2021-05-14,"D","SP",354
2021-05-15,"D","SP",361
2021-05-16,"D","SP",359
2021-05-17,"D","SP",345
2021-05-18,"D","SP",356
2021-05-19,"D","SP",370
2021-05-20,"D","SP",362
2021-05-21,"D","SP",374
2021-05-22,"D","SP",371
2021-05-23,"D","SP",361
2021-05-24,"D","SP",359
2021-05-25,"D","SP",367
2021-05-26,"D","SP",382
2021-05-27,"D","SP",378
2021-05-28,"D","SP",363
2021-05-29,"D","SP",359
2021-05-30,"D","SP",361
2021-05-31,"D","SP",367
2021-06-01,"D","SP",354
2021-06-02,"D","SP",349
2021-06-03,"D","SP",356
2021-06-04,"D","SP",352
2021-06-05,"D","SP",347
2021-06-06,"D","SP",351
2021-06-07,"D","SP",346
2021-06-08,"D","SP",350
2021-06-09,"D","SP",364
2021-06-10,"D","SP",358
2021-06-11,"D","SP",355
2021-06-12,"D","SP",351
2021-06-13,"D","SP",344
2021-06-14,"D","SP",345
2021-06-15,"D","SP",331
2021-06-16,"D","SP",341
2021-06-17,"D","SP",348
2021-06-18,"D","SP",367
2021-06-19,"D","SP",358
2021-06-20,"D","SP",353
2021-06-21,"D","SP",344
2021-06-22,"D","SP",353
2021-06-23,"D","SP",353
2021-06-24,"D","SP",353
2021-06-25,"D","SP",365
2021-06-26,"D","SP",356
2021-06-27,"D","SP",356
2021-06-28,"D","SP",368
2021-06-29,"D","SP",373
2021-06-30,"D","SP",371
2021-07-01,"D","SP",360
2021-07-02,"D","SP",360
2021-07-03,"D","SP",367
2021-07-04,"D","SP",356
2021-07-05,"D","SP",361
2021-07-06,"D","SP",369
2021-07-07,"D","SP",359
2021-07-08,"D","SP",348
2021-07-09,"D","SP",351
2021-07-10,"D","SP",346
2021-07-11,"D","SP",339
2021-07-12,"D","SP",371
2021-07-13,"D","SP",357
2021-07-14,"D","SP",351
2021-07-15,"D","SP",360
2021-07-16,"D","SP",353
2021-07-17,"D","SP",340
2021-07-18,"D","SP",345
2021-07-19,"D","SP",357
2021-07-20,"D","SP",335
2021-07-21,"D","SP",345
2021-07-22,"D","SP",337
2021-07-23,"D","SP",338
2021-07-24,"D","SP",336
2021-07-25,"D","SP",328
2021-07-26,"D","SP",347
2021-07-27,"D","SP",333
2021-07-28,"D","SP",323
2021-07-29,"D","SP",338
2021-07-30,"D","SP",335
2021-07-31,"D","SP",341
2021-08-01,"D","SP",350
2021-08-02,"D","SP",345
2021-08-03,"D","SP",358
2021-08-04,"D","SP",338
2021-08-05,"D","SP",353
2021-08-06,"D","SP",356
2021-08-07,"D","SP",342
2021-08-08,"D","SP",338
2021-08-09,"D","SP",321
2021-08-10,"D","SP",335
2021-08-11,"D","SP",328
2021-08-12,"D","SP",324
2021-08-13,"D","SP",311
2021-08-14,"D","SP",306
2021-08-15,"D","SP",303
2021-08-16,"D","SP",306
2021-08-17,"D","SP",322
2021-08-18,"D","SP",304
2021-08-19,"D","SP",300
2021-08-20,"D","SP",314
2021-08-21,"D","SP",318
2021-08-22,"D","SP",315
2021-08-23,"D","SP",349
2021-08-24,"D","SP",334
2021-08-25,"D","SP",338
2021-08-26,"D","SP",344
2021-08-27,"D","SP",341
2021-08-28,"D","SP",344
2021-08-29,"D","SP",344
2021-08-30,"D","SP",352
2021-08-31,"D","SP",350
2021-09-01,"D","SP",346
2021-09-02,"D","SP",363
2021-09-03,"D","SP",355
2021-09-04,"D","SP",355
2021-09-05,"D","SP",354
2021-09-06,"D","SP",355
2021-09-07,"D","SP",360
2021-09-08,"D","SP",362
2021-09-09,"D","SP",355
2021-09-10,"D","SP",360
2021-09-11,"D","SP",361
2021-09-12,"D","SP",379
2021-09-13,"D","SP",377
2021-09-14,"D","SP",387
2021-09-15,"D","SP",386
2021-09-16,"D","SP",387
2021-09-17,"D","SP",380
2021-09-18,"D","SP",377
2021-09-19,"D","SP",371
2021-09-20,"D","SP",374
2021-09-21,"D","SP",373
2021-09-22,"D","SP",371
2021-09-23,"D","SP",370
2021-09-24,"D","SP",372
2021-09-25,"D","SP",367
2021-09-26,"D","SP",382
2021-09-27,"D","SP",380
2021-09-28,"D","SP",398
2021-09-29,"D","SP",389
2021-09-30,"D","SP",388
2021-10-01,"D","SP",396
2021-10-02,"D","SP",403
2021-10-03,"D","SP",409
2021-10-04,"D","SP",418
2021-10-05,"D","SP",406
2021-10-06,"D","SP",408
2021-10-07,"D","SP",414
2021-10-08,"D","SP",416
2021-10-09,"D","SP",411
2021-10-10,"D","SP",395
2021-10-11,"D","SP",420
2021-10-12,"D","SP",414
2021-10-13,"D","SP",409
2021-10-14,"D","SP",421
2021-10-15,"D","SP",409
2021-10-16,"D","SP",397
2021-10-17,"D","SP",422
2021-10-18,"D","SP",404
2021-10-19,"D","SP",402
2021-10-20,"D","SP",421
2021-10-21,"D","SP",427
2021-10-22,"D","SP",434
2021-10-23,"D","SP",424
2021-10-24,"D","SP",415
2021-10-25,"D","SP",408
2021-10-26,"D","SP",423
2021-10-27,"D","SP",402
2021-10-28,"D","SP",405
2021-10-29,"D","SP",403
2021-10-30,"D","SP",409
2021-10-31,"D","SP",396
2021-11-01,"D","SP",402
2021-11-02,"D","SP",411
2021-11-03,"D","SP",414
2021-11-04,"D","SP",429
2021-11-05,"D","SP",423
2021-11-06,"D","SP",423
2021-11-07,"D","SP",408
2021-11-08,"D","SP",411
2021-11-09,"D","SP",416
2021-11-10,"D","SP",413
2021-11-11,"D","SP",409
2021-11-12,"D","SP",420
2021-11-13,"D","SP",432
2021-11-14,"D","SP",426
2021-11-15,"D","SP",417
2021-11-16,"D","SP",419
2021-11-17,"D","SP",435
2021-11-18,"D","SP",427
2021-11-19,"D","SP",425
2021-11-20,"D","SP",444
2021-11-21,"D","SP",446
2021-11-22,"D","SP",449
2021-11-23,"D","SP",431
2021-11-24,"D","SP",437
2021-11-25,"D","SP",423
2021-11-26,"D","SP",429
2021-11-27,"D","SP",436
2021-11-28,"D","SP",435
2021-11-29,"D","SP",433
2021-11-30,"D","SP",411
2021-12-01,"D","SP",421
2021-12-02,"D","SP",419
2021-12-03,"D","SP",424
2021-12-04,"D","SP",427
2021-12-05,"D","SP",426
2021-12-06,"D","SP",436
2021-12-07,"D","SP",440
2021-12-08,"D","SP",438
2021-12-09,"D","SP",438
2021-12-10,"D","SP",440
2021-12-11,"D","SP",436
2021-12-12,"D","SP",440
2021-12-13,"D","SP",440
2021-12-14,"D","SP",452
2021-12-15,"D","SP",427
2021-12-16,"D","SP",433
2021-12-17,"D","SP",420
2021-12-18,"D","SP",427
2021-12-19,"D","SP",439
2021-12-20,"D","SP",446
2021-12-21,"D","SP",443
2021-12-22,"D","SP",438
2021-12-23,"D","SP",445
2021-12-24,"D","SP",438
2021-12-25,"D","SP",447
2021-12-26,"D","SP",449
2021-12-27,"D","SP",438
2021-12-28,"D","SP",426
2021-12-29,"D","SP",430
2021-12-30,"D","SP",437
2022-01-02,"D","SP",437
2022-01-03,"D","SP",455
2022-01-04,"D","SP",461
2022-01-05,"D","SP",442
2022-01-06,"D","SP",441
2022-01-07,"D","SP",458
2022-01-08,"D","SP",453
2022-01-09,"D","SP",443
2022-01-10,"D","SP",442
2022-01-11,"D","SP",445
2022-01-12,"D","SP",438
2022-01-13,"D","SP",434
2022-01-14,"D","SP",422
2022-01-15,"D","SP",431
2022-01-16,"D","SP",431
2022-01-17,"D","SP",442
2022-01-18,"D","SP",465
2022-01-19,"D","SP",435
2022-01-20,"D","SP",442
2022-01-21,"D","SP",439
2022-01-22,"D","SP",446
2022-01-23,"D","SP",436
2022-01-24,"D","SP",415
2022-01-25,"D","SP",428
2022-01-26,"D","SP",408
2022-01-27,"D","SP",436
2022-01-28,"D","SP",432
2022-01-29,"D","SP",425
2022-01-30,"D","SP",410
2022-01-31,"D","SP",408
2022-02-01,"D","SP",419
2022-02-02,"D","SP",422
2022-02-03,"D","SP",402
2022-02-04,"D","SP",392
2022-02-05,"D","SP",408
2022-02-06,"D","SP",395
2022-02-07,"D","SP",413
2022-02-08,"D","SP",427
2022-02-09,"D","SP",409
2022-02-10,"D","SP",411
2022-02-11,"D","SP",432
2022-02-12,"D","SP",414
2022-02-13,"D","SP",418
2022-02-14,"D","SP",429
2022-02-15,"D","SP",418
2022-02-16,"D","SP",425
2022-02-17,"D","SP",439
2022-02-18,"D","SP",428
2022-02-19,"D","SP",428
2022-02-20,"D","SP",392
2022-02-21,"D","SP",403
2022-02-22,"D","SP",410
2022-02-23,"D","SP",442
2022-02-24,"D","SP",425
2022-02-25,"D","SP",404
2022-02-26,"D","SP",416
2022-02-27,"D","SP",420
2022-02-28,"D","SP",415
2022-03-01,"D","SP",417
2022-03-02,"D","SP",422
2022-03-03,"D","SP",435
2022-03-04,"D","SP",410
2022-03-05,"D","SP",425
2022-03-06,"D","SP",421
2022-03-07,"D","SP",413
2022-03-08,"D","SP",381
2022-03-09,"D","SP",384
2022-03-10,"D","SP",373
2022-03-11,"D","SP",380
2022-03-12,"D","SP",380
2022-03-13,"D","SP",371
2022-03-14,"D","SP",386
2022-03-15,"D","SP",381
2022-03-16,"D","SP",378
2022-03-17,"D","SP",391
2022-03-18,"D","SP",361
2022-03-19,"D","SP",388
2022-03-20,"D","SP",352
2022-03-21,"D","SP",357
2022-03-22,"D","SP",368
2022-03-23,"D","SP",387
2022-03-24,"D","SP",375
2022-03-25,"D","SP",378
2022-03-26,"D","SP",348
2022-03-27,"D","SP",361
2022-03-28,"D","SP",360
2022-03-29,"D","SP",350
2022-03-30,"D","SP",361
2022-03-31,"D","SP",356
2022-04-01,"D","SP",360
2022-04-02,"D","SP",336
2022-04-03,"D","SP",349
2022-04-04,"D","SP",352
2022-04-05,"D","SP",317
2022-04-06,"D","SP",349
2022-04-07,"D","SP",333
2022-04-08,"D","SP",339
2022-04-09,"D","SP",330
2022-04-10,"D","SP",315
2022-04-11,"D","SP",307
2022-04-12,"D","SP",324
2022-04-13,"D","SP",311
2022-04-14,"D","SP",301
2022-04-15,"D","SP",310
2022-04-16,"D","SP",315
2022-04-17,"D","SP",297
2022-04-18,"D","SP",306
2022-04-19,"D","SP",291
2022-04-20,"D","SP",324
2022-04-21,"D","SP",309
2022-04-22,"D","SP",320
2022-04-23,"D","SP",319
2022-04-24,"D","SP",317
2022-04-25,"D","SP",309
2022-04-26,"D","SP",323
2022-04-27,"D","SP",320
2022-04-28,"D","SP",321
2022-04-29,"D","SP",313
2022-04-30,"D","SP",302
2022-05-01,"D","SP",296
2022-05-02,"D","SP",311
2022-05-03,"D","SP",320
2022-05-04,"D","SP",294
2022-05-05,"D","SP",312
2022-05-06,"D","SP",324
2022-05-07,"D","SP",325
2022-05-08,"D","SP",309
2022-05-09,"D","SP",311
2022-05-10,"D","SP",322
2022-05-11,"D","SP",333
2022-05-12,"D","SP",332
2022-05-13,"D","SP",327
2022-05-14,"D","SP",344
2022-05-15,"D","SP",343
2022-05-16,"D","SP",352
2022-05-17,"D","SP",321
2022-05-18,"D","SP",335
2022-05-19,"D","SP",343
2022-05-20,"D","SP",330
2022-05-21,"D","SP",336
2022-05-22,"D","SP",362
2022-05-23,"D","SP",328
2022-05-24,"D","SP",348
2022-05-25,"D","SP",329
2022-05-26,"D","SP",360
2022-05-27,"D","SP",346
2022-05-28,"D","SP",333
2022-05-29,"D","SP",333
2022-05-30,"D","SP",328
2022-05-31,"D","SP",316
2022-06-01,"D","SP",326
2022-06-02,"D","SP",326
2022-06-03,"D","SP",330
2022-06-04,"D","SP",326
2022-06-05,"D","SP",305
2022-06-06,"D","SP",327
2022-06-07,"D","SP",327
2022-06-08,"D","SP",323
2022-06-09,"D","SP",354
2022-06-10,"D","SP",322
2022-06-11,"D","SP",322
2022-06-12,"D","SP",326
2022-06-13,"D","SP",320
2022-06-14,"D","SP",326
2022-06-15,"D","SP",329
2022-06-16,"D","SP",308
2022-06-17,"D","SP",326
2022-06-18,"D","SP",316
2022-06-19,"D","SP",332
2022-06-20,"D","SP",318
2022-06-21,"D","SP",314
2022-06-22,"D","SP",336
2022-06-23,"D","SP",330
2022-06-24,"D","SP",341
2022-06-25,"D","SP",327
2022-06-26,"D","SP",334
2022-06-27,"D","SP",341
2022-06-28,"D","SP",338
2022-06-29,"D","SP",351
2022-06-30,"D","SP",333
2022-07-01,"D","SP",348
2022-07-02,"D","SP",331
2022-07-03,"D","SP",328
2022-07-04,"D","SP",328
2022-07-05,"D","SP",348
2022-07-06,"D","SP",355
2022-07-07,"D","SP",336
2022-07-08,"D","SP",315
2022-07-09,"D","SP",318
2022-07-10,"D","SP",304
2022-07-11,"D","SP",326
2022-07-12,"D","SP",338
2022-07-13,"D","SP",326
2022-07-14,"D","SP",331
2022-07-15,"D","SP",309
2022-07-16,"D","SP",307
2022-07-17,"D","SP",314
2022-07-18,"D","SP",307
2022-07-19,"D","SP",317
2022-07-20,"D","SP",311
2022-07-21,"D","SP",332
2022-07-22,"D","SP",308
2022-07-23,"D","SP",316
2022-07-24,"D","SP",305
2022-07-25,"D","SP",314
2022-07-26,"D","SP",322
2022-07-27,"D","SP",289
2022-07-28,"D","SP",286
2022-07-29,"D","SP",309
2022-07-30,"D","SP",296
2022-07-31,"D","SP",320
2022-08-01,"D","SP",301
2022-08-02,"D","SP",312
2022-08-03,"D","SP",326
2022-08-04,"D","SP",308
2022-08-05,"D","SP",348
2022-08-06,"D","SP",327
2022-08-07,"D","SP",317
2022-08-08,"D","SP",305
2022-08-09,"D","SP",299
2022-08-10,"D","SP",299
2022-08-11,"D","SP",290
2022-08-12,"D","SP",286
2022-08-13,"D","SP",305
2022-08-14,"D","SP",278
2022-08-15,"D","SP",284
2022-08-16,"D","SP",280
2022-08-17,"D","SP",285
2022-08-18,"D","SP",292
2022-08-19,"D","SP",280
2022-08-20,"D","SP",292
2022-08-21,"D","SP",289
2022-08-22,"D","SP",297
2022-08-23,"D","SP",311
2022-08-24,"D","SP",315
2022-08-25,"D","SP",325
2022-08-26,"D","SP",315
2022-08-27,"D","SP",317
2022-08-28,"D","SP",327
2022-08-29,"D","SP",335
2022-08-30,"D","SP",317
2022-08-31,"D","SP",322
2022-09-01,"D","SP",299
2022-09-02,"D","SP",338
2022-09-03,"D","SP",333
2022-09-04,"D","SP",337
2022-09-05,"D","SP",337
2022-09-06,"D","SP",336
2022-09-07,"D","SP",337
2022-09-08,"D","SP",346
2022-09-09,"D","SP",353
2022-09-10,"D","SP",329
2022-09-11,"D","SP",341
2022-09-12,"D","SP",345
2022-09-13,"D","SP",352
2022-09-14,"D","SP",358
2022-09-15,"D","SP",362
2022-09-16,"D","SP",363
2022-09-17,"D","SP",349
2022-09-18,"D","SP",357
2022-09-19,"D","SP",350
2022-09-20,"D","SP",349
2022-09-21,"D","SP",344
2022-09-22,"D","SP",356
2022-09-23,"D","SP",356
2022-09-24,"D","SP",335
2022-09-25,"D","SP",343
2022-09-26,"D","SP",360
2022-09-27,"D","SP",378
2022-09-28,"D","SP",382
2022-09-29,"D","SP",361
2022-09-30,"D","SP",372
2022-10-01,"D","SP",369
2022-10-02,"D","SP",373
2022-10-03,"D","SP",382
2022-10-04,"D","SP",390
2022-10-05,"D","SP",384
2022-10-06,"D","SP",373
2022-10-07,"D","SP",385
2022-10-08,"D","SP",393
2022-10-09,"D","SP",369
2022-10-10,"D","SP",374
2022-10-11,"D","SP",373
2022-10-12,"D","SP",400
2022-10-13,"D","SP",379
2022-10-14,"D","SP",382
2022-10-15,"D","SP",383
2022-10-16,"D","SP",371
2022-10-17,"D","SP",391
2022-10-18,"D","SP",383
2022-10-19,"D","SP",379
2022-10-20,"D","SP",403
2022-10-21,"D","SP",406
2022-10-22,"D","SP",413
2022-10-23,"D","SP",393
2022-10-24,"D","SP",387
2022-10-25,"D","SP",373
2022-10-26,"D","SP",367
2022-10-27,"D","SP",391
2022-10-28,"D","SP",386
2022-10-29,"D","SP",370
2022-10-30,"D","SP",378
2022-10-31,"D","SP",393
2022-11-01,"D","SP",376
2022-11-02,"D","SP",398
2022-11-03,"D","SP",397
2022-11-04,"D","SP",392
2022-11-05,"D","SP",387
2022-11-06,"D","SP",391
2022-11-07,"D","SP",376
2022-11-08,"D","SP",389
2022-11-09,"D","SP",387
2022-11-10,"D","SP",380
2022-11-11,"D","SP",391
2022-11-12,"D","SP",394
2022-11-13,"D","SP",395
2022-11-14,"D","SP",393
2022-11-15,"D","SP",396
2022-11-16,"D","SP",390
2022-11-17,"D","SP",413
2022-11-18,"D","SP",405
2022-11-19,"D","SP",401
2022-11-20,"D","SP",402
2022-11-21,"D","SP",417
2022-11-22,"D","SP",427
2022-11-23,"D","SP",391
2022-11-24,"D","SP",411
2022-11-25,"D","SP",394
2022-11-26,"D","SP",392
2022-11-27,"D","SP",402
2022-11-28,"D","SP",408
2022-11-29,"D","SP",410
2022-11-30,"D","SP",391
2022-12-01,"D","SP",413
2022-12-02,"D","SP",395
2022-12-03,"D","SP",401
2022-12-04,"D","SP",388
2022-12-05,"D","SP",391
2022-12-06,"D","SP",429
2022-12-07,"D","SP",407
2022-12-08,"D","SP",413
2022-12-09,"D","SP",383
2022-12-10,"D","SP",406
2022-12-11,"D","SP",399
2022-12-12,"D","SP",417
2022-12-13,"D","SP",424
2022-12-14,"D","SP",432
2022-12-15,"D","SP",409
2022-12-16,"D","SP",418
2022-12-17,"D","SP",404
2022-12-18,"D","SP",391
2022-12-19,"D","SP",401
2022-12-20,"D","SP",396
2022-12-21,"D","SP",406
2022-12-22,"D","SP",395
2022-12-23,"D","SP",431
2022-12-24,"D","SP",428
2022-12-25,"D","SP",428
2022-12-26,"D","SP",413
2022-12-27,"D","SP",416
2022-12-28,"D","SP",399
2022-12-29,"D","SP",406
2022-12-30,"D","SP",402
2023-01-02,"D","SP",419
2023-01-03,"D","SP",424
2023-01-04,"D","SP",432
2023-01-05,"D","SP",417
2023-01-06,"D","SP",409
2023-01-07,"D","SP",435
2023-01-08,"D","SP",440
2023-01-09,"D","SP",412
2023-01-10,"D","SP",409
2023-01-11,"D","SP",424
2023-01-12,"D","SP",416
2023-01-13,"D","SP",384
2023-01-14,"D","SP",401
2023-01-15,"D","SP",423
2023-01-16,"D","SP",426
2023-01-17,"D","SP",416
2023-01-18,"D","SP",440
2023-01-19,"D","SP",388
2023-01-20,"D","SP",419
2023-01-21,"D","SP",395
2023-01-22,"D","SP",413
2023-01-23,"D","SP",416
2023-01-24,"D","SP",389
2023-01-25,"D","SP",414
2023-01-26,"D","SP",381
2023-01-27,"D","SP",386
2023-01-28,"D","SP",384
2023-01-29,"D","SP",399
2023-01-30,"D","SP",375
2023-01-31,"D","SP",382
2023-02-01,"D","SP",382
2023-02-02,"D","SP",389
2023-02-03,"D","SP",368
2023-02-04,"D","SP",360
2023-02-05,"D","SP",379
2023-02-06,"D","SP",352
2023-02-07,"D","SP",403
2023-02-08,"D","SP",391
2023-02-09,"D","SP",385
2023-02-10,"D","SP",375
2023-02-11,"D","SP",402
2023-02-12,"D","SP",401
2023-02-13,"D","SP",401
2023-02-14,"D","SP",380
2023-02-15,"D","SP",402
2023-02-16,"D","SP",404
2023-02-17,"D","SP",414
2023-02-18,"D","SP",411
2023-02-19,"D","SP",404
2023-02-20,"D","SP",384
2023-02-21,"D","SP",383
2023-02-22,"D","SP",386
2023-02-23,"D","SP",392
2023-02-24,"D","SP",383
2023-02-25,"D","SP",366
2023-02-26,"D","SP",391
2023-02-27,"D","SP",397
2023-02-28,"D","SP",401
2023-03-01,"D","SP",391
2023-03-02,"D","SP",402
2023-03-03,"D","SP",395
2023-03-04,"D","SP",386
2023-03-05,"D","SP",383
2023-03-06,"D","SP",413
2023-03-07,"D","SP",380
2023-03-08,"D","SP",351
2023-03-09,"D","SP",367
2023-03-10,"D","SP",360
2023-03-11,"D","SP",335
2023-03-12,"D","SP",343
2023-03-13,"D","SP",351
2023-03-14,"D","SP",349
2023-03-15,"D","SP",348
2023-03-16,"D","SP",363
2023-03-17,"D","SP",360
2023-03-18,"D","SP",319
2023-03-19,"D","SP",352
2023-03-20,"D","SP",323
2023-03-21,"D","SP",322
2023-03-22,"D","SP",333
2023-03-23,"D","SP",364
2023-03-24,"D","SP",332
2023-03-25,"D","SP",348
2023-03-26,"D","SP",306
2023-03-27,"D","SP",321
2023-03-28,"D","SP",314
2023-03-29,"D","SP",311
2023-03-30,"D","SP",320
2023-03-31,"D","SP",336
2023-04-01,"D","SP",333
2023-04-02,"D","SP",308
2023-04-03,"D","SP",317
2023-04-04,"D","SP",318
2023-04-05,"D","SP",314
2023-04-06,"D","SP",330
2023-04-07,"D","SP",320
2023-04-08,"D","SP",303
2023-04-09,"D","SP",310
2023-04-10,"D","SP",293
2023-04-11,"D","SP",290
2023-04-12,"D","SP",289
2023-04-13,"D","SP",279
2023-04-14,"D","SP",273
2023-04-15,"D","SP",283
2023-04-16,"D","SP",295
2023-04-17,"D","SP",288
2023-04-18,"D","SP",281
2023-04-19,"D","SP",256
2023-04-20,"D","SP",285
2023-04-21,"D","SP",265
2023-04-22,"D","SP",288
2023-04-23,"D","SP",293
2023-04-24,"D","SP",284
2023-04-25,"D","SP",289
2023-04-26,"D","SP",289
2023-04-27,"D","SP",279
2023-04-28,"D","SP",319
2023-04-29,"D","SP",295
2023-04-30,"D","SP",279
2023-05-01,"D","SP",268
2023-05-02,"D","SP",258
2023-05-03,"D","SP",299
2023-05-04,"D","SP",238
2023-05-05,"D","SP",284
2023-05-06,"D","SP",302
2023-05-07,"D","SP",283
2023-05-08,"D","SP",277
2023-05-09,"D","SP",280
2023-05-10,"D","SP",292
2023-05-11,"D","SP",293
2023-05-12,"D","SP",298
2023-05-13,"D","SP",272
2023-05-14,"D","SP",324
2023-05-15,"D","SP",337
2023-05-16,"D","SP",328
2023-05-17,"D","SP",273
2023-05-18,"D","SP",316
2023-05-19,"D","SP",319
2023-05-20,"D","SP",304
2023-05-21,"D","SP",299
2023-05-22,"D","SP",317
2023-05-23,"D","SP",302
2023-05-24,"D","SP",296
2023-05-25,"D","SP",310
2023-05-26,"D","SP",334
2023-05-27,"D","SP",345
2023-05-28,"D","SP",313
2023-05-29,"D","SP",295
2023-05-30,"D","SP",308
2023-05-31,"D","SP",301
2023-06-01,"D","SP",284
2023-06-02,"D","SP",311
2023-06-03,"D","SP",283
2023-06-04,"D","SP",294
2023-06-05,"D","SP",269
2023-06-06,"D","SP",297
2023-06-07,"D","SP",301
2023-06-08,"D","SP",280
2023-06-09,"D","SP",318
2023-06-10,"D","SP",289
2023-06-11,"D","SP",309
2023-06-12,"D","SP",299
2023-06-13,"D","SP",297
2023-06-14,"D","SP",297
2023-06-15,"D","SP",323
2023-06-16,"D","SP",295
2023-06-17,"D","SP",286
2023-06-18,"D","SP",291
2023-06-19,"D","SP",304
2023-06-20,"D","SP",281
2023-06-21,"D","SP",279
2023-06-22,"D","SP",298
2023-06-23,"D","SP",291
2023-06-24,"D","SP",316
2023-06-25,"D","SP",302
2023-06-26,"D","SP",318
2023-06-27,"D","SP",323
2023-06-28,"D","SP",323
2023-06-29,"D","SP",340
2023-06-30,"D","SP",309
2023-07-01,"D","SP",312
2023-07-02,"D","SP",328
2023-07-03,"D","SP",310
2023-07-04,"D","SP",308
2023-07-05,"D","SP",318
2023-07-06,"D","SP",340
2023-07-07,"D","SP",318
2023-07-08,"D","SP",285
2023-07-09,"D","SP",266
2023-07-10,"D","SP",291
2023-07-11,"D","SP",294
2023-07-12,"D","SP",315
2023-07-13,"D","SP",330
2023-07-14,"D","SP",306
2023-07-15,"D","SP",286
2023-07-16,"D","SP",290
2023-07-17,"D","SP",284
2023-07-18,"D","SP",291
2023-07-19,"D","SP",293
2023-07-20,"D","SP",274
2023-07-21,"D","SP",310
2023-07-22,"D","SP",289
2023-07-23,"D","SP",284
2023-07-24,"D","SP",279
2023-07-25,"D","SP",296
2023-07-26,"D","SP",294
2023-07-27,"D","SP",255
2023-07-28,"D","SP",261
2023-07-29,"D","SP",283
2023-07-30,"D","SP",263
2023-07-31,"D","SP",297
2023-08-01,"D","SP",277
2023-08-02,"D","SP",284
2023-08-03,"D","SP",295
2023-08-04,"D","SP",270
2023-08-05,"D","SP",319
2023-08-06,"D","SP",292
2023-08-07,"D","SP",296
2023-08-08,"D","SP",269
2023-08-09,"D","SP",281
2023-08-10,"D","SP",265
2023-08-11,"D","SP",265
2023-08-12,"D","SP",256
2023-08-13,"D","SP",272
2023-08-14,"D","SP",262
2023-08-15,"D","SP",253
2023-08-16,"D","SP",261
2023-08-17,"D","SP",254
2023-08-18,"D","SP",276
2023-08-19,"D","SP",240
2023-08-20,"D","SP",248
2023-08-21,"D","SP",259
2023-08-22,"D","SP",266
2023-08-23,"D","SP",286
2023-08-24,"D","SP",301
2023-08-25,"D","SP",294
2023-08-26,"D","SP",290
2023-08-27,"D","SP",292
2023-08-28,"D","SP",307
2023-08-29,"D","SP",328
2023-08-30,"D","SP",302
2023-08-31,"D","SP",304
2023-09-01,"D","SP",275
2023-09-02,"D","SP",301
2023-09-03,"D","SP",298
2023-09-04,"D","SP",325
2023-09-05,"D","SP",303
2023-09-06,"D","SP",296
2023-09-07,"D","SP",318
2023-09-08,"D","SP",312
2023-09-09,"D","SP",328
2023-09-10,"D","SP",292
2023-09-11,"D","SP",315
2023-09-12,"D","SP",303
2023-09-13,"D","SP",321
2023-09-14,"D","SP",334
2023-09-15,"D","SP",326
2023-09-16,"D","SP",329
2023-09-17,"D","SP",312
2023-09-18,"D","SP",323
2023-09-19,"D","SP",317
2023-09-20,"D","SP",317
2023-09-21,"D","SP",333
2023-09-22,"D","SP",315
2023-09-23,"D","SP",323
2023-09-24,"D","SP",302
2023-09-25,"D","SP",306
2023-09-26,"D","SP",320
2023-09-27,"D","SP",362
2023-09-28,"D","SP",346
2023-09-29,"D","SP",339
2023-09-30,"D","SP",347
2023-10-01,"D","SP",319
2023-10-02,"D","SP",356
2023-10-03,"D","SP",362
2023-10-04,"D","SP",376
2023-10-05,"D","SP",344
2023-10-06,"D","SP",341
2023-10-07,"D","SP",363
2023-10-08,"D","SP",369
2023-10-09,"D","SP",346
2023-10-10,"D","SP",346
2023-10-11,"D","SP",345
2023-10-12,"D","SP",377
2023-10-13,"D","SP",343
2023-10-14,"D","SP",364
2023-10-15,"D","SP",363
2023-10-16,"D","SP",350
2023-10-17,"D","SP",365
2023-10-18,"D","SP",366
2023-10-19,"D","SP",342
2023-10-20,"D","SP",374
2023-10-21,"D","SP",397
2023-10-22,"D","SP",371
2023-10-23,"D","SP",370
2023-10-24,"D","SP",357
2023-10-25,"D","SP",356
2023-10-26,"D","SP",365
2023-10-27,"D","SP",368
2023-10-28,"D","SP",361
2023-10-29,"D","SP",345
2023-10-30,"D","SP",380
2023-10-31,"D","SP",358
2023-11-01,"D","SP",375
2023-11-02,"D","SP",379
2023-11-03,"D","SP",380
2023-11-04,"D","SP",353
2023-11-05,"D","SP",368
2023-11-06,"D","SP",358
2023-11-07,"D","SP",350
2023-11-08,"D","SP",377
2023-11-09,"D","SP",365
2023-11-10,"D","SP",362
2023-11-11,"D","SP",362
2023-11-12,"D","SP",376
2023-11-13,"D","SP",356
2023-11-14,"D","SP",364
2023-11-15,"D","SP",374
2023-11-16,"D","SP",357
2023-11-17,"D","SP",389
2023-11-18,"D","SP",379
2023-11-19,"D","SP",372
2023-11-20,"D","SP",390
2023-11-21,"D","SP",389
2023-11-22,"D","SP",405
2023-11-23,"D","SP",392
2023-11-24,"D","SP",379
2023-11-25,"D","SP",369
2023-11-26,"D","SP",380
2023-11-27,"D","SP",398
2023-11-28,"D","SP",394
2023-11-29,"D","SP",398
2023-11-30,"D","SP",367
2023-12-01,"D","SP",388
2023-12-02,"D","SP",395
2023-12-03,"D","SP",401
2023-12-04,"D","SP",383
2023-12-05,"D","SP",388
2023-12-06,"D","SP",420
2023-12-07,"D","SP",391
2023-12-08,"D","SP",391
2023-12-09,"D","SP",366
2023-12-10,"D","SP",380
2023-12-11,"D","SP",383
2023-12-12,"D","SP",415
2023-12-13,"D","SP",410
2023-12-14,"D","SP",411
2023-12-15,"D","SP",377
2023-12-16,"D","SP",382
2023-12-17,"D","SP",376
2023-12-18,"D","SP",375
2023-12-19,"D","SP",403
2023-12-20,"D","SP",368
2023-12-21,"D","SP",394
2023-12-22,"D","SP",390
2023-12-23,"D","SP",404
2023-12-24,"D","SP",410
2023-12-25,"D","SP",396
2023-12-26,"D","SP",401
2023-12-27,"D","SP",382
2023-12-28,"D","SP",385
2023-12-29,"D","SP",395
2023-12-30,"D","SP",394
2021-01-02,"E","SP",420
2021-01-03,"E","SP",433
2021-01-04,"E","SP",432
2021-01-05,"E","SP",428
2021-01-06,"E","SP",427
2021-01-07,"E","SP",427
2021-01-08,"E","SP",433
2021-01-09,"E","SP",418
2021-01-10,"E","SP",423
2021-01-11,"E","SP",431
2021-01-12,"E","SP",423
2021-01-13,"E","SP",430
2021-01-14,"E","SP",418
2021-01-15,"E","SP",409
2021-01-16,"E","SP",420
2021-01-17,"E","SP",429
2021-01-18,"E","SP",431
2021-01-19,"E","SP",420
2021-01-20,"E","SP",419
2021-01-21,"E","SP",426
2021-01-22,"E","SP",413
2021-01-23,"E","SP",417
2021-01-24,"E","SP",412
2021-01-25,"E","SP",407
2021-01-26,"E","SP",409
2021-01-27,"E","SP",413
2021-01-28,"E","SP",418
2021-01-29,"E","SP",418
2021-01-30,"E","SP",399
2021-01-31,"E","SP",412
2021-02-01,"E","SP",416
2021-02-02,"E","SP",411
2021-02-03,"E","SP",404
2021-02-04,"E","SP",400
2021-02-05,"E","SP",399
2021-02-06,"E","SP",399
2021-02-07,"E","SP",400
2021-02-08,"E","SP",400
2021-02-09,"E","SP",402
2021-02-10,"E","SP",400
2021-02-11,"E","SP",404
2021-02-12,"E","SP",402
2021-02-13,"E","SP",416
2021-02-14,"E","SP",413
2021-02-15,"E","SP",406
2021-02-16,"E","SP",407
2021-02-17,"E","SP",411
2021-02-18,"E","SP",399
2021-02-19,"E","SP",408
2021-02-20,"E","SP",394
2021-02-21,"E","SP",399
2021-02-22,"E","SP",394
2021-02-23,"E","SP",406
2021-02-24,"E","SP",399
2021-02-25,"E","SP",399
2021-02-26,"E","SP",399
2021-02-27,"E","SP",404
2021-02-28,"E","SP",405
2021-03-01,"E","SP",406
2021-03-02,"E","SP",406
2021-03-03,"E","SP",403
2021-03-04,"E","SP",402
2021-03-05,"E","SP",396
2021-03-06,"E","SP",393
2021-03-07,"E","SP",400
2021-03-08,"E","SP",379
2021-03-09,"E","SP",383
2021-03-10,"E","SP",372
2021-03-11,"E","SP",375
2021-03-12,"E","SP",372
2021-03-13,"E","SP",372
2021-03-14,"E","SP",381
2021-03-15,"E","SP",378
2021-03-16,"E","SP",378
2021-03-17,"E","SP",380
2021-03-18,"E","SP",366
2021-03-19,"E","SP",371
2021-03-20,"E","SP",370
2021-03-21,"E","SP",366
2021-03-22,"E","SP",373
2021-03-23,"E","SP",368
2021-03-24,"E","SP",356
2021-03-25,"E","SP",362
2021-03-26,"E","SP",349
2021-03-27,"E","SP",356
2021-03-28,"E","SP",351
2021-03-29,"E","SP",359
2021-03-30,"E","SP",364
2021-03-31,"E","SP",347
2021-04-01,"E","SP",353
2021-04-02,"E","SP",356
2021-04-03,"E","SP",356
2021-04-04,"E","SP",358
2021-04-05,"E","SP",350
2021-04-06,"E","SP",344
2021-04-07,"E","SP",337
2021-04-08,"E","SP",331
2021-04-09,"E","SP",331
2021-04-10,"E","SP",333
2021-04-11,"E","SP",324
2021-04-12,"E","SP",326
2021-04-13,"E","SP",328
2021-04-14,"E","SP",324
2021-04-15,"E","SP",318
2021-04-16,"E","SP",319
2021-04-17,"E","SP",322
2021-04-18,"E","SP",317
2021-04-19,"E","SP",327
2021-04-20,"E","SP",340
2021-04-21,"E","SP",332
2021-04-22,"E","SP",335
2021-04-23,"E","SP",340
2021-04-24,"E","SP",343
2021-04-25,"E","SP",327
2021-04-26,"E","SP",325
2021-04-27,"E","SP",330
2021-04-28,"E","SP",330
2021-04-29,"E","SP",332
2021-04-30,"E","SP",320
2021-05-01,"E","SP",319
2021-05-02,"E","SP",327
2021-05-03,"E","SP",327
2021-05-04,"E","SP",324
2021-05-05,"E","SP",331
2021-05-06,"E","SP",328
2021-05-07,"E","SP",332
2021-05-08,"E","SP",327
2021-05-09,"E","SP",327
2021-05-10,"E","SP",335
2021-05-11,"E","SP",334
2021-05-12,"E","SP",342
2021-05-13,"E","SP",343
2021-05-14,"E","SP",355
2021-05-15,"E","SP",345
2021-05-16,"E","SP",344
2021-05-17,"E","SP",341
2021-05-18,"E","SP",351
2021-05-19,"E","SP",348
2021-05-20,"E","SP",351
2021-05-21,"E","SP",365
2021-05-22,"E","SP",358
2021-05-23,"E","SP",346
2021-05-24,"E","SP",349
2021-05-25,"E","SP",349
2021-05-26,"E","SP",371
2021-05-27,"E","SP",362
2021-05-28,"E","SP",361
2021-05-29,"E","SP",344
2021-05-30,"E","SP",349
2021-05-31,"E","SP",349
2021-06-01,"E","SP",346
2021-06-02,"E","SP",348
2021-06-03,"E","SP",346
2021-06-04,"E","SP",349
2021-06-05,"E","SP",344
2021-06-06,"E","SP",352
2021-06-07,"E","SP",355
2021-06-08,"E","SP",342
2021-06-09,"E","SP",350
2021-06-10,"E","SP",348
2021-06-11,"E","SP",342
2021-06-12,"E","SP",337
2021-06-13,"E","SP",328
2021-06-14,"E","SP",334
2021-06-15,"E","SP",332
2021-06-16,"E","SP",338
2021-06-17,"E","SP",349
2021-06-18,"E","SP",340
2021-06-19,"E","SP",342
2021-06-20,"E","SP",345
2021-06-21,"E","SP",338
2021-06-22,"E","SP",349
2021-06-23,"E","SP",347
2021-06-24,"E","SP",354
2021-06-25,"E","SP",347
2021-06-26,"E","SP",352
2021-06-27,"E","SP",339
2021-06-28,"E","SP",358
2021-06-29,"E","SP",361
2021-06-30,"E","SP",360
2021-07-01,"E","SP",346
2021-07-02,"E","SP",351
2021-07-03,"E","SP",344
2021-07-04,"E","SP",337
2021-07-05,"E","SP",348
2021-07-06,"E","SP",354
2021-07-07,"E","SP",331
2021-07-08,"E","SP",331
2021-07-09,"E","SP",332
2021-07-10,"E","SP",327
2021-07-11,"E","SP",332
2021-07-12,"E","SP",337
2021-07-13,"E","SP",334
2021-07-14,"E","SP",344
2021-07-15,"E","SP",342
2021-07-16,"E","SP",335
2021-07-17,"E","SP",327
2021-07-18,"E","SP",320
2021-07-19,"E","SP",331
2021-07-20,"E","SP",325
2021-07-21,"E","SP",331
2021-07-22,"E","SP",325
2021-07-23,"E","SP",320
2021-07-24,"E","SP",315
2021-07-25,"E","SP",323
2021-07-26,"E","SP",322
2021-07-27,"E","SP",316
2021-07-28,"E","SP",310
2021-07-29,"E","SP",325
2021-07-30,"E","SP",318
2021-07-31,"E","SP",327
2021-08-01,"E","SP",323
2021-08-02,"E","SP",323
2021-08-03,"E","SP",326
2021-08-04,"E","SP",327
2021-08-05,"E","SP",329
2021-08-06,"E","SP",329
2021-08-07,"E","SP",324
2021-08-08,"E","SP",310
2021-08-09,"E","SP",317
2021-08-10,"E","SP",314
2021-08-11,"E","SP",311
2021-08-12,"E","SP",309
2021-08-13,"E","SP",304
2021-08-14,"E","SP",292
2021-08-15,"E","SP",293
2021-08-16,"E","SP",297
2021-08-17,"E","SP",301
2021-08-18,"E","SP",294
2021-08-19,"E","SP",293
2021-08-20,"E","SP",304
2021-08-21,"E","SP",312
2021-08-22,"E","SP",308
2021-08-23,"E","SP",322
2021-08-24,"E","SP",318
2021-08-25,"E","SP",323
2021-08-26,"E","SP",316
2021-08-27,"E","SP",333
2021-08-28,"E","SP",320
2021-08-29,"E","SP",327
2021-08-30,"E","SP",333
2021-08-31,"E","SP",325
2021-09-01,"E","SP",324
2021-09-02,"E","SP",324
2021-09-03,"E","SP",326
2021-09-04,"E","SP",324
2021-09-05,"E","SP",328
2021-09-06,"E","SP",332
2021-09-07,"E","SP",330
2021-09-08,"E","SP",332
2021-09-09,"E","SP",333
2021-09-10,"E","SP",341
2021-09-11,"E","SP",337
2021-09-12,"E","SP",348
2021-09-13,"E","SP",356
2021-09-14,"E","SP",352
2021-09-15,"E","SP",360
2021-09-16,"E","SP",356
2021-09-17,"E","SP",350
2021-09-18,"E","SP",345
2021-09-19,"E","SP",341
2021-09-20,"E","SP",349
2021-09-21,"E","SP",346
2021-09-22,"E","SP",343
2021-09-23,"E","SP",339
2021-09-24,"E","SP",341
2021-09-25,"E","SP",343
2021-09-26,"E","SP",350
2021-09-27,"E","SP",354
2021-09-28,"E","SP",361
2021-09-29,"E","SP",354
2021-09-30,"E","SP",354
2021-10-01,"E","SP",361
2021-10-02,"E","SP",376
2021-10-03,"E","SP",380
2021-10-04,"E","SP",376
2021-10-05,"E","SP",378
2021-10-06,"E","SP",373
2021-10-07,"E","SP",376
2021-10-08,"E","SP",376
2021-10-09,"E","SP",377
2021-10-10,"E","SP",358
2021-10-11,"E","SP",367
2021-10-12,"E","SP",372
2021-10-13,"E","SP",369
2021-10-14,"E","SP",365
2021-10-15,"E","SP",363
2021-10-16,"E","SP",356
2021-10-17,"E","SP",366
2021-10-18,"E","SP",360
2021-10-19,"E","SP",362
2021-10-20,"E","SP",384
2021-10-21,"E","SP",374
2021-10-22,"E","SP",387
2021-10-23,"E","SP",370
2021-10-24,"E","SP",374
2021-10-25,"E","SP",374
2021-10-26,"E","SP",364
2021-10-27,"E","SP",370
2021-10-28,"E","SP",366
2021-10-29,"E","SP",358
2021-10-30,"E","SP",361
2021-10-31,"E","SP",349
2021-11-01,"E","SP",366
2021-11-02,"E","SP",377
2021-11-03,"E","SP",372
2021-11-04,"E","SP",379
2021-11-05,"E","SP",380
2021-11-06,"E","SP",376
2021-11-07,"E","SP",376
2021-11-08,"E","SP",370
2021-11-09,"E","SP",366
2021-11-10,"E","SP",368
2021-11-11,"E","SP",369
2021-11-12,"E","SP",375
2021-11-13,"E","SP",378
2021-11-14,"E","SP",379
2021-11-15,"E","SP",381
2021-11-16,"E","SP",372
2021-11-17,"E","SP",385
2021-11-18,"E","SP",373
2021-11-19,"E","SP",373
2021-11-20,"E","SP",379
2021-11-21,"E","SP",385
2021-11-22,"E","SP",387
2021-11-23,"E","SP",379
2021-11-24,"E","SP",387
2021-11-25,"E","SP",375
2021-11-26,"E","SP",366
2021-11-27,"E","SP",377
2021-11-28,"E","SP",383
2021-11-29,"E","SP",374
2021-11-30,"E","SP",362
2021-12-01,"E","SP",366
2021-12-02,"E","SP",365
2021-12-03,"E","SP",372
2021-12-04,"E","SP",372
2021-12-05,"E","SP",371
2021-12-06,"E","SP",377
2021-12-07,"E","SP",384
2021-12-08,"E","SP",371
2021-12-09,"E","SP",376
2021-12-10,"E","SP",378
2021-12-11,"E","SP",371
2021-12-12,"E","SP",375
2021-12-13,"E","SP",387
2021-12-14,"E","SP",380
2021-12-15,"E","SP",377
2021-12-16,"E","SP",375
2021-12-17,"E","SP",373
2021-12-18,"E","SP",373
2021-12-19,"E","SP",371
2021-12-20,"E","SP",379
2021-12-21,"E","SP",367
2021-12-22,"E","SP",382
2021-12-23,"E","SP",369
2021-12-24,"E","SP",373
2021-12-25,"E","SP",380
2021-12-26,"E","SP",374
2021-12-27,"E","SP",377
2021-12-28,"E","SP",377
2021-12-29,"E","SP",362
2021-12-30,"E","SP",366
2022-01-02,"E","SP",366
2022-01-03,"E","SP",378
2022-01-04,"E","SP",368
2022-01-05,"E","SP",382
2022-01-06,"E","SP",384
2022-01-07,"E","SP",369
2022-01-08,"E","SP",367
2022-01-09,"E","SP",367
2022-01-10,"E","SP",370
2022-01-11,"E","SP",374
2022-01-12,"E","SP",369
2022-01-13,"E","SP",363
2022-01-14,"E","SP",371
2022-01-15,"E","SP",361
2022-01-16,"E","SP",361
2022-01-17,"E","SP",366
2022-01-18,"E","SP",365
2022-01-19,"E","SP",362
2022-01-20,"E","SP",370
2022-01-21,"E","SP",366
2022-01-22,"E","SP",349
2022-01-23,"E","SP",366
2022-01-24,"E","SP",357
2022-01-25,"E","SP",346
2022-01-26,"E","SP",355
2022-01-27,"E","SP",357
2022-01-28,"E","SP",362
2022-01-29,"E","SP",363
2022-01-30,"E","SP",357
2022-01-31,"E","SP",345
2022-02-01,"E","SP",352
2022-02-02,"E","SP",343
2022-02-03,"E","SP",345
2022-02-04,"E","SP",338
2022-02-05,"E","SP",335
2022-02-06,"E","SP",334
2022-02-07,"E","SP",329
2022-02-08,"E","SP",342
2022-02-09,"E","SP",346
2022-02-10,"E","SP",341
2022-02-11,"E","SP",355
2022-02-12,"E","SP",341
2022-02-13,"E","SP",349
2022-02-14,"E","SP",341
2022-02-15,"E","SP",341
2022-02-16,"E","SP",341
2022-02-17,"E","SP",352
2022-02-18,"E","SP",347
2022-02-19,"E","SP",351
2022-02-20,"E","SP",338
2022-02-21,"E","SP",335
2022-02-22,"E","SP",336
2022-02-23,"E","SP",340
2022-02-24,"E","SP",342
2022-02-25,"E","SP",328
2022-02-26,"E","SP",333
2022-02-27,"E","SP",340
2022-02-28,"E","SP",331
2022-03-01,"E","SP",334
2022-03-02,"E","SP",324
2022-03-03,"E","SP",334
2022-03-04,"E","SP",323
2022-03-05,"E","SP",321
2022-03-06,"E","SP",330
2022-03-07,"E","SP",327
2022-03-08,"E","SP",312
2022-03-09,"E","SP",317
2022-03-10,"E","SP",293
2022-03-11,"E","SP",304
2022-03-12,"E","SP",307
2022-03-13,"E","SP",294
2022-03-14,"E","SP",295
2022-03-15,"E","SP",295
2022-03-16,"E","SP",298
2022-03-17,"E","SP",292
2022-03-18,"E","SP",295
2022-03-19,"E","SP",287
2022-03-20,"E","SP",281
2022-03-21,"E","SP",289
2022-03-22,"E","SP",293
2022-03-23,"E","SP",291
2022-03-24,"E","SP",282
2022-03-25,"E","SP",279
2022-03-26,"E","SP",271
2022-03-27,"E","SP",269
2022-03-28,"E","SP",279
2022-03-29,"E","SP",271
2022-03-30,"E","SP",273
2022-03-31,"E","SP",271
2022-04-01,"E","SP",278
2022-04-02,"E","SP",260
2022-04-03,"E","SP",280
2022-04-04,"E","SP",262
2022-04-05,"E","SP",264
2022-04-06,"E","SP",262
2022-04-07,"E","SP",259
2022-04-08,"E","SP",242
2022-04-09,"E","SP",246
2022-04-10,"E","SP",243
2022-04-11,"E","SP",237
2022-04-12,"E","SP",224
2022-04-13,"E","SP",230
2022-04-14,"E","SP",223
2022-04-15,"E","SP",228
2022-04-16,"E","SP",221
2022-04-17,"E","SP",219
2022-04-18,"E","SP",220
2022-04-19,"E","SP",231
2022-04-20,"E","SP",238
2022-04-21,"E","SP",228
2022-04-22,"E","SP",238
2022-04-23,"E","SP",235
2022-04-24,"E","SP",247
2022-04-25,"E","SP",225
2022-04-26,"E","SP",219
2022-04-27,"E","SP",230
2022-04-28,"E","SP",224
2022-04-29,"E","SP",225
2022-04-30,"E","SP",224
2022-05-01,"E","SP",210
2022-05-02,"E","SP",220
2022-05-03,"E","SP",224
2022-05-04,"E","SP",222
2022-05-05,"E","SP",226
2022-05-06,"E","SP",216
2022-05-07,"E","SP",219
2022-05-08,"E","SP",227
2022-05-09,"E","SP",205
2022-05-10,"E","SP",215
2022-05-11,"E","SP",214
2022-05-12,"E","SP",223
2022-05-13,"E","SP",231
2022-05-14,"E","SP",236
2022-05-15,"E","SP",239
2022-05-16,"E","SP",233
2022-05-17,"E","SP",223
2022-05-18,"E","SP",227
2022-05-19,"E","SP",230
2022-05-20,"E","SP",240
2022-05-21,"E","SP",235
2022-05-22,"E","SP",233
2022-05-23,"E","SP",227
2022-05-24,"E","SP",236
2022-05-25,"E","SP",223
2022-05-26,"E","SP",242
2022-05-27,"E","SP",239
2022-05-28,"E","SP",229
2022-05-29,"E","SP",221
2022-05-30,"E","SP",220
2022-05-31,"E","SP",220
2022-06-01,"E","SP",218
2022-06-02,"E","SP",220
2022-06-03,"E","SP",209
2022-06-04,"E","SP",218
2022-06-05,"E","SP",209
2022-06-06,"E","SP",220
2022-06-07,"E","SP",208
2022-06-08,"E","SP",204
2022-06-09,"E","SP",212
2022-06-10,"E","SP",203
2022-06-11,"E","SP",198
2022-06-12,"E","SP",213
2022-06-13,"E","SP",200
2022-06-14,"E","SP",192
2022-06-15,"E","SP",204
2022-06-16,"E","SP",193
2022-06-17,"E","SP",202
2022-06-18,"E","SP",195
2022-06-19,"E","SP",203
2022-06-20,"E","SP",195
2022-06-21,"E","SP",194
2022-06-22,"E","SP",199
2022-06-23,"E","SP",210
2022-06-24,"E","SP",198
2022-06-25,"E","SP",198
2022-06-26,"E","SP",195
2022-06-27,"E","SP",206
2022-06-28,"E","SP",208
2022-06-29,"E","SP",201
2022-06-30,"E","SP",201
2022-07-01,"E","SP",202
2022-07-02,"E","SP",198
2022-07-03,"E","SP",202
2022-07-04,"E","SP",197
2022-07-05,"E","SP",191
2022-07-06,"E","SP",204
2022-07-07,"E","SP",204
2022-07-08,"E","SP",183
2022-07-09,"E","SP",185
2022-07-10,"E","SP",169
2022-07-11,"E","SP",186
2022-07-12,"E","SP",190
2022-07-13,"E","SP",182
2022-07-14,"E","SP",190
2022-07-15,"E","SP",198
2022-07-16,"E","SP",180
2022-07-17,"E","SP",181
2022-07-18,"E","SP",165
2022-07-19,"E","SP",183
2022-07-20,"E","SP",170
2022-07-21,"E","SP",170
2022-07-22,"E","SP",169
2022-07-23,"E","SP",161
2022-07-24,"E","SP",161
2022-07-25,"E","SP",160
2022-07-26,"E","SP",170
2022-07-27,"E","SP",161
2022-07-28,"E","SP",149
2022-07-29,"E","SP",162
2022-07-30,"E","SP",155
2022-07-31,"E","SP",157
2022-08-01,"E","SP",155
2022-08-02,"E","SP",159
2022-08-03,"E","SP",164
2022-08-04,"E","SP",163
2022-08-05,"E","SP",167
2022-08-06,"E","SP",159
2022-08-07,"E","SP",154
2022-08-08,"E","SP",150
2022-08-09,"E","SP",144
2022-08-10,"E","SP",142
2022-08-11,"E","SP",137
2022-08-12,"E","SP",129
2022-08-13,"E","SP",126
2022-08-14,"E","SP",134
2022-08-15,"E","SP",124
2022-08-16,"E","SP",126
2022-08-17,"E","SP",128
2022-08-18,"E","SP",126
2022-08-19,"E","SP",132
2022-08-20,"E","SP",139
2022-08-21,"E","SP",132
2022-08-22,"E","SP",138
2022-08-23,"E","SP",157
2022-08-24,"E","SP",151
2022-08-25,"E","SP",153
2022-08-26,"E","SP",155
2022-08-27,"E","SP",160
2022-08-28,"E","SP",156
2022-08-29,"E","SP",162
2022-08-30,"E","SP",157
2022-08-31,"E","SP",152
2022-09-01,"E","SP",152
2022-09-02,"E","SP",167
2022-09-03,"E","SP",161
2022-09-04,"E","SP",157
2022-09-05,"E","SP",158
2022-09-06,"E","SP",160
2022-09-07,"E","SP",164
2022-09-08,"E","SP",171
2022-09-09,"E","SP",155
2022-09-10,"E","SP",164
2022-09-11,"E","SP",170
2022-09-12,"E","SP",171
2022-09-13,"E","SP",176
2022-09-14,"E","SP",182
2022-09-15,"E","SP",182
2022-09-16,"E","SP",185
2022-09-17,"E","SP",172
2022-09-18,"E","SP",166
2022-09-19,"E","SP",180
2022-09-20,"E","SP",177
2022-09-21,"E","SP",170
2022-09-22,"E","SP",165
2022-09-23,"E","SP",165
2022-09-24,"E","SP",167
2022-09-25,"E","SP",166
2022-09-26,"E","SP",170
2022-09-27,"E","SP",183
2022-09-28,"E","SP",183
2022-09-29,"E","SP",181
2022-09-30,"E","SP",172
2022-10-01,"E","SP",193
2022-10-02,"E","SP",196
2022-10-03,"E","SP",197
2022-10-04,"E","SP",204
2022-10-05,"E","SP",194
2022-10-06,"E","SP",191
2022-10-07,"E","SP",200
2022-10-08,"E","SP",198
2022-10-09,"E","SP",187
2022-10-10,"E","SP",182
2022-10-11,"E","SP",191
2022-10-12,"E","SP",179
2022-10-13,"E","SP",197
2022-10-14,"E","SP",193
2022-10-15,"E","SP",187
2022-10-16,"E","SP",176
2022-10-17,"E","SP",187
2022-10-18,"E","SP",172
2022-10-19,"E","SP",181
2022-10-20,"E","SP",185
2022-10-21,"E","SP",183
2022-10-22,"E","SP",187
2022-10-23,"E","SP",192
2022-10-24,"E","SP",178
2022-10-25,"E","SP",180
2022-10-26,"E","SP",186
2022-10-27,"E","SP",177
2022-10-28,"E","SP",180
2022-10-29,"E","SP",168
2022-10-30,"E","SP",173
2022-10-31,"E","SP",165
2022-11-01,"E","SP",167
2022-11-02,"E","SP",184
2022-11-03,"E","SP",180
2022-11-04,"E","SP",181
2022-11-05,"E","SP",186
2022-11-06,"E","SP",180
2022-11-07,"E","SP",181
2022-11-08,"E","SP",174
2022-11-09,"E","SP",188
2022-11-10,"E","SP",171
2022-11-11,"E","SP",175
2022-11-12,"E","SP",183
2022-11-13,"E","SP",184
2022-11-14,"E","SP",187
2022-11-15,"E","SP",187
2022-11-16,"E","SP",182
2022-11-17,"E","SP",196
2022-11-18,"E","SP",181
2022-11-19,"E","SP",182
2022-11-20,"E","SP",196
2022-11-21,"E","SP",194
2022-11-22,"E","SP",198
2022-11-23,"E","SP",185
2022-11-24,"E","SP",189
2022-11-25,"E","SP",193
2022-11-26,"E","SP",179
2022-11-27,"E","SP",186
2022-11-28,"E","SP",190
2022-11-29,"E","SP",181
2022-11-30,"E","SP",167
2022-12-01,"E","SP",179
2022-12-02,"E","SP",187
2022-12-03,"E","SP",186
2022-12-04,"E","SP",177
2022-12-05,"E","SP",175
2022-12-06,"E","SP",184
2022-12-07,"E","SP",184
2022-12-08,"E","SP",180
2022-12-09,"E","SP",183
2022-12-10,"E","SP",182
2022-12-11,"E","SP",189
2022-12-12,"E","SP",182
2022-12-13,"E","SP",181
2022-12-14,"E","SP",188
2022-12-15,"E","SP",186
2022-12-16,"E","SP",179
2022-12-17,"E","SP",183
2022-12-18,"E","SP",181
2022-12-19,"E","SP",187
2022-12-20,"E","SP",195
2022-12-21,"E","SP",176
2022-12-22,"E","SP",186
2022-12-23,"E","SP",182
2022-12-24,"E","SP",190
2022-12-25,"E","SP",185
2022-12-26,"E","SP",188
2022-12-27,"E","SP",188
2022-12-28,"E","SP",177
2022-12-29,"E","SP",186
2022-12-30,"E","SP",183
2023-01-02,"E","SP",176
2023-01-03,"E","SP",186
2023-01-04,"E","SP",182
2023-01-05,"E","SP",182
2023-01-06,"E","SP",193
2023-01-07,"E","SP",187
2023-01-08,"E","SP",194
2023-01-09,"E","SP",174
2023-01-10,"E","SP",183
2023-01-11,"E","SP",183
2023-01-12,"E","SP",182
2023-01-13,"E","SP",175
2023-01-14,"E","SP",166
2023-01-15,"E","SP",168
2023-01-16,"E","SP",171
2023-01-17,"E","SP",177
2023-01-18,"E","SP",180
2023-01-19,"E","SP",179
2023-01-20,"E","SP",181
2023-01-21,"E","SP",180
2023-01-22,"E","SP",171
2023-01-23,"E","SP",170
2023-01-24,"E","SP",179
2023-01-25,"E","SP",159
2023-01-26,"E","SP",158
2023-01-27,"E","SP",166
2023-01-28,"E","SP",175
2023-01-29,"E","SP",170
2023-01-30,"E","SP",172
2023-01-31,"E","SP",159
2023-02-01,"E","SP",167
2023-02-02,"E","SP",149
2023-02-03,"E","SP",157
2023-02-04,"E","SP",155
2023-02-05,"E","SP",156
2023-02-06,"E","SP",156
2023-02-07,"E","SP",151
2023-02-08,"E","SP",149
2023-02-09,"E","SP",156
2023-02-10,"E","SP",170
2023-02-11,"E","SP",168
2023-02-12,"E","SP",159
2023-02-13,"E","SP",180
2023-02-14,"E","SP",166
2023-02-15,"E","SP",156
2023-02-16,"E","SP",170
2023-02-17,"E","SP",162
2023-02-18,"E","SP",162
2023-02-19,"E","SP",171
2023-02-20,"E","SP",153
2023-02-21,"E","SP",152
2023-02-22,"E","SP",157
2023-02-23,"E","SP",160
2023-02-24,"E","SP",153
2023-02-25,"E","SP",147
2023-02-26,"E","SP",150
2023-02-27,"E","SP",154
2023-02-28,"E","SP",160
2023-03-01,"E","SP",158
2023-03-02,"E","SP",149
2023-03-03,"E","SP",154
2023-03-04,"E","SP",138
2023-03-05,"E","SP",144
2023-03-06,"E","SP",153
2023-03-07,"E","SP",137
2023-03-08,"E","SP",143
2023-03-09,"E","SP",136
2023-03-10,"E","SP",126
2023-03-11,"E","SP",122
2023-03-12,"E","SP",118
2023-03-13,"E","SP",134
2023-03-14,"E","SP",128
2023-03-15,"E","SP",122
2023-03-16,"E","SP",121
2023-03-17,"E","SP",125
2023-03-18,"E","SP",124
2023-03-19,"E","SP",116
2023-03-20,"E","SP",113
2023-03-21,"E","SP",121
2023-03-22,"E","SP",120
2023-03-23,"E","SP",124
2023-03-24,"E","SP",114
2023-03-25,"E","SP",115
2023-03-26,"E","SP",107
2023-03-27,"E","SP",98
2023-03-28,"E","SP",112
2023-03-29,"E","SP",111
2023-03-30,"E","SP",106
2023-03-31,"E","SP",99
2023-04-01,"E","SP",108
2023-04-02,"E","SP",102
2023-04-03,"E","SP",98
2023-04-04,"E","SP",106
2023-04-05,"E","SP",95
2023-04-06,"E","SP",97
2023-04-07,"E","SP",93
2023-04-08,"E","SP",76
2023-04-09,"E","SP",65
2023-04-10,"E","SP",70
2023-04-11,"E","SP",76
2023-04-12,"E","SP",62
2023-04-13,"E","SP",65
2023-04-14,"E","SP",75
2023-04-15,"E","SP",63
2023-04-16,"E","SP",65
2023-04-17,"E","SP",61
2023-04-18,"E","SP",59
2023-04-19,"E","SP",71
2023-04-20,"E","SP",77
2023-04-21,"E","SP",73
2023-04-22,"E","SP",74
2023-04-23,"E","SP",71
2023-04-24,"E","SP",69
2023-04-25,"E","SP",72
2023-04-26,"E","SP",60
2023-04-27,"E","SP",70
2023-04-28,"E","SP",65
2023-04-29,"E","SP",72
2023-04-30,"E","SP",60
2023-05-01,"E","SP",61
2023-05-02,"E","SP",61
2023-05-03,"E","SP",64
2023-05-04,"E","SP",68
2023-05-05,"E","SP",73
2023-05-06,"E","SP",66
2023-05-07,"E","SP",60
2023-05-08,"E","SP",72
2023-05-09,"E","SP",69
2023-05-10,"E","SP",67
2023-05-11,"E","SP",68
2023-05-12,"E","SP",76
2023-05-13,"E","SP",81
2023-05-14,"E","SP",83
2023-05-15,"E","SP",90
2023-05-16,"E","SP",81
2023-05-17,"E","SP",81
2023-05-18,"E","SP",80
2023-05-19,"E","SP",82
2023-05-20,"E","SP",88
2023-05-21,"E","SP",84
2023-05-22,"E","SP",90
2023-05-23,"E","SP",80
2023-05-24,"E","SP",79
2023-05-25,"E","SP",80
2023-05-26,"E","SP",93
2023-05-27,"E","SP",85
2023-05-28,"E","SP",88
2023-05-29,"E","SP",82
2023-05-30,"E","SP",87
2023-05-31,"E","SP",74
2023-06-01,"E","SP",82
2023-06-02,"E","SP",74
2023-06-03,"E","SP",63
2023-06-04,"E","SP",78
2023-06-05,"E","SP",77
2023-06-06,"E","SP",68
2023-06-07,"E","SP",67
2023-06-08,"E","SP",72
2023-06-09,"E","SP",71
2023-06-10,"E","SP",63
2023-06-11,"E","SP",67
2023-06-12,"E","SP",71
2023-06-13,"E","SP",56
2023-06-14,"E","SP",64
2023-06-15,"E","SP",63
2023-06-16,"E","SP",55
2023-06-17,"E","SP",59
2023-06-18,"E","SP",55
2023-06-19,"E","SP",70
2023-06-20,"E","SP",72
2023-06-21,"E","SP",61
2023-06-22,"E","SP",80
2023-06-23,"E","SP",70
2023-06-24,"E","SP",69
2023-06-25,"E","SP",62
2023-06-26,"E","SP",64
2023-06-27,"E","SP",68
2023-06-28,"E","SP",80
2023-06-29,"E","SP",79
2023-06-30,"E","SP",75
2023-07-01,"E","SP",70
2023-07-02,"E","SP",68
2023-07-03,"E","SP",69
2023-07-04,"E","SP",68
2023-07-05,"E","SP",71
2023-07-06,"E","SP",77
2023-07-07,"E","SP",75
2023-07-08,"E","SP",53
2023-07-09,"E","SP",58
2023-07-10,"E","SP",45
2023-07-11,"E","SP",55
2023-07-12,"E","SP",62
2023-07-13,"E","SP",56
2023-07-14,"E","SP",66
2023-07-15,"E","SP",63
2023-07-16,"E","SP",66
2023-07-17,"E","SP",42
2023-07-18,"E","SP",51
2023-07-19,"E","SP",60
2023-07-20,"E","SP",47
2023-07-21,"E","SP",54
2023-07-22,"E","SP",56
2023-07-23,"E","SP",38
2023-07-24,"E","SP",46
2023-07-25,"E","SP",38
2023-07-26,"E","SP",50
2023-07-27,"E","SP",48
2023-07-28,"E","SP",37
2023-07-29,"E","SP",45
2023-07-30,"E","SP",37
2023-07-31,"E","SP",46
2023-08-01,"E","SP",41
2023-08-02,"E","SP",47
2023-08-03,"E","SP",55
2023-08-04,"E","SP",45
2023-08-05,"E","SP",52
2023-08-06,"E","SP",44
2023-08-07,"E","SP",48
2023-08-08,"E","SP",37
2023-08-09,"E","SP",40
2023-08-10,"E","SP",41
2023-08-11,"E","SP",36
2023-08-12,"E","SP",17
2023-08-13,"E","SP",21
2023-08-14,"E","SP",31
2023-08-15,"E","SP",19
2023-08-16,"E","SP",24
2023-08-17,"E","SP",19
2023-08-18,"E","SP",27
2023-08-19,"E","SP",22
2023-08-20,"E","SP",30
2023-08-21,"E","SP",32
2023-08-22,"E","SP",38
2023-08-23,"E","SP",57
2023-08-24,"E","SP",48
2023-08-25,"E","SP",54
2023-08-26,"E","SP",63
2023-08-27,"E","SP",56
2023-08-28,"E","SP",58
2023-08-29,"E","SP",71
2023-08-30,"E","SP",52
2023-08-31,"E","SP",52
2023-09-01,"E","SP",54
2023-09-02,"E","SP",59
2023-09-03,"E","SP",62
2023-09-04,"E","SP",55
2023-09-05,"E","SP",58
2023-09-06,"E","SP",61
2023-09-07,"E","SP",63
2023-09-08,"E","SP",68
2023-09-09,"E","SP",67
2023-09-10,"E","SP",71
2023-09-11,"E","SP",70
2023-09-12,"E","SP",79
2023-09-13,"E","SP",82
2023-09-14,"E","SP",94
2023-09-15,"E","SP",95
2023-09-16,"E","SP",80
2023-09-17,"E","SP",86
2023-09-18,"E","SP",85
2023-09-19,"E","SP",85
2023-09-20,"E","SP",89
2023-09-21,"E","SP",74
2023-09-22,"E","SP",85
2023-09-23,"E","SP",79
2023-09-24,"E","SP",80
2023-09-25,"E","SP",82
2023-09-26,"E","SP",87
2023-09-27,"E","SP",92
2023-09-28,"E","SP",99
2023-09-29,"E","SP",95
2023-09-30,"E","SP",93
2023-10-01,"E","SP",107
2023-10-02,"E","SP",113
2023-10-03,"E","SP",128
2023-10-04,"E","SP",116
2023-10-05,"E","SP",120
2023-10-06,"E","SP",118
2023-10-07,"E","SP",120
2023-10-08,"E","SP",117
2023-10-09,"E","SP",100
2023-10-10,"E","SP",104
2023-10-11,"E","SP",111
2023-10-12,"E","SP",114
2023-10-13,"E","SP",108
2023-10-14,"E","SP",117
2023-10-15,"E","SP",109
2023-10-16,"E","SP",106
2023-10-17,"E","SP",120
2023-10-18,"E","SP",109
2023-10-19,"E","SP",111
2023-10-20,"E","SP",112
2023-10-21,"E","SP",119
2023-10-22,"E","SP",125
2023-10-23,"E","SP",128
2023-10-24,"E","SP",110
2023-10-25,"E","SP",111
2023-10-26,"E","SP",109
2023-10-27,"E","SP",117
2023-10-28,"E","SP",117
2023-10-29,"E","SP",108
2023-10-30,"E","SP",109
2023-10-31,"E","SP",100
2023-11-01,"E","SP",113
2023-11-02,"E","SP",125
2023-11-03,"E","SP",113
2023-11-04,"E","SP",126
2023-11-05,"E","SP",126
2023-11-06,"E","SP",122
2023-11-07,"E","SP",127
2023-11-08,"E","SP",112
2023-11-09,"E","SP",120
2023-11-10,"E","SP",122
2023-11-11,"E","SP",111
2023-11-12,"E","SP",129
2023-11-13,"E","SP",131
2023-11-14,"E","SP",131
2023-11-15,"E","SP",133
2023-11-16,"E","SP",132
2023-11-17,"E","SP",151
2023-11-18,"E","SP",133
2023-11-19,"E","SP",136
2023-11-20,"E","SP",147
2023-11-21,"E","SP",137
2023-11-22,"E","SP",152
2023-11-23,"E","SP",143
2023-11-24,"E","SP",141
2023-11-25,"E","SP",146
2023-11-26,"E","SP",134
2023-11-27,"E","SP",138
2023-11-28,"E","SP",155
2023-11-29,"E","SP",143
2023-11-30,"E","SP",130
2023-12-01,"E","SP",134
2023-12-02,"E","SP",141
2023-12-03,"E","SP",139
2023-12-04,"E","SP",133
2023-12-05,"E","SP",152
2023-12-06,"E","SP",148
2023-12-07,"E","SP",149
2023-12-08,"E","SP",152
2023-12-09,"E","SP",157
2023-12-10,"E","SP",155
2023-12-11,"E","SP",155
2023-12-12,"E","SP",149
2023-12-13,"E","SP",156
2023-12-14,"E","SP",161
2023-12-15,"E","SP",159
2023-12-16,"E","SP",145
2023-12-17,"E","SP",151
2023-12-18,"E","SP",151
2023-12-19,"E","SP",166
2023-12-20,"E","SP",158
2023-12-21,"E","SP",161
2023-12-22,"E","SP",174
2023-12-23,"E","SP",152
2023-12-24,"E","SP",170
2023-12-25,"E","SP",162
2023-12-26,"E","SP",172
2023-12-27,"E","SP",171
2023-12-28,"E","SP",163
2023-12-29,"E","SP",174
2023-12-30,"E","SP",165
2021-01-02,"F","SP",1150
2021-01-03,"F","SP",1157
2021-01-04,"F","SP",1188
2021-01-05,"F","SP",1169
2021-01-06,"F","SP",1176
2021-01-07,"F","SP",1160
2021-01-08,"F","SP",1174
2021-01-09,"F","SP",1149
2021-01-10,"F","SP",1169
2021-01-11,"F","SP",1163
2021-01-12,"F","SP",1154
2021-01-13,"F","SP",1169
2021-01-14,"F","SP",1131
2021-01-15,"F","SP",1144
2021-01-16,"F","SP",1125
2021-01-17,"F","SP",1157
2021-01-18,"F","SP",1150
2021-01-19,"F","SP",1151
2021-01-20,"F","SP",1171
2021-01-21,"F","SP",1166
2021-01-22,"F","SP",1144
2021-01-23,"F","SP",1132
2021-01-24,"F","SP",1127
2021-01-25,"F","SP",1124
2021-01-26,"F","SP",1127
2021-01-27,"F","SP",1120
2021-01-28,"F","SP",1139
2021-01-29,"F","SP",1134
2021-01-30,"F","SP",1135
2021-01-31,"F","SP",1159
2021-02-01,"F","SP",1120
2021-02-02,"F","SP",1154
2021-02-03,"F","SP",1108
2021-02-04,"F","SP",1128
2021-02-05,"F","SP",1119
2021-02-06,"F","SP",1140
2021-02-07,"F","SP",1125
2021-02-08,"F","SP",1121
2021-02-09,"F","SP",1120
2021-02-10,"F","SP",1096
2021-02-11,"F","SP",1134
2021-02-12,"F","SP",1148
2021-02-13,"F","SP",1146
2021-02-14,"F","SP",1122
2021-02-15,"F","SP",1153
2021-02-16,"F","SP",1133
2021-02-17,"F","SP",1129
2021-02-18,"F","SP",1132
2021-02-19,"F","SP",1124
2021-02-20,"F","SP",1125
2021-02-21,"F","SP",1123
2021-02-22,"F","SP",1126
2021-02-23,"F","SP",1125
2021-02-24,"F","SP",1128
2021-02-25,"F","SP",1142
2021-02-26,"F","SP",1144
2021-02-27,"F","SP",1140
2021-02-28,"F","SP",1137
2021-03-01,"F","SP",1132
2021-03-02,"F","SP",1132
2021-03-03,"F","SP",1136
2021-03-04,"F","SP",1131
2021-03-05,"F","SP",1153
2021-03-06,"F","SP",1153
2021-03-07,"F","SP",1120
2021-03-08,"F","SP",1122
2021-03-09,"F","SP",1103
2021-03-10,"F","SP",1103
2021-03-11,"F","SP",1088
2021-03-12,"F","SP",1073
2021-03-13,"F","SP",1071
2021-03-14,"F","SP",1116
2021-03-15,"F","SP",1080
2021-03-16,"F","SP",1101
2021-03-17,"F","SP",1094
2021-03-18,"F","SP",1069
2021-03-19,"F","SP",1079
2021-03-20,"F","SP",1083
2021-03-21,"F","SP",1087
2021-03-22,"F","SP",1085
2021-03-23,"F","SP",1077
2021-03-24,"F","SP",1079
2021-03-25,"F","SP",1083
2021-03-26,"F","SP",1065
2021-03-27,"F","SP",1071
2021-03-28,"F","SP",1072
2021-03-29,"F","SP",1076
2021-03-30,"F","SP",1071
2021-03-31,"F","SP",1089
2021-04-01,"F","SP",1078
2021-04-02,"F","SP",1080
2021-04-03,"F","SP",1100
2021-04-04,"F","SP",1060
2021-04-05,"F","SP",1090
2021-04-06,"F","SP",1053
2021-04-07,"F","SP",1043
2021-04-08,"F","SP",1040
2021-04-09,"F","SP",1059
2021-04-10,"F","SP",1043
2021-04-11,"F","SP",1026
2021-04-12,"F","SP",1022
2021-04-13,"F","SP",1026
2021-04-14,"F","SP",1025
2021-04-15,"F","SP",1023
2021-04-16,"F","SP",1045
2021-04-17,"F","SP",1010
2021-04-18,"F","SP",1028
2021-04-19,"F","SP",1024
2021-04-20,"F","SP",1063
2021-04-21,"F","SP",1060
2021-04-22,"F","SP",1065
2021-04-23,"F","SP",1059
2021-04-24,"F","SP",1029
2021-04-25,"F","SP",1021
2021-04-26,"F","SP",1035
2021-04-27,"F","SP",1027
2021-04-28,"F","SP",1052
2021-04-29,"F","SP",1023
2021-04-30,"F","SP",1035
2021-05-01,"F","SP",1009
2021-05-02,"F","SP",1027
2021-05-03,"F","SP",1016
2021-05-04,"F","SP",1015
2021-05-05,"F","SP",1044
2021-05-06,"F","SP",1032
2021-05-07,"F","SP",1043
2021-05-08,"F","SP",1013
2021-05-09,"F","SP",1048
2021-05-10,"F","SP",1022
2021-05-11,"F","SP",1036
2021-05-12,"F","SP",1036
2021-05-13,"F","SP",1068
2021-05-14,"F","SP",1032
2021-05-15,"F","SP",1044
2021-05-16,"F","SP",1046
2021-05-17,"F","SP",1065
2021-05-18,"F","SP",1053
2021-05-19,"F","SP",1106
2021-05-20,"F","SP",1084
2021-05-21,"F","SP",1085
2021-05-22,"F","SP",1084
2021-05-23,"F","SP",1064
2021-05-24,"F","SP",1073
2021-05-25,"F","SP",1049
2021-05-26,"F","SP",1073
2021-05-27,"F","SP",1101
2021-05-28,"F","SP",1080
2021-05-29,"F","SP",1060
2021-05-30,"F","SP",1088
2021-05-31,"F","SP",1086
2021-06-01,"F","SP",1093
2021-06-02,"F","SP",1087
2021-06-03,"F","SP",1050
2021-06-04,"F","SP",1078
2021-06-05,"F","SP",1065
2021-06-06,"F","SP",1061
2021-06-07,"F","SP",1081
2021-06-08,"F","SP",1074
2021-06-09,"F","SP",1072
2021-06-10,"F","SP",1062
2021-06-11,"F","SP",1084
2021-06-12,"F","SP",1052
2021-06-13,"F","SP",1051
2021-06-14,"F","SP",1060
2021-06-15,"F","SP",1054
2021-06-16,"F","SP",1035
2021-06-17,"F","SP",1071
2021-06-18,"F","SP",1068
2021-06-19,"F","SP",1077
2021-06-20,"F","SP",1078
2021-06-21,"F","SP",1069
2021-06-22,"F","SP",1067
2021-06-23,"F","SP",1080
2021-06-24,"F","SP",1092
2021-06-25,"F","SP",1051
2021-06-26,"F","SP",1075
2021-06-27,"F","SP",1095
2021-06-28,"F","SP",1117
2021-06-29,"F","SP",1093
2021-06-30,"F","SP",1072
2021-07-01,"F","SP",1075
2021-07-02,"F","SP",1066
2021-07-03,"F","SP",1062
2021-07-04,"F","SP",1078
2021-07-05,"F","SP",1055
2021-07-06,"F","SP",1079
2021-07-07,"F","SP",1088
2021-07-08,"F","SP",1050
2021-07-09,"F","SP",1052
2021-07-10,"F","SP",1060
2021-07-11,"F","SP",1073
2021-07-12,"F","SP",1080
2021-07-13,"F","SP",1038
2021-07-14,"F","SP",1074
2021-07-15,"F","SP",1076
2021-07-16,"F","SP",1067
2021-07-17,"F","SP",1057
2021-07-18,"F","SP",1094
2021-07-19,"F","SP",1075
2021-07-20,"F","SP",1047
2021-07-21,"F","SP",1085
2021-07-22,"F","SP",1069
2021-07-23,"F","SP",1058
2021-07-24,"F","SP",1066
2021-07-25,"F","SP",1052
2021-07-26,"F","SP",1078
2021-07-27,"F","SP",1029
2021-07-28,"F","SP",1036
2021-07-29,"F","SP",1078
2021-07-30,"F","SP",1052
2021-07-31,"F","SP",1060
2021-08-01,"F","SP",1052
2021-08-02,"F","SP",1063
2021-08-03,"F","SP",1080
2021-08-04,"F","SP",1082
2021-08-05,"F","SP",1073
2021-08-06,"F","SP",1077
2021-08-07,"F","SP",1080
2021-08-08,"F","SP",1064
2021-08-09,"F","SP",1069
2021-08-10,"F","SP",1075
2021-08-11,"F","SP",1075
2021-08-12,"F","SP",1026
2021-08-13,"F","SP",1016
2021-08-14,"F","SP",1044
2021-08-15,"F","SP",1022
2021-08-16,"F","SP",1006
2021-08-17,"F","SP",1029
2021-08-18,"F","SP",1025
2021-08-19,"F","SP",1027
2021-08-20,"F","SP",1030
2021-08-21,"F","SP",1040
2021-08-22,"F","SP",1066
2021-08-23,"F","SP",1093
2021-08-24,"F","SP",1083
2021-08-25,"F","SP",1082
2021-08-26,"F","SP",1059
2021-08-27,"F","SP",1084
2021-08-28,"F","SP",1054
2021-08-29,"F","SP",1077
2021-08-30,"F","SP",1059
2021-08-31,"F","SP",1093
2021-09-01,"F","SP",1099
2021-09-02,"F","SP",1089
2021-09-03,"F","SP",1065
2021-09-04,"F","SP",1066
2021-09-05,"F","SP",1087
2021-09-06,"F","SP",1061
2021-09-07,"F","SP",1092
2021-09-08,"F","SP",1101
2021-09-09,"F","SP",1100
2021-09-10,"F","SP",1110
2021-09-11,"F","SP",1093
2021-09-12,"F","SP",1097
2021-09-13,"F","SP",1143
2021-09-14,"F","SP",1135
2021-09-15,"F","SP",1160
2021-09-16,"F","SP",1120
2021-09-17,"F","SP",1100
2021-09-18,"F","SP",1126
2021-09-19,"F","SP",1130
2021-09-20,"F","SP",1146
2021-09-21,"F","SP",1123
2021-09-22,"F","SP",1127
2021-09-23,"F","SP",1130
2021-09-24,"F","SP",1123
2021-09-25,"F","SP",1122
2021-09-26,"F","SP",1107
2021-09-27,"F","SP",1130
2021-09-28,"F","SP",1147
2021-09-29,"F","SP",1153
2021-09-30,"F","SP",1140
2021-10-01,"F","SP",1163
2021-10-02,"F","SP",1176
2021-10-03,"F","SP",1181
2021-10-04,"F","SP",1172
2021-10-05,"F","SP",1148
2021-10-06,"F","SP",1158
2021-10-07,"F","SP",1170
2021-10-08,"F","SP",1193
2021-10-09,"F","SP",1168
2021-10-10,"F","SP",1143
2021-10-11,"F","SP",1156
2021-10-12,"F","SP",1165
2021-10-13,"F","SP",1165
2021-10-14,"F","SP",1147
2021-10-15,"F","SP",1161
2021-10-16,"F","SP",1144
2021-10-17,"F","SP",1173
2021-10-18,"F","SP",1174
2021-10-19,"F","SP",1162
2021-10-20,"F","SP",1188
2021-10-21,"F","SP",1147
2021-10-22,"F","SP",1178
2021-10-23,"F","SP",1159
2021-10-24,"F","SP",1157
2021-10-25,"F","SP",1182
2021-10-26,"F","SP",1154
2021-10-27,"F","SP",1156
2021-10-28,"F","SP",1167
2021-10-29,"F","SP",1138
2021-10-30,"F","SP",1145
2021-10-31,"F","SP",1140
2021-11-01,"F","SP",1139
2021-11-02,"F","SP",1167
2021-11-03,"F","SP",1165
2021-11-04,"F","SP",1160
2021-11-05,"F","SP",1185
2021-11-06,"F","SP",1140
2021-11-07,"F","SP",1142
2021-11-08,"F","SP",1147
2021-11-09,"F","SP",1162
2021-11-10,"F","SP",1152
2021-11-11,"F","SP",1154
2021-11-12,"F","SP",1178
2021-11-13,"F","SP",1172
2021-11-14,"F","SP",1169
2021-11-15,"F","SP",1152
2021-11-16,"F","SP",1165
2021-11-17,"F","SP",1184
2021-11-18,"F","SP",1187
2021-11-19,"F","SP",1172
2021-11-20,"F","SP",1187
2021-11-21,"F","SP",1212
2021-11-22,"F","SP",1193
2021-11-23,"F","SP",1167
2021-11-24,"F","SP",1188
2021-11-25,"F","SP",1186
2021-11-26,"F","SP",1169
2021-11-27,"F","SP",1191
2021-11-28,"F","SP",1177
2021-11-29,"F","SP",1178
2021-11-30,"F","SP",1168
2021-12-01,"F","SP",1179
2021-12-02,"F","SP",1167
2021-12-03,"F","SP",1148
2021-12-04,"F","SP",1183
2021-12-05,"F","SP",1174
2021-12-06,"F","SP",1155
2021-12-07,"F","SP",1201
2021-12-08,"F","SP",1168
2021-12-09,"F","SP",1174
2021-12-10,"F","SP",1190
2021-12-11,"F","SP",1172
2021-12-12,"F","SP",1196
2021-12-13,"F","SP",1180
2021-12-14,"F","SP",1192
2021-12-15,"F","SP",1183
2021-12-16,"F","SP",1167
2021-12-17,"F","SP",1173
2021-12-18,"F","SP",1167
2021-12-19,"F","SP",1184
2021-12-20,"F","SP",1173
2021-12-21,"F","SP",1185
2021-12-22,"F","SP",1169
2021-12-23,"F","SP",1188
2021-12-24,"F","SP",1169
2021-12-25,"F","SP",1186
2021-12-26,"F","SP",1174
2021-12-27,"F","SP",1167
2021-12-28,"F","SP",1176
2021-12-29,"F","SP",1164
2021-12-30,"F","SP",1166
2022-01-02,"F","SP",1204
2022-01-03,"F","SP",1176
2022-01-04,"F","SP",1170
2022-01-05,"F","SP",1203
2022-01-06,"F","SP",1179
2022-01-07,"F","SP",1154
2022-01-08,"F","SP",1165
2022-01-09,"F","SP",1160
2022-01-10,"F","SP",1161
2022-01-11,"F","SP",1185
2022-01-12,"F","SP",1161
2022-01-13,"F","SP",1146
2022-01-14,"F","SP",1162
2022-01-15,"F","SP",1145
2022-01-16,"F","SP",1140
2022-01-17,"F","SP",1144
2022-01-18,"F","SP",1153
2022-01-19,"F","SP",1141
2022-01-20,"F","SP",1133
2022-01-21,"F","SP",1144
2022-01-22,"F","SP",1124
2022-01-23,"F","SP",1153
2022-01-24,"F","SP",1128
2022-01-25,"F","SP",1162
2022-01-26,"F","SP",1135
2022-01-27,"F","SP",1130
2022-01-28,"F","SP",1110
2022-01-29,"F","SP",1140
2022-01-30,"F","SP",1107
2022-01-31,"F","SP",1118
2022-02-01,"F","SP",1125
2022-02-02,"F","SP",1121
2022-02-03,"F","SP",1096
2022-02-04,"F","SP",1098
2022-02-05,"F","SP",1089
2022-02-06,"F","SP",1090
2022-02-07,"F","SP",1103
2022-02-08,"F","SP",1097
2022-02-09,"F","SP",1093
2022-02-10,"F","SP",1080
2022-02-11,"F","SP",1117
2022-02-12,"F","SP",1097
2022-02-13,"F","SP",1112
2022-02-14,"F","SP",1106
2022-02-15,"F","SP",1104
2022-02-16,"F","SP",1103
2022-02-17,"F","SP",1113
2022-02-18,"F","SP",1108
2022-02-19,"F","SP",1110
2022-02-20,"F","SP",1084
2022-02-21,"F","SP",1080
2022-02-22,"F","SP",1079
2022-02-23,"F","SP",1085
2022-02-24,"F","SP",1100
2022-02-25,"F","SP",1075
2022-02-26,"F","SP",1081
2022-02-27,"F","SP",1099
2022-02-28,"F","SP",1083
2022-03-01,"F","SP",1086
2022-03-02,"F","SP",1088
2022-03-03,"F","SP",1076
2022-03-04,"F","SP",1055
2022-03-05,"F","SP",1069
2022-03-06,"F","SP",1062
2022-03-07,"F","SP",1061
2022-03-08,"F","SP",1040
2022-03-09,"F","SP",1040
2022-03-10,"F","SP",1023
2022-03-11,"F","SP",1029
2022-03-12,"F","SP",1028
2022-03-13,"F","SP",1016
2022-03-14,"F","SP",1029
2022-03-15,"F","SP",1024
2022-03-16,"F","SP",1046
2022-03-17,"F","SP",1038
2022-03-18,"F","SP",1031
2022-03-19,"F","SP",1003
2022-03-20,"F","SP",1013
2022-03-21,"F","SP",1014
2022-03-22,"F","SP",1030
2022-03-23,"F","SP",1039
2022-03-24,"F","SP",1000
2022-03-25,"F","SP",992
2022-03-26,"F","SP",1007
2022-03-27,"F","SP",973
2022-03-28,"F","SP",974
2022-03-29,"F","SP",1016
2022-03-30,"F","SP",993
2022-03-31,"F","SP",968
2022-04-01,"F","SP",969
2022-04-02,"F","SP",956
2022-04-03,"F","SP",971
2022-04-04,"F","SP",943
2022-04-05,"F","SP",966
2022-04-06,"F","SP",933
2022-04-07,"F","SP",923
2022-04-08,"F","SP",909
2022-04-09,"F","SP",924
2022-04-10,"F","SP",900
2022-04-11,"F","SP",890
2022-04-12,"F","SP",893
2022-04-13,"F","SP",921
2022-04-14,"F","SP",909
2022-04-15,"F","SP",888
2022-04-16,"F","SP",898
2022-04-17,"F","SP",903
2022-04-18,"F","SP",890
2022-04-19,"F","SP",903
2022-04-20,"F","SP",915
2022-04-21,"F","SP",905
2022-04-22,"F","SP",932
2022-04-23,"F","SP",927
2022-04-24,"F","SP",913
2022-04-25,"F","SP",894
2022-04-26,"F","SP",903
2022-04-27,"F","SP",910
2022-04-28,"F","SP",900
2022-04-29,"F","SP",901
2022-04-30,"F","SP",879
2022-05-01,"F","SP",867
2022-05-02,"F","SP",875
2022-05-03,"F","SP",869
2022-05-04,"F","SP",859
2022-05-05,"F","SP",902
2022-05-06,"F","SP",907
2022-05-07,"F","SP",866
2022-05-08,"F","SP",888
2022-05-09,"F","SP",855
2022-05-10,"F","SP",859
2022-05-11,"F","SP",886
2022-05-12,"F","SP",899
2022-05-13,"F","SP",924
2022-05-14,"F","SP",910
2022-05-15,"F","SP",884
2022-05-16,"F","SP",870
2022-05-17,"F","SP",886
2022-05-18,"F","SP",923
2022-05-19,"F","SP",950
2022-05-20,"F","SP",923
2022-05-21,"F","SP",912
2022-05-22,"F","SP",929
2022-05-23,"F","SP",897
2022-05-24,"F","SP",931
2022-05-25,"F","SP",895
2022-05-26,"F","SP",927
2022-05-27,"F","SP",914
2022-05-28,"F","SP",905
2022-05-29,"F","SP",919
2022-05-30,"F","SP",917
2022-05-31,"F","SP",869
2022-06-01,"F","SP",870
2022-06-02,"F","SP",895
2022-06-03,"F","SP",869
2022-06-04,"F","SP",877
2022-06-05,"F","SP",882
2022-06-06,"F","SP",905
2022-06-07,"F","SP",887
2022-06-08,"F","SP",891
2022-06-09,"F","SP",891
2022-06-10,"F","SP",869
2022-06-11,"F","SP",891
2022-06-12,"F","SP",875
2022-06-13,"F","SP",874
2022-06-14,"F","SP",886
2022-06-15,"F","SP",880
2022-06-16,"F","SP",852
2022-06-17,"F","SP",870
2022-06-18,"F","SP",878
2022-06-19,"F","SP",875
2022-06-20,"F","SP",876
2022-06-21,"F","SP",896
2022-06-22,"F","SP",874
2022-06-23,"F","SP",875
2022-06-24,"F","SP",880
2022-06-25,"F","SP",834
2022-06-26,"F","SP",875
2022-06-27,"F","SP",889
2022-06-28,"F","SP",883
2022-06-29,"F","SP",880
2022-06-30,"F","SP",886
2022-07-01,"F","SP",875
2022-07-02,"F","SP",848
2022-07-03,"F","SP",874
2022-07-04,"F","SP",817
2022-07-05,"F","SP",879
2022-07-06,"F","SP",865
2022-07-07,"F","SP",847
2022-07-08,"F","SP",859
2022-07-09,"F","SP",858
2022-07-10,"F","SP",824
2022-07-11,"F","SP",819
2022-07-12,"F","SP",823
2022-07-13,"F","SP",856
2022-07-14,"F","SP",871
2022-07-15,"F","SP",837
2022-07-16,"F","SP",866
2022-07-17,"F","SP",821
2022-07-18,"F","SP",836
2022-07-19,"F","SP",856
2022-07-20,"F","SP",823
2022-07-21,"F","SP",847
2022-07-22,"F","SP",831
2022-07-23,"F","SP",818
2022-07-24,"F","SP",838
2022-07-25,"F","SP",831
2022-07-26,"F","SP",865
2022-07-27,"F","SP",821
2022-07-28,"F","SP",806
2022-07-29,"F","SP",820
2022-07-30,"F","SP",810
2022-07-31,"F","SP",820
2022-08-01,"F","SP",832
2022-08-02,"F","SP",828
2022-08-03,"F","SP",839
2022-08-04,"F","SP",854
2022-08-05,"F","SP",831
2022-08-06,"F","SP",822
2022-08-07,"F","SP",825
2022-08-08,"F","SP",817
2022-08-09,"F","SP",819
2022-08-10,"F","SP",807
2022-08-11,"F","SP",803
2022-08-12,"F","SP",776
2022-08-13,"F","SP",829
2022-08-14,"F","SP",829
2022-08-15,"F","SP",819
2022-08-16,"F","SP",797
2022-08-17,"F","SP",808
2022-08-18,"F","SP",817
2022-08-19,"F","SP",802
2022-08-20,"F","SP",809
2022-08-21,"F","SP",790
2022-08-22,"F","SP",825
2022-08-23,"F","SP",828
2022-08-24,"F","SP",814
2022-08-25,"F","SP",831
2022-08-26,"F","SP",861
2022-08-27,"F","SP",850
2022-08-28,"F","SP",828
2022-08-29,"F","SP",833
2022-08-30,"F","SP",818
2022-08-31,"F","SP",875
2022-09-01,"F","SP",823
2022-09-02,"F","SP",851
2022-09-03,"F","SP",831
2022-09-04,"F","SP",838
2022-09-05,"F","SP",839
2022-09-06,"F","SP",836
2022-09-07,"F","SP",845
2022-09-08,"F","SP",865
2022-09-09,"F","SP",851
2022-09-10,"F","SP",856
2022-09-11,"F","SP",860
2022-09-12,"F","SP",853
2022-09-13,"F","SP",907
2022-09-14,"F","SP",899
2022-09-15,"F","SP",867
2022-09-16,"F","SP",885
2022-09-17,"F","SP",846
2022-09-18,"F","SP",871
2022-09-19,"F","SP",855
2022-09-20,"F","SP",856
2022-09-21,"F","SP",891
2022-09-22,"F","SP",856
2022-09-23,"F","SP",847
2022-09-24,"F","SP",879
2022-09-25,"F","SP",851
2022-09-26,"F","SP",830
2022-09-27,"F","SP",893
2022-09-28,"F","SP",880
2022-09-29,"F","SP",879
2022-09-30,"F","SP",896
2022-10-01,"F","SP",890
2022-10-02,"F","SP",921
2022-10-03,"F","SP",919
2022-10-04,"F","SP",926
2022-10-05,"F","SP",867
2022-10-06,"F","SP",891
2022-10-07,"F","SP",916
2022-10-08,"F","SP",947
2022-10-09,"F","SP",916
2022-10-10,"F","SP",892
2022-10-11,"F","SP",870
2022-10-12,"F","SP",881
2022-10-13,"F","SP",897
2022-10-14,"F","SP",897
2022-10-15,"F","SP",887
2022-10-16,"F","SP",871
2022-10-17,"F","SP",889
2022-10-18,"F","SP",889
2022-10-19,"F","SP",903
2022-10-20,"F","SP",900
2022-10-21,"F","SP",893
2022-10-22,"F","SP",904
2022-10-23,"F","SP",901
2022-10-24,"F","SP",885
2022-10-25,"F","SP",887
2022-10-26,"F","SP",914
2022-10-27,"F","SP",863
2022-10-28,"F","SP",907
2022-10-29,"F","SP",882
2022-10-30,"F","SP",868
2022-10-31,"F","SP",890
2022-11-01,"F","SP",879
2022-11-02,"F","SP",896
2022-11-03,"F","SP",905
2022-11-04,"F","SP",893
2022-11-05,"F","SP",933
2022-11-06,"F","SP",926
2022-11-07,"F","SP",880
2022-11-08,"F","SP",890
2022-11-09,"F","SP",884
2022-11-10,"F","SP",878
2022-11-11,"F","SP",895
2022-11-12,"F","SP",900
2022-11-13,"F","SP",913
2022-11-14,"F","SP",910
2022-11-15,"F","SP",931
2022-11-16,"F","SP",909
2022-11-17,"F","SP",910
2022-11-18,"F","SP",934
2022-11-19,"F","SP",917
2022-11-20,"F","SP",927
2022-11-21,"F","SP",947
2022-11-22,"F","SP",924
2022-11-23,"F","SP",921
2022-11-24,"F","SP",927
2022-11-25,"F","SP",905
2022-11-26,"F","SP",906
2022-11-27,"F","SP",916
2022-11-28,"F","SP",952
2022-11-29,"F","SP",921
2022-11-30,"F","SP",911
2022-12-01,"F","SP",941
2022-12-02,"F","SP",906
2022-12-03,"F","SP",902
2022-12-04,"F","SP",913
2022-12-05,"F","SP",905
2022-12-06,"F","SP",899
2022-12-07,"F","SP",923
2022-12-08,"F","SP",895
2022-12-09,"F","SP",891
2022-12-10,"F","SP",907
2022-12-11,"F","SP",918
2022-12-12,"F","SP",935
2022-12-13,"F","SP",957
2022-12-14,"F","SP",946
2022-12-15,"F","SP",949
2022-12-16,"F","SP",929
2022-12-17,"F","SP",915
2022-12-18,"F","SP",912
2022-12-19,"F","SP",922
2022-12-20,"F","SP",922
2022-12-21,"F","SP",927
2022-12-22,"F","SP",938
2022-12-23,"F","SP",920
2022-12-24,"F","SP",928
2022-12-25,"F","SP",959
2022-12-26,"F","SP",931
2022-12-27,"F","SP",925
2022-12-28,"F","SP",946
2022-12-29,"F","SP",933
2022-12-30,"F","SP",928
2023-01-02,"F","SP",936
2023-01-03,"F","SP",935
2023-01-04,"F","SP",912
2023-01-05,"F","SP",957
2023-01-06,"F","SP",950
2023-01-07,"F","SP",919
2023-01-08,"F","SP",936
2023-01-09,"F","SP",917
2023-01-10,"F","SP",953
2023-01-11,"F","SP",926
2023-01-12,"F","SP",934
2023-01-13,"F","SP",924
2023-01-14,"F","SP",929
2023-01-15,"F","SP",930
2023-01-16,"F","SP",920
2023-01-17,"F","SP",942
2023-01-18,"F","SP",934
2023-01-19,"F","SP",920
2023-01-20,"F","SP",921
2023-01-21,"F","SP",934
2023-01-22,"F","SP",920
2023-01-23,"F","SP",902
2023-01-24,"F","SP",911
2023-01-25,"F","SP",920
2023-01-26,"F","SP",926
2023-01-27,"F","SP",918
2023-01-28,"F","SP",905
2023-01-29,"F","SP",921
2023-01-30,"F","SP",905
2023-01-31,"F","SP",892
2023-02-01,"F","SP",879
2023-02-02,"F","SP",916
2023-02-03,"F","SP",899
2023-02-04,"F","SP",886
2023-02-05,"F","SP",855
2023-02-06,"F","SP",859
2023-02-07,"F","SP",891
2023-02-08,"F","SP",897
2023-02-09,"F","SP",896
2023-02-10,"F","SP",895
2023-02-11,"F","SP",902
2023-02-12,"F","SP",924
2023-02-13,"F","SP",897
2023-02-14,"F","SP",898
2023-02-15,"F","SP",904
2023-02-16,"F","SP",874
2023-02-17,"F","SP",876
2023-02-18,"F","SP",917
2023-02-19,"F","SP",892
2023-02-20,"F","SP",900
2023-02-21,"F","SP",893
2023-02-22,"F","SP",891
2023-02-23,"F","SP",911
2023-02-24,"F","SP",891
2023-02-25,"F","SP",879
2023-02-26,"F","SP",898
2023-02-27,"F","SP",887
2023-02-28,"F","SP",861
2023-03-01,"F","SP",884
2023-03-02,"F","SP",889
2023-03-03,"F","SP",890
2023-03-04,"F","SP",867
2023-03-05,"F","SP",867
2023-03-06,"F","SP",896
2023-03-07,"F","SP",886
2023-03-08,"F","SP",880
2023-03-09,"F","SP",865
2023-03-10,"F","SP",856
2023-03-11,"F","SP",832
2023-03-12,"F","SP",833
2023-03-13,"F","SP",822
2023-03-14,"F","SP",865
2023-03-15,"F","SP",862
2023-03-16,"F","SP",859
2023-03-17,"F","SP",833
2023-03-18,"F","SP",844
2023-03-19,"F","SP",808
2023-03-20,"F","SP",824
2023-03-21,"F","SP",847
2023-03-22,"F","SP",819
2023-03-23,"F","SP",828
2023-03-24,"F","SP",850
2023-03-25,"F","SP",796
2023-03-26,"F","SP",830
2023-03-27,"F","SP",819
2023-03-28,"F","SP",798
2023-03-29,"F","SP",810
2023-03-30,"F","SP",799
2023-03-31,"F","SP",798
2023-04-01,"F","SP",800
2023-04-02,"F","SP",783
2023-04-03,"F","SP",796
2023-04-04,"F","SP",791
2023-04-05,"F","SP",808
2023-04-06,"F","SP",776
2023-04-07,"F","SP",740
2023-04-08,"F","SP",747
2023-04-09,"F","SP",757
2023-04-10,"F","SP",754
2023-04-11,"F","SP",746
2023-04-12,"F","SP",748
2023-04-13,"F","SP",738
2023-04-14,"F","SP",747
2023-04-15,"F","SP",752
2023-04-16,"F","SP",731
2023-04-17,"F","SP",745
2023-04-18,"F","SP",702
2023-04-19,"F","SP",719
2023-04-20,"F","SP",729
2023-04-21,"F","SP",740
2023-04-22,"F","SP",779
2023-04-23,"F","SP",785
2023-04-24,"F","SP",734
2023-04-25,"F","SP",730
2023-04-26,"F","SP",734
2023-04-27,"F","SP",738
2023-04-28,"F","SP",746
2023-04-29,"F","SP",753
2023-04-30,"F","SP",727
2023-05-01,"F","SP",725
2023-05-02,"F","SP",737
2023-05-03,"F","SP",707
2023-05-04,"F","SP",719
2023-05-05,"F","SP",749
2023-05-06,"F","SP",750
2023-05-07,"F","SP",744
2023-05-08,"F","SP",735
2023-05-09,"F","SP",727
2023-05-10,"F","SP",724
2023-05-11,"F","SP",712
2023-05-12,"F","SP",765
2023-05-13,"F","SP",753
2023-05-14,"F","SP",771
2023-05-15,"F","SP",734
2023-05-16,"F","SP",752
2023-05-17,"F","SP",728
2023-05-18,"F","SP",763
2023-05-19,"F","SP",768
2023-05-20,"F","SP",783
2023-05-21,"F","SP",736
2023-05-22,"F","SP",742
2023-05-23,"F","SP",785
2023-05-24,"F","SP",788
2023-05-25,"F","SP",766
2023-05-26,"F","SP",765
2023-05-27,"F","SP",790
2023-05-28,"F","SP",755
2023-05-29,"F","SP",771
2023-05-30,"F","SP",778
2023-05-31,"F","SP",734
2023-06-01,"F","SP",744
2023-06-02,"F","SP",727
2023-06-03,"F","SP",713
2023-06-04,"F","SP",767
2023-06-05,"F","SP",730
2023-06-06,"F","SP",732
2023-06-07,"F","SP",738
2023-06-08,"F","SP",768
2023-06-09,"F","SP",799
2023-06-10,"F","SP",711
2023-06-11,"F","SP",738
2023-06-12,"F","SP",753
2023-06-13,"F","SP",701
2023-06-14,"F","SP",723
2023-06-15,"F","SP",729
2023-06-16,"F","SP",732
2023-06-17,"F","SP",718
2023-06-18,"F","SP",732
2023-06-19,"F","SP",752
2023-06-20,"F","SP",763
2023-06-21,"F","SP",731
2023-06-22,"F","SP",773
2023-06-23,"F","SP",764
2023-06-24,"F","SP",749
2023-06-25,"F","SP",722
2023-06-26,"F","SP",745
2023-06-27,"F","SP",728
2023-06-28,"F","SP",766
2023-06-29,"F","SP",776
2023-06-30,"F","SP",760
2023-07-01,"F","SP",702
2023-07-02,"F","SP",708
2023-07-03,"F","SP",770
2023-07-04,"F","SP",713
2023-07-05,"F","SP",728
2023-07-06,"F","SP",730
2023-07-07,"F","SP",719
2023-07-08,"F","SP",716
2023-07-09,"F","SP",704
2023-07-10,"F","SP",694
2023-07-11,"F","SP",730
2023-07-12,"F","SP",716
2023-07-13,"F","SP",667
2023-07-14,"F","SP",722
2023-07-15,"F","SP",714
2023-07-16,"F","SP",696
2023-07-17,"F","SP",725
2023-07-18,"F","SP",696
2023-07-19,"F","SP",711
2023-07-20,"F","SP",705
2023-07-21,"F","SP",704
2023-07-22,"F","SP",693
2023-07-23,"F","SP",649
2023-07-24,"F","SP",675
2023-07-25,"F","SP",677
2023-07-26,"F","SP",717
2023-07-27,"F","SP",667
2023-07-28,"F","SP",673
2023-07-29,"F","SP",689
2023-07-30,"F","SP",656
2023-07-31,"F","SP",697
2023-08-01,"F","SP",680
2023-08-02,"F","SP",687
2023-08-03,"F","SP",723
2023-08-04,"F","SP",736
2023-08-05,"F","SP",677
2023-08-06,"F","SP",717
2023-08-07,"F","SP",687
2023-08-08,"F","SP",682
2023-08-09,"F","SP",680
2023-08-10,"F","SP",648
2023-08-11,"F","SP",660
2023-08-12,"F","SP",647
2023-08-13,"F","SP",632
2023-08-14,"F","SP",661
2023-08-15,"F","SP",649
2023-08-16,"F","SP",620
2023-08-17,"F","SP",648
2023-08-18,"F","SP",625
2023-08-19,"F","SP",630
2023-08-20,"F","SP",654
2023-08-21,"F","SP",637
2023-08-22,"F","SP",669
2023-08-23,"F","SP",680
2023-08-24,"F","SP",654
2023-08-25,"F","SP",665
2023-08-26,"F","SP",647
2023-08-27,"F","SP",675
2023-08-28,"F","SP",660
2023-08-29,"F","SP",673
2023-08-30,"F","SP",679
2023-08-31,"F","SP",674
2023-09-01,"F","SP",652
2023-09-02,"F","SP",689
2023-09-03,"F","SP",670
2023-09-04,"F","SP",680
2023-09-05,"F","SP",649
2023-09-06,"F","SP",657
2023-09-07,"F","SP",658
2023-09-08,"F","SP",668
2023-09-09,"F","SP",688
2023-09-10,"F","SP",681
2023-09-11,"F","SP",702
2023-09-12,"F","SP",698
2023-09-13,"F","SP",706
2023-09-14,"F","SP",710
2023-09-15,"F","SP",725
2023-09-16,"F","SP",689
2023-09-17,"F","SP",653
2023-09-18,"F","SP",709
2023-09-19,"F","SP",675
2023-09-20,"F","SP",707
2023-09-21,"F","SP",715
2023-09-22,"F","SP",663
2023-09-23,"F","SP",678
2023-09-24,"F","SP",692
2023-09-25,"F","SP",666
2023-09-26,"F","SP",658
2023-09-27,"F","SP",734
2023-09-28,"F","SP",698
2023-09-29,"F","SP",722
2023-09-30,"F","SP",726
2023-10-01,"F","SP",726
2023-10-02,"F","SP",756
2023-10-03,"F","SP",746
2023-10-04,"F","SP",755
2023-10-05,"F","SP",713
2023-10-06,"F","SP",725
2023-10-07,"F","SP",728
2023-10-08,"F","SP",745
2023-10-09,"F","SP",725
2023-10-10,"F","SP",699
2023-10-11,"F","SP",705
2023-10-12,"F","SP",710
2023-10-13,"F","SP",704
2023-10-14,"F","SP",716
2023-10-15,"F","SP",739
2023-10-16,"F","SP",695
2023-10-17,"F","SP",718
2023-10-18,"F","SP",703
2023-10-19,"F","SP",696
2023-10-20,"F","SP",733
2023-10-21,"F","SP",714
2023-10-22,"F","SP",709
2023-10-23,"F","SP",725
2023-10-24,"F","SP",716
2023-10-25,"F","SP",703
2023-10-26,"F","SP",727
2023-10-27,"F","SP",680
2023-10-28,"F","SP",698
2023-10-29,"F","SP",679
2023-10-30,"F","SP",691
2023-10-31,"F","SP",722
2023-11-01,"F","SP",680
2023-11-02,"F","SP",692
2023-11-03,"F","SP",701
2023-11-04,"F","SP",728
2023-11-05,"F","SP",727
2023-11-06,"F","SP",707
2023-11-07,"F","SP",693
2023-11-08,"F","SP",684
2023-11-09,"F","SP",670
2023-11-10,"F","SP",666
2023-11-11,"F","SP",668
2023-11-12,"F","SP",701
2023-11-13,"F","SP",716
2023-11-14,"F","SP",703
2023-11-15,"F","SP",717
2023-11-16,"F","SP",708
2023-11-17,"F","SP",721
2023-11-18,"F","SP",706
2023-11-19,"F","SP",689
2023-11-20,"F","SP",693
2023-11-21,"F","SP",729
2023-11-22,"F","SP",707
2023-11-23,"F","SP",715
2023-11-24,"F","SP",704
2023-11-25,"F","SP",685
2023-11-26,"F","SP",673
2023-11-27,"F","SP",732
2023-11-28,"F","SP",691
2023-11-29,"F","SP",690
2023-11-30,"F","SP",681
2023-12-01,"F","SP",707
2023-12-02,"F","SP",689
2023-12-03,"F","SP",669
2023-12-04,"F","SP",711
2023-12-05,"F","SP",700
2023-12-06,"F","SP",669
2023-12-07,"F","SP",732
2023-12-08,"F","SP",699
2023-12-09,"F","SP",714
2023-12-10,"F","SP",709
2023-12-11,"F","SP",719
2023-12-12,"F","SP",724
2023-12-13,"F","SP",708
2023-12-14,"F","SP",705
2023-12-15,"F","SP",706
2023-12-16,"F","SP",687
2023-12-17,"F","SP",689
2023-12-18,"F","SP",725
2023-12-19,"F","SP",712
2023-12-20,"F","SP",675
2023-12-21,"F","SP",698
2023-12-22,"F","SP",709
2023-12-23,"F","SP",694
2023-12-24,"F","SP",697
2023-12-25,"F","SP",698
2023-12-26,"F","SP",675
2023-12-27,"F","SP",680
2023-12-28,"F","SP",696
2023-12-29,"F","SP",722
2023-12-30,"F","SP",671
2021-01-02,"A","HE",479
2021-01-03,"A","HE",496
2021-01-04,"A","HE",478
2021-01-05,"A","HE",493
2021-01-06,"A","HE",481
2021-01-07,"A","HE",482
2021-01-08,"A","HE",482
2021-01-09,"A","HE",467
2021-01-10,"A","HE",478
2021-01-11,"A","HE",482
2021-01-12,"A","HE",478
2021-01-13,"A","HE",479
2021-01-14,"A","HE",468
2021-01-15,"A","HE",464
2021-01-16,"A","HE",481
2021-01-17,"A","HE",473
2021-01-18,"A","HE",475
2021-01-19,"A","HE",459
2021-01-20,"A","HE",464
2021-01-21,"A","HE",466
2021-01-22,"A","HE",474
2021-01-23,"A","HE",465
2021-01-24,"A","HE",463
2021-01-25,"A","HE",456
2021-01-26,"A","HE",464
2021-01-27,"A","HE",462
2021-01-28,"A","HE",470
2021-01-29,"A","HE",460
2021-01-30,"A","HE",457
2021-01-31,"A","HE",470
2021-02-01,"A","HE",448
2021-02-02,"A","HE",463
2021-02-03,"A","HE",454
2021-02-04,"A","HE",452
2021-02-05,"A","HE",457
2021-02-06,"A","HE",445
2021-02-07,"A","HE",442
2021-02-08,"A","HE",445
2021-02-09,"A","HE",460
2021-02-10,"A","HE",453
2021-02-11,"A","HE",458
2021-02-12,"A","HE",466
2021-02-13,"A","HE",461
2021-02-14,"A","HE",458
2021-02-15,"A","HE",466
2021-02-16,"A","HE",460
2021-02-17,"A","HE",465
2021-02-18,"A","HE",474
2021-02-19,"A","HE",463
2021-02-20,"A","HE",449
2021-02-21,"A","HE",458
2021-02-22,"A","HE",460
2021-02-23,"A","HE",462
2021-02-24,"A","HE",459
2021-02-25,"A","HE",449
2021-02-26,"A","HE",460
2021-02-27,"A","HE",445
2021-02-28,"A","HE",460
2021-03-01,"A","HE",457
2021-03-02,"A","HE",450
2021-03-03,"A","HE",459
2021-03-04,"A","HE",449
2021-03-05,"A","HE",455
2021-03-06,"A","HE",462
2021-03-07,"A","HE",442
2021-03-08,"A","HE",440
2021-03-09,"A","HE",433
2021-03-10,"A","HE",426
2021-03-11,"A","HE",419
2021-03-12,"A","HE",423
2021-03-13,"A","HE",440
2021-03-14,"A","HE",420
2021-03-15,"A","HE",427
2021-03-16,"A","HE",427
2021-03-17,"A","HE",412
2021-03-18,"A","HE",416
2021-03-19,"A","HE",425
2021-03-20,"A","HE",406
2021-03-21,"A","HE",410
2021-03-22,"A","HE",417
2021-03-23,"A","HE",416
2021-03-24,"A","HE",418
2021-03-25,"A","HE",413
2021-03-26,"A","HE",408
2021-03-27,"A","HE",401
2021-03-28,"A","HE",394
2021-03-29,"A","HE",403
2021-03-30,"A","HE",414
2021-03-31,"A","HE",398
2021-04-01,"A","HE",400
2021-04-02,"A","HE",397
2021-04-03,"A","HE",403
2021-04-04,"A","HE",398
2021-04-05,"A","HE",400
2021-04-06,"A","HE",395
2021-04-07,"A","HE",389
2021-04-08,"A","HE",376
2021-04-09,"A","HE",374
2021-04-10,"A","HE",375
2021-04-11,"A","HE",361
2021-04-12,"A","HE",366
2021-04-13,"A","HE",352
2021-04-14,"A","HE",368
2021-04-15,"A","HE",362
2021-04-16,"A","HE",361
2021-04-17,"A","HE",365
2021-04-18,"A","HE",357
2021-04-19,"A","HE",374
2021-04-20,"A","HE",380
2021-04-21,"A","HE",382
2021-04-22,"A","HE",371
2021-04-23,"A","HE",385
2021-04-24,"A","HE",385
2021-04-25,"A","HE",370
2021-04-26,"A","HE",370
2021-04-27,"A","HE",378
2021-04-28,"A","HE",375
2021-04-29,"A","HE",376
2021-04-30,"A","HE",370
2021-05-01,"A","HE",371
2021-05-02,"A","HE",367
2021-05-03,"A","HE",381
2021-05-04,"A","HE",381
2021-05-05,"A","HE",392
2021-05-06,"A","HE",359
2021-05-07,"A","HE",373
2021-05-08,"A","HE",372
2021-05-09,"A","HE",379
2021-05-10,"A","HE",382
2021-05-11,"A","HE",383
2021-05-12,"A","HE",391
2021-05-13,"A","HE",383
2021-05-14,"A","HE",400
2021-05-15,"A","HE",403
2021-05-16,"A","HE",398
2021-05-17,"A","HE",392
2021-05-18,"A","HE",400
2021-05-19,"A","HE",411
2021-05-20,"A","HE",409
2021-05-21,"A","HE",412
2021-05-22,"A","HE",433
2021-05-23,"A","HE",404
2021-05-24,"A","HE",410
2021-05-25,"A","HE",410
2021-05-26,"A","HE",424
2021-05-27,"A","HE",413
2021-05-28,"A","HE",402
2021-05-29,"A","HE",407
2021-05-30,"A","HE",425
2021-05-31,"A","HE",397
2021-06-01,"A","HE",409
2021-06-02,"A","HE",404
2021-06-03,"A","HE",400
2021-06-04,"A","HE",399
2021-06-05,"A","HE",399
2021-06-06,"A","HE",403
2021-06-07,"A","HE",397
2021-06-08,"A","HE",407
2021-06-09,"A","HE",402
2021-06-10,"A","HE",398
2021-06-11,"A","HE",410
2021-06-12,"A","HE",398
2021-06-13,"A","HE",387
2021-06-14,"A","HE",395
2021-06-15,"A","HE",392
2021-06-16,"A","HE",385
2021-06-17,"A","HE",403
2021-06-18,"A","HE",406
2021-06-19,"A","HE",410
2021-06-20,"A","HE",399
2021-06-21,"A","HE",405
2021-06-22,"A","HE",403
2021-06-23,"A","HE",401
2021-06-24,"A","HE",407
2021-06-25,"A","HE",397
2021-06-26,"A","HE",409
2021-06-27,"A","HE",409
2021-06-28,"A","HE",430
2021-06-29,"A","HE",428
2021-06-30,"A","HE",426
2021-07-01,"A","HE",413
2021-07-02,"A","HE",426
2021-07-03,"A","HE",418
2021-07-04,"A","HE",419
2021-07-05,"A","HE",406
2021-07-06,"A","HE",419
2021-07-07,"A","HE",411
2021-07-08,"A","HE",397
2021-07-09,"A","HE",397
2021-07-10,"A","HE",404
2021-07-11,"A","HE",409
2021-07-12,"A","HE",409
2021-07-13,"A","HE",401
2021-07-14,"A","HE",409
2021-07-15,"A","HE",420
2021-07-16,"A","HE",409
2021-07-17,"A","HE",396
2021-07-18,"A","HE",386
2021-07-19,"A","HE",406
2021-07-20,"A","HE",399
2021-07-21,"A","HE",389
2021-07-22,"A","HE",401
2021-07-23,"A","HE",394
2021-07-24,"A","HE",398
2021-07-25,"A","HE",392
2021-07-26,"A","HE",397
2021-07-27,"A","HE",385
2021-07-28,"A","HE",384
2021-07-29,"A","HE",395
2021-07-30,"A","HE",379
2021-07-31,"A","HE",399
2021-08-01,"A","HE",383
2021-08-02,"A","HE",404
2021-08-03,"A","HE",412
2021-08-04,"A","HE",406
2021-08-05,"A","HE",422
2021-08-06,"A","HE",406
2021-08-07,"A","HE",399
2021-08-08,"A","HE",398
2021-08-09,"A","HE",394
2021-08-10,"A","HE",390
2021-08-11,"A","HE",381
2021-08-12,"A","HE",379
2021-08-13,"A","HE",373
2021-08-14,"A","HE",371
2021-08-15,"A","HE",374
2021-08-16,"A","HE",370
2021-08-17,"A","HE",385
2021-08-18,"A","HE",387
2021-08-19,"A","HE",395
2021-08-20,"A","HE",376
2021-08-21,"A","HE",387
2021-08-22,"A","HE",382
2021-08-23,"A","HE",411
2021-08-24,"A","HE",410
2021-08-25,"A","HE",409
2021-08-26,"A","HE",416
2021-08-27,"A","HE",412
2021-08-28,"A","HE",406
2021-08-29,"A","HE",426
2021-08-30,"A","HE",415
2021-08-31,"A","HE",411
2021-09-01,"A","HE",409
2021-09-02,"A","HE",419
2021-09-03,"A","HE",415
2021-09-04,"A","HE",410
2021-09-05,"A","HE",418
2021-09-06,"A","HE",423
2021-09-07,"A","HE",419
2021-09-08,"A","HE",419
2021-09-09,"A","HE",421
2021-09-10,"A","HE",430
2021-09-11,"A","HE",429
2021-09-12,"A","HE",440
2021-09-13,"A","HE",455
2021-09-14,"A","HE",448
2021-09-15,"A","HE",444
2021-09-16,"A","HE",447
2021-09-17,"A","HE",442
2021-09-18,"A","HE",437
2021-09-19,"A","HE",439
2021-09-20,"A","HE",445
2021-09-21,"A","HE",454
2021-09-22,"A","HE",436
2021-09-23,"A","HE",427
2021-09-24,"A","HE",437
2021-09-25,"A","HE",427
2021-09-26,"A","HE",438
2021-09-27,"A","HE",465
2021-09-28,"A","HE",459
2021-09-29,"A","HE",461
2021-09-30,"A","HE",460
2021-10-01,"A","HE",473
2021-10-02,"A","HE",476
2021-10-03,"A","HE",490
2021-10-04,"A","HE",485
2021-10-05,"A","HE",475
2021-10-06,"A","HE",478
2021-10-07,"A","HE",492
2021-10-08,"A","HE",475
2021-10-09,"A","HE",476
2021-10-10,"A","HE",477
2021-10-11,"A","HE",483
2021-10-12,"A","HE",486
2021-10-13,"A","HE",469
2021-10-14,"A","HE",476
2021-10-15,"A","HE",476
2021-10-16,"A","HE",471
2021-10-17,"A","HE",478
2021-10-18,"A","HE",466
2021-10-19,"A","HE",478
2021-10-20,"A","HE",485
2021-10-21,"A","HE",492
2021-10-22,"A","HE",492
2021-10-23,"A","HE",480
2021-10-24,"A","HE",496
2021-10-25,"A","HE",488
2021-10-26,"A","HE",483
2021-10-27,"A","HE",487
2021-10-28,"A","HE",485
2021-10-29,"A","HE",481
2021-10-30,"A","HE",480
2021-10-31,"A","HE",471
2021-11-01,"A","HE",476
2021-11-02,"A","HE",486
2021-11-03,"A","HE",496
2021-11-04,"A","HE",502
2021-11-05,"A","HE",511
2021-11-06,"A","HE",495
2021-11-07,"A","HE",503
2021-11-08,"A","HE",484
2021-11-09,"A","HE",488
2021-11-10,"A","HE",484
2021-11-11,"A","HE",476
2021-11-12,"A","HE",505
2021-11-13,"A","HE",498
2021-11-14,"A","HE",495
2021-11-15,"A","HE",502
2021-11-16,"A","HE",497
2021-11-17,"A","HE",514
2021-11-18,"A","HE",495
2021-11-19,"A","HE",509
2021-11-20,"A","HE",514
2021-11-21,"A","HE",520
2021-11-22,"A","HE",516
2021-11-23,"A","HE",515
2021-11-24,"A","HE",525
2021-11-25,"A","HE",513
2021-11-26,"A","HE",502
2021-11-27,"A","HE",513
2021-11-28,"A","HE",517
2021-11-29,"A","HE",513
2021-11-30,"A","HE",507
2021-12-01,"A","HE",492
2021-12-02,"A","HE",505
2021-12-03,"A","HE",498
2021-12-04,"A","HE",510
2021-12-05,"A","HE",510
2021-12-06,"A","HE",511
2021-12-07,"A","HE",509
2021-12-08,"A","HE",512
2021-12-09,"A","HE",512
2021-12-10,"A","HE",510
2021-12-11,"A","HE",511
2021-12-12,"A","HE",516
2021-12-13,"A","HE",526
2021-12-14,"A","HE",518
2021-12-15,"A","HE",519
2021-12-16,"A","HE",529
2021-12-17,"A","HE",511
2021-12-18,"A","HE",518
2021-12-19,"A","HE",524
2021-12-20,"A","HE",524
2021-12-21,"A","HE",523
2021-12-22,"A","HE",526
2021-12-23,"A","HE",522
2021-12-24,"A","HE",525
2021-12-25,"A","HE",525
2021-12-26,"A","HE",526
2021-12-27,"A","HE",527
2021-12-28,"A","HE",535
2021-12-29,"A","HE",524
2021-12-30,"A","HE",519
2022-01-02,"A","HE",520
2022-01-03,"A","HE",541
2022-01-04,"A","HE",531
2022-01-05,"A","HE",537
2022-01-06,"A","HE",527
2022-01-07,"A","HE",529
2022-01-08,"A","HE",519
2022-01-09,"A","HE",516
2022-01-10,"A","HE",524
2022-01-11,"A","HE",516
2022-01-12,"A","HE",529
2022-01-13,"A","HE",525
2022-01-14,"A","HE",521
2022-01-15,"A","HE",498
2022-01-16,"A","HE",538
2022-01-17,"A","HE",526
2022-01-18,"A","HE",534
2022-01-19,"A","HE",513
2022-01-20,"A","HE",523
2022-01-21,"A","HE",505
2022-01-22,"A","HE",519
2022-01-23,"A","HE",514
2022-01-24,"A","HE",516
2022-01-25,"A","HE",500
2022-01-26,"A","HE",500
2022-01-27,"A","HE",504
2022-01-28,"A","HE",530
2022-01-29,"A","HE",517
2022-01-30,"A","HE",520
2022-01-31,"A","HE",520
2022-02-01,"A","HE",509
2022-02-02,"A","HE",510
2022-02-03,"A","HE",503
2022-02-04,"A","HE",505
2022-02-05,"A","HE",503
2022-02-06,"A","HE",506
2022-02-07,"A","HE",514
2022-02-08,"A","HE",504
2022-02-09,"A","HE",503
2022-02-10,"A","HE",501
2022-02-11,"A","HE",509
2022-02-12,"A","HE",490
2022-02-13,"A","HE",517
2022-02-14,"A","HE",520
2022-02-15,"A","HE",511
2022-02-16,"A","HE",518
2022-02-17,"A","HE",519
2022-02-18,"A","HE",518
2022-02-19,"A","HE",516
2022-02-20,"A","HE",503
2022-02-21,"A","HE",503
2022-02-22,"A","HE",509
2022-02-23,"A","HE",519
2022-02-24,"A","HE",516
2022-02-25,"A","HE",506
2022-02-26,"A","HE",525
2022-02-27,"A","HE",512
2022-02-28,"A","HE",522
2022-03-01,"A","HE",517
2022-03-02,"A","HE",504
2022-03-03,"A","HE",515
2022-03-04,"A","HE",487
2022-03-05,"A","HE",502
2022-03-06,"A","HE",525
2022-03-07,"A","HE",500
2022-03-08,"A","HE",498
2022-03-09,"A","HE",485
2022-03-10,"A","HE",490
2022-03-11,"A","HE",482
2022-03-12,"A","HE",483
2022-03-13,"A","HE",480
2022-03-14,"A","HE",477
2022-03-15,"A","HE",488
2022-03-16,"A","HE",473
2022-03-17,"A","HE",486
2022-03-18,"A","HE",471
2022-03-19,"A","HE",487
2022-03-20,"A","HE",466
2022-03-21,"A","HE",456
2022-03-22,"A","HE",465
2022-03-23,"A","HE",484
2022-03-24,"A","HE",475
2022-03-25,"A","HE",480
2022-03-26,"A","HE",454
2022-03-27,"A","HE",455
2022-03-28,"A","HE",453
2022-03-29,"A","HE",467
2022-03-30,"A","HE",450
2022-03-31,"A","HE",468
2022-04-01,"A","HE",452
2022-04-02,"A","HE",449
2022-04-03,"A","HE",451
2022-04-04,"A","HE",465
2022-04-05,"A","HE",459
2022-04-06,"A","HE",450
2022-04-07,"A","HE",454
2022-04-08,"A","HE",424
2022-04-09,"A","HE",432
2022-04-10,"A","HE",413
2022-04-11,"A","HE",429
2022-04-12,"A","HE",419
2022-04-13,"A","HE",415
2022-04-14,"A","HE",400
2022-04-15,"A","HE",399
2022-04-16,"A","HE",417
2022-04-17,"A","HE",399
2022-04-18,"A","HE",400
2022-04-19,"A","HE",426
2022-04-20,"A","HE",434
2022-04-21,"A","HE",423
2022-04-22,"A","HE",424
2022-04-23,"A","HE",432
2022-04-24,"A","HE",441
2022-04-25,"A","HE",416
2022-04-26,"A","HE",427
2022-04-27,"A","HE",419
2022-04-28,"A","HE",424
2022-04-29,"A","HE",432
2022-04-30,"A","HE",422
2022-05-01,"A","HE",418
2022-05-02,"A","HE",395
2022-05-03,"A","HE",430
2022-05-04,"A","HE",416
2022-05-05,"A","HE",417
2022-05-06,"A","HE",412
2022-05-07,"A","HE",421
2022-05-08,"A","HE",418
2022-05-09,"A","HE",416
2022-05-10,"A","HE",440
2022-05-11,"A","HE",420
2022-05-12,"A","HE",434
2022-05-13,"A","HE",428
2022-05-14,"A","HE",449
2022-05-15,"A","HE",447
2022-05-16,"A","HE",443
2022-05-17,"A","HE",443
2022-05-18,"A","HE",442
2022-05-19,"A","HE",448
2022-05-20,"A","HE",456
2022-05-21,"A","HE",454
2022-05-22,"A","HE",460
2022-05-23,"A","HE",455
2022-05-24,"A","HE",456
2022-05-25,"A","HE",459
2022-05-26,"A","HE",463
2022-05-27,"A","HE",460
2022-05-28,"A","HE",432
2022-05-29,"A","HE",448
2022-05-30,"A","HE",461
2022-05-31,"A","HE",452
2022-06-01,"A","HE",453
2022-06-02,"A","HE",448
2022-06-03,"A","HE",433
2022-06-04,"A","HE",444
2022-06-05,"A","HE",436
2022-06-06,"A","HE",447
2022-06-07,"A","HE",447
2022-06-08,"A","HE",454
2022-06-09,"A","HE",456
2022-06-10,"A","HE",440
2022-06-11,"A","HE",438
2022-06-12,"A","HE",429
2022-06-13,"A","HE",425
2022-06-14,"A","HE",432
2022-06-15,"A","HE",431
2022-06-16,"A","HE",415
2022-06-17,"A","HE",444
2022-06-18,"A","HE",444
2022-06-19,"A","HE",449
2022-06-20,"A","HE",445
2022-06-21,"A","HE",439
2022-06-22,"A","HE",453
2022-06-23,"A","HE",440
2022-06-24,"A","HE",455
2022-06-25,"A","HE",451
2022-06-26,"A","HE",454
2022-06-27,"A","HE",446
2022-06-28,"A","HE",455
2022-06-29,"A","HE",474
2022-06-30,"A","HE",457
2022-07-01,"A","HE",456
2022-07-02,"A","HE",453
2022-07-03,"A","HE",459
2022-07-04,"A","HE",438
2022-07-05,"A","HE",444
2022-07-06,"A","HE",474
2022-07-07,"A","HE",439
2022-07-08,"A","HE",433
2022-07-09,"A","HE",441
2022-07-10,"A","HE",429
2022-07-11,"A","HE",459
2022-07-12,"A","HE",467
2022-07-13,"A","HE",444
2022-07-14,"A","HE",458
2022-07-15,"A","HE",459
2022-07-16,"A","HE",444
2022-07-17,"A","HE",434
2022-07-18,"A","HE",424
2022-07-19,"A","HE",448
2022-07-20,"A","HE",449
2022-07-21,"A","HE",424
2022-07-22,"A","HE",442
2022-07-23,"A","HE",441
2022-07-24,"A","HE",439
2022-07-25,"A","HE",435
2022-07-26,"A","HE",450
2022-07-27,"A","HE",428
2022-07-28,"A","HE",420
2022-07-29,"A","HE",430
2022-07-30,"A","HE",449
2022-07-31,"A","HE",436
2022-08-01,"A","HE",430
2022-08-02,"A","HE",444
2022-08-03,"A","HE",457
2022-08-04,"A","HE",441
2022-08-05,"A","HE",453
2022-08-06,"A","HE",453
2022-08-07,"A","HE",438
2022-08-08,"A","HE",433
2022-08-09,"A","HE",438
2022-08-10,"A","HE",429
2022-08-11,"A","HE",412
2022-08-12,"A","HE",412
2022-08-13,"A","HE",397
2022-08-14,"A","HE",413
2022-08-15,"A","HE",420
2022-08-16,"A","HE",407
2022-08-17,"A","HE",422
2022-08-18,"A","HE",432
2022-08-19,"A","HE",424
2022-08-20,"A","HE",422
2022-08-21,"A","HE",431
2022-08-22,"A","HE",420
2022-08-23,"A","HE",455
2022-08-24,"A","HE",442
2022-08-25,"A","HE",449
2022-08-26,"A","HE",451
2022-08-27,"A","HE",443
2022-08-28,"A","HE",450
2022-08-29,"A","HE",463
2022-08-30,"A","HE",458
2022-08-31,"A","HE",458
2022-09-01,"A","HE",459
2022-09-02,"A","HE",462
2022-09-03,"A","HE",456
2022-09-04,"A","HE",453
2022-09-05,"A","HE",455
2022-09-06,"A","HE",479
2022-09-07,"A","HE",455
2022-09-08,"A","HE",459
2022-09-09,"A","HE",451
2022-09-10,"A","HE",466
2022-09-11,"A","HE",462
2022-09-12,"A","HE",469
2022-09-13,"A","HE",479
2022-09-14,"A","HE",491
2022-09-15,"A","HE",487
2022-09-16,"A","HE",481
2022-09-17,"A","HE",472
2022-09-18,"A","HE",482
2022-09-19,"A","HE",491
2022-09-20,"A","HE",485
2022-09-21,"A","HE",481
2022-09-22,"A","HE",478
2022-09-23,"A","HE",471
2022-09-24,"A","HE",487
2022-09-25,"A","HE",469
2022-09-26,"A","HE",483
2022-09-27,"A","HE",497
2022-09-28,"A","HE",503
2022-09-29,"A","HE",492
2022-09-30,"A","HE",486
2022-10-01,"A","HE",518
2022-10-02,"A","HE",526
2022-10-03,"A","HE",535
2022-10-04,"A","HE",526
2022-10-05,"A","HE",511
2022-10-06,"A","HE",509
2022-10-07,"A","HE",518
2022-10-08,"A","HE",519
2022-10-09,"A","HE",520
2022-10-10,"A","HE",506
2022-10-11,"A","HE",519
2022-10-12,"A","HE",521
2022-10-13,"A","HE",503
2022-10-14,"A","HE",513
2022-10-15,"A","HE",488
2022-10-16,"A","HE",499
2022-10-17,"A","HE",505
2022-10-18,"A","HE",493
2022-10-19,"A","HE",515
2022-10-20,"A","HE",511
2022-10-21,"A","HE",522
2022-10-22,"A","HE",517
2022-10-23,"A","HE",521
2022-10-24,"A","HE",518
2022-10-25,"A","HE",508
2022-10-26,"A","HE",520
2022-10-27,"A","HE",512
2022-10-28,"A","HE",498
2022-10-29,"A","HE",504
2022-10-30,"A","HE",489
2022-10-31,"A","HE",509
2022-11-01,"A","HE",508
2022-11-02,"A","HE",513
2022-11-03,"A","HE",519
2022-11-04,"A","HE",529
2022-11-05,"A","HE",536
2022-11-06,"A","HE",526
2022-11-07,"A","HE",522
2022-11-08,"A","HE",517
2022-11-09,"A","HE",511
2022-11-10,"A","HE",505
2022-11-11,"A","HE",507
2022-11-12,"A","HE",532
2022-11-13,"A","HE",532
2022-11-14,"A","HE",518
2022-11-15,"A","HE",524
2022-11-16,"A","HE",531
2022-11-17,"A","HE",536
2022-11-18,"A","HE",526
2022-11-19,"A","HE",546
2022-11-20,"A","HE",548
2022-11-21,"A","HE",539
2022-11-22,"A","HE",537
2022-11-23,"A","HE",535
2022-11-24,"A","HE",537
2022-11-25,"A","HE",539
2022-11-26,"A","HE",530
2022-11-27,"A","HE",547
2022-11-28,"A","HE",546
2022-11-29,"A","HE",535
2022-11-30,"A","HE",530
2022-12-01,"A","HE",535
2022-12-02,"A","HE",538
2022-12-03,"A","HE",544
2022-12-04,"A","HE",521
2022-12-05,"A","HE",531
2022-12-06,"A","HE",525
2022-12-07,"A","HE",531
2022-12-08,"A","HE",532
2022-12-09,"A","HE",538
2022-12-10,"A","HE",539
2022-12-11,"A","HE",537
2022-12-12,"A","HE",526
2022-12-13,"A","HE",544
2022-12-14,"A","HE",540
2022-12-15,"A","HE",556
2022-12-16,"A","HE",537
2022-12-17,"A","HE",538
2022-12-18,"A","HE",521
2022-12-19,"A","HE",538
2022-12-20,"A","HE",542
2022-12-21,"A","HE",540
2022-12-22,"A","HE",532
2022-12-23,"A","HE",544
2022-12-24,"A","HE",556
2022-12-25,"A","HE",546
2022-12-26,"A","HE",545
2022-12-27,"A","HE",541
2022-12-28,"A","HE",549
2022-12-29,"A","HE",549
2022-12-30,"A","HE",539
2023-01-02,"A","HE",543
2023-01-03,"A","HE",554
2023-01-04,"A","HE",544
2023-01-05,"A","HE",558
2023-01-06,"A","HE",553
2023-01-07,"A","HE",533
2023-01-08,"A","HE",538
2023-01-09,"A","HE",531
2023-01-10,"A","HE",543
2023-01-11,"A","HE",528
2023-01-12,"A","HE",535
2023-01-13,"A","HE",554
2023-01-14,"A","HE",532
2023-01-15,"A","HE",519
2023-01-16,"A","HE",547
2023-01-17,"A","HE",539
2023-01-18,"A","HE",548
2023-01-19,"A","HE",541
2023-01-20,"A","HE",537
2023-01-21,"A","HE",529
2023-01-22,"A","HE",531
2023-01-23,"A","HE",543
2023-01-24,"A","HE",528
2023-01-25,"A","HE",517
2023-01-26,"A","HE",535
2023-01-27,"A","HE",520
2023-01-28,"A","HE",544
2023-01-29,"A","HE",545
2023-01-30,"A","HE",539
2023-01-31,"A","HE",532
2023-02-01,"A","HE",511
2023-02-02,"A","HE",528
2023-02-03,"A","HE",515
2023-02-04,"A","HE",522
2023-02-05,"A","HE",539
2023-02-06,"A","HE",521
2023-02-07,"A","HE",515
2023-02-08,"A","HE",508
2023-02-09,"A","HE",519
2023-02-10,"A","HE",524
2023-02-11,"A","HE",526
2023-02-12,"A","HE",513
2023-02-13,"A","HE",546
2023-02-14,"A","HE",529
2023-02-15,"A","HE",534
2023-02-16,"A","HE",543
2023-02-17,"A","HE",538
2023-02-18,"A","HE",531
2023-02-19,"A","HE",534
2023-02-20,"A","HE",521
2023-02-21,"A","HE",503
2023-02-22,"A","HE",520
2023-02-23,"A","HE",529
2023-02-24,"A","HE",535
2023-02-25,"A","HE",523
2023-02-26,"A","HE",532
2023-02-27,"A","HE",519
2023-02-28,"A","HE",526
2023-03-01,"A","HE",519
2023-03-02,"A","HE",517
2023-03-03,"A","HE",534
2023-03-04,"A","HE",509
2023-03-05,"A","HE",519
2023-03-06,"A","HE",552
2023-03-07,"A","HE",517
2023-03-08,"A","HE",501
2023-03-09,"A","HE",496
2023-03-10,"A","HE",509
2023-03-11,"A","HE",491
2023-03-12,"A","HE",499
2023-03-13,"A","HE",496
2023-03-14,"A","HE",492
2023-03-15,"A","HE",492
2023-03-16,"A","HE",499
2023-03-17,"A","HE",504
2023-03-18,"A","HE",490
2023-03-19,"A","HE",518
2023-03-20,"A","HE",475
2023-03-21,"A","HE",465
2023-03-22,"A","HE",476
2023-03-23,"A","HE",484
2023-03-24,"A","HE",486
2023-03-25,"A","HE",478
2023-03-26,"A","HE",458
2023-03-27,"A","HE",461
2023-03-28,"A","HE",468
2023-03-29,"A","HE",467
2023-03-30,"A","HE",468
2023-03-31,"A","HE",477
2023-04-01,"A","HE",477
2023-04-02,"A","HE",470
2023-04-03,"A","HE",468
2023-04-04,"A","HE",472
2023-04-05,"A","HE",477
2023-04-06,"A","HE",449
2023-04-07,"A","HE",447
2023-04-08,"A","HE",426
2023-04-09,"A","HE",453
2023-04-10,"A","HE",417
2023-04-11,"A","HE",443
2023-04-12,"A","HE",425
2023-04-13,"A","HE",425
2023-04-14,"A","HE",411
2023-04-15,"A","HE",404
2023-04-16,"A","HE",408
2023-04-17,"A","HE",401
2023-04-18,"A","HE",417
2023-04-19,"A","HE",429
2023-04-20,"A","HE",436
2023-04-21,"A","HE",439
2023-04-22,"A","HE",446
2023-04-23,"A","HE",444
2023-04-24,"A","HE",451
2023-04-25,"A","HE",414
2023-04-26,"A","HE",432
2023-04-27,"A","HE",436
2023-04-28,"A","HE",435
2023-04-29,"A","HE",433
2023-04-30,"A","HE",441
2023-05-01,"A","HE",441
2023-05-02,"A","HE",421
2023-05-03,"A","HE",441
2023-05-04,"A","HE",439
2023-05-05,"A","HE",444
2023-05-06,"A","HE",427
2023-05-07,"A","HE",423
2023-05-08,"A","HE",431
2023-05-09,"A","HE",438
2023-05-10,"A","HE",435
2023-05-11,"A","HE",435
2023-05-12,"A","HE",442
2023-05-13,"A","HE",441
2023-05-14,"A","HE",450
2023-05-15,"A","HE",468
2023-05-16,"A","HE",450
2023-05-17,"A","HE",461
2023-05-18,"A","HE",450
2023-05-19,"A","HE",459
2023-05-20,"A","HE",477
2023-05-21,"A","HE",472
2023-05-22,"A","HE",469
2023-05-23,"A","HE",466
2023-05-24,"A","HE",456
2023-05-25,"A","HE",465
2023-05-26,"A","HE",485
2023-05-27,"A","HE",463
2023-05-28,"A","HE",458
2023-05-29,"A","HE",440
2023-05-30,"A","HE",476
2023-05-31,"A","HE",457
2023-06-01,"A","HE",452
2023-06-02,"A","HE",464
2023-06-03,"A","HE",449
2023-06-04,"A","HE",450
2023-06-05,"A","HE",437
2023-06-06,"A","HE",453
2023-06-07,"A","HE",465
2023-06-08,"A","HE",468
2023-06-09,"A","HE",473
2023-06-10,"A","HE",438
2023-06-11,"A","HE",452
2023-06-12,"A","HE",443
2023-06-13,"A","HE",441
2023-06-14,"A","HE",459
2023-06-15,"A","HE",451
2023-06-16,"A","HE",420
2023-06-17,"A","HE",461
2023-06-18,"A","HE",475
2023-06-19,"A","HE",473
2023-06-20,"A","HE",458
2023-06-21,"A","HE",460
2023-06-22,"A","HE",457
2023-06-23,"A","HE",468
2023-06-24,"A","HE",481
2023-06-25,"A","HE",468
2023-06-26,"A","HE",459
2023-06-27,"A","HE",465
2023-06-28,"A","HE",478
2023-06-29,"A","HE",476
2023-06-30,"A","HE",496
2023-07-01,"A","HE",475
2023-07-02,"A","HE",478
2023-07-03,"A","HE",463
2023-07-04,"A","HE",451
2023-07-05,"A","HE",461
2023-07-06,"A","HE",481
2023-07-07,"A","HE",461
2023-07-08,"A","HE",451
2023-07-09,"A","HE",450
2023-07-10,"A","HE",445
2023-07-11,"A","HE",470
2023-07-12,"A","HE",474
2023-07-13,"A","HE",443
2023-07-14,"A","HE",462
2023-07-15,"A","HE",486
2023-07-16,"A","HE",467
2023-07-17,"A","HE",455
2023-07-18,"A","HE",420
2023-07-19,"A","HE",453
2023-07-20,"A","HE",464
2023-07-21,"A","HE",443
2023-07-22,"A","HE",453
2023-07-23,"A","HE",441
2023-07-24,"A","HE",448
2023-07-25,"A","HE",446
2023-07-26,"A","HE",449
2023-07-27,"A","HE",465
2023-07-28,"A","HE",435
2023-07-29,"A","HE",455
2023-07-30,"A","HE",456
2023-07-31,"A","HE",459
2023-08-01,"A","HE",444
2023-08-02,"A","HE",449
2023-08-03,"A","HE",470
2023-08-04,"A","HE",456
2023-08-05,"A","HE",467
2023-08-06,"A","HE",465
2023-08-07,"A","HE",458
2023-08-08,"A","HE",447
2023-08-09,"A","HE",457
2023-08-10,"A","HE",452
2023-08-11,"A","HE",439
2023-08-12,"A","HE",429
2023-08-13,"A","HE",406
2023-08-14,"A","HE",427
2023-08-15,"A","HE",438
2023-08-16,"A","HE",439
2023-08-17,"A","HE",427
2023-08-18,"A","HE",435
2023-08-19,"A","HE",452
2023-08-20,"A","HE",438
2023-08-21,"A","HE",436
2023-08-22,"A","HE",440
2023-08-23,"A","HE",468
2023-08-24,"A","HE",465
2023-08-25,"A","HE",455
2023-08-26,"A","HE",473
2023-08-27,"A","HE",460
2023-08-28,"A","HE",467
2023-08-29,"A","HE",459
2023-08-30,"A","HE",464
2023-08-31,"A","HE",477
2023-09-01,"A","HE",480
2023-09-02,"A","HE",468
2023-09-03,"A","HE",466
2023-09-04,"A","HE",464
2023-09-05,"A","HE",473
2023-09-06,"A","HE",492
2023-09-07,"A","HE",478
2023-09-08,"A","HE",478
2023-09-09,"A","HE",460
2023-09-10,"A","HE",475
2023-09-11,"A","HE",480
2023-09-12,"A","HE",475
2023-09-13,"A","HE",494
2023-09-14,"A","HE",505
2023-09-15,"A","HE",508
2023-09-16,"A","HE",498
2023-09-17,"A","HE",497
2023-09-18,"A","HE",507
2023-09-19,"A","HE",497
2023-09-20,"A","HE",502
2023-09-21,"A","HE",491
2023-09-22,"A","HE",497
2023-09-23,"A","HE",492
2023-09-24,"A","HE",505
2023-09-25,"A","HE",486
2023-09-26,"A","HE",499
2023-09-27,"A","HE",522
2023-09-28,"A","HE",528
2023-09-29,"A","HE",501
2023-09-30,"A","HE",492
2023-10-01,"A","HE",532
2023-10-02,"A","HE",543
2023-10-03,"A","HE",557
2023-10-04,"A","HE",550
2023-10-05,"A","HE",520
2023-10-06,"A","HE",524
2023-10-07,"A","HE",542
2023-10-08,"A","HE",535
2023-10-09,"A","HE",528
2023-10-10,"A","HE",517
2023-10-11,"A","HE",531
2023-10-12,"A","HE",528
2023-10-13,"A","HE",522
2023-10-14,"A","HE",534
2023-10-15,"A","HE",523
2023-10-16,"A","HE",516
2023-10-17,"A","HE",511
2023-10-18,"A","HE",501
2023-10-19,"A","HE",522
2023-10-20,"A","HE",525
2023-10-21,"A","HE",531
2023-10-22,"A","HE",533
2023-10-23,"A","HE",536
2023-10-24,"A","HE",555
2023-10-25,"A","HE",533
2023-10-26,"A","HE",539
2023-10-27,"A","HE",543
2023-10-28,"A","HE",532
2023-10-29,"A","HE",510
2023-10-30,"A","HE",523
2023-10-31,"A","HE",535
2023-11-01,"A","HE",529
2023-11-02,"A","HE",531
2023-11-03,"A","HE",539
2023-11-04,"A","HE",559
2023-11-05,"A","HE",558
2023-11-06,"A","HE",532
2023-11-07,"A","HE",536
2023-11-08,"A","HE",530
2023-11-09,"A","HE",532
2023-11-10,"A","HE",534
2023-11-11,"A","HE",529
2023-11-12,"A","HE",534
2023-11-13,"A","HE",565
2023-11-14,"A","HE",541
2023-11-15,"A","HE",551
2023-11-16,"A","HE",552
2023-11-17,"A","HE",560
2023-11-18,"A","HE",546
2023-11-19,"A","HE",555
2023-11-20,"A","HE",569
2023-11-21,"A","HE",567
2023-11-22,"A","HE",555
2023-11-23,"A","HE",563
2023-11-24,"A","HE",569
2023-11-25,"A","HE",555
2023-11-26,"A","HE",553
2023-11-27,"A","HE",565
2023-11-28,"A","HE",558
2023-11-29,"A","HE",548
2023-11-30,"A","HE",564
2023-12-01,"A","HE",552
2023-12-02,"A","HE",568
2023-12-03,"A","HE",546
2023-12-04,"A","HE",543
2023-12-05,"A","HE",553
2023-12-06,"A","HE",566
2023-12-07,"A","HE",550
2023-12-08,"A","HE",548
2023-12-09,"A","HE",557
2023-12-10,"A","HE",565
2023-12-11,"A","HE",571
2023-12-12,"A","HE",559
2023-12-13,"A","HE",572
2023-12-14,"A","HE",558
2023-12-15,"A","HE",569
2023-12-16,"A","HE",572
2023-12-17,"A","HE",550
2023-12-18,"A","HE",559
2023-12-19,"A","HE",573
2023-12-20,"A","HE",569
2023-12-21,"A","HE",554
2023-12-22,"A","HE",557
2023-12-23,"A","HE",589
2023-12-24,"A","HE",581
2023-12-25,"A","HE",582
2023-12-26,"A","HE",565
2023-12-27,"A","HE",564
2023-12-28,"A","HE",583
2023-12-29,"A","HE",560
2023-12-30,"A","HE",574
2021-01-02,"B","HE",393
2021-01-03,"B","HE",404
2021-01-04,"B","HE",395
2021-01-05,"B","HE",398
2021-01-06,"B","HE",409
2021-01-07,"B","HE",418
2021-01-08,"B","HE",401
2021-01-09,"B","HE",396
2021-01-10,"B","HE",403
2021-01-11,"B","HE",409
2021-01-12,"B","HE",395
2021-01-13,"B","HE",397
2021-01-14,"B","HE",393
2021-01-15,"B","HE",390
2021-01-16,"B","HE",389
2021-01-17,"B","HE",393
2021-01-18,"B","HE",400
2021-01-19,"B","HE",393
2021-01-20,"B","HE",407
2021-01-21,"B","HE",400
2021-01-22,"B","HE",397
2021-01-23,"B","HE",386
2021-01-24,"B","HE",383
2021-01-25,"B","HE",391
2021-01-26,"B","HE",377
2021-01-27,"B","HE",393
2021-01-28,"B","HE",397
2021-01-29,"B","HE",388
2021-01-30,"B","HE",383
2021-01-31,"B","HE",383
2021-02-01,"B","HE",383
2021-02-02,"B","HE",381
2021-02-03,"B","HE",380
2021-02-04,"B","HE",376
2021-02-05,"B","HE",380
2021-02-06,"B","HE",376
2021-02-07,"B","HE",377
2021-02-08,"B","HE",384
2021-02-09,"B","HE",378
2021-02-10,"B","HE",380
2021-02-11,"B","HE",384
2021-02-12,"B","HE",392
2021-02-13,"B","HE",392
2021-02-14,"B","HE",395
2021-02-15,"B","HE",385
2021-02-16,"B","HE",399
2021-02-17,"B","HE",393
2021-02-18,"B","HE",387
2021-02-19,"B","HE",385
2021-02-20,"B","HE",380
2021-02-21,"B","HE",379
2021-02-22,"B","HE",386
2021-02-23,"B","HE",381
2021-02-24,"B","HE",380
2021-02-25,"B","HE",383
2021-02-26,"B","HE",382
2021-02-27,"B","HE",379
2021-02-28,"B","HE",384
2021-03-01,"B","HE",392
2021-03-02,"B","HE",381
2021-03-03,"B","HE",381
2021-03-04,"B","HE",383
2021-03-05,"B","HE",369
2021-03-06,"B","HE",372
2021-03-07,"B","HE",374
2021-03-08,"B","HE",366
2021-03-09,"B","HE",370
2021-03-10,"B","HE",361
2021-03-11,"B","HE",354
2021-03-12,"B","HE",346
2021-03-13,"B","HE",351
2021-03-14,"B","HE",346
2021-03-15,"B","HE",361
2021-03-16,"B","HE",351
2021-03-17,"B","HE",357
2021-03-18,"B","HE",357
2021-03-19,"B","HE",347
2021-03-20,"B","HE",333
2021-03-21,"B","HE",345
2021-03-22,"B","HE",356
2021-03-23,"B","HE",343
2021-03-24,"B","HE",343
2021-03-25,"B","HE",348
2021-03-26,"B","HE",327
2021-03-27,"B","HE",334
2021-03-28,"B","HE",341
2021-03-29,"B","HE",337
2021-03-30,"B","HE",349
2021-03-31,"B","HE",334
2021-04-01,"B","HE",344
2021-04-02,"B","HE",342
2021-04-03,"B","HE",342
2021-04-04,"B","HE",333
2021-04-05,"B","HE",333
2021-04-06,"B","HE",320
2021-04-07,"B","HE",315
2021-04-08,"B","HE",315
2021-04-09,"B","HE",309
2021-04-10,"B","HE",313
2021-04-11,"B","HE",318
2021-04-12,"B","HE",308
2021-04-13,"B","HE",300
2021-04-14,"B","HE",295
2021-04-15,"B","HE",293
2021-04-16,"B","HE",299
2021-04-17,"B","HE",296
2021-04-18,"B","HE",295
2021-04-19,"B","HE",307
2021-04-20,"B","HE",315
2021-04-21,"B","HE",311
2021-04-22,"B","HE",319
2021-04-23,"B","HE",313
2021-04-24,"B","HE",313
2021-04-25,"B","HE",300
2021-04-26,"B","HE",305
2021-04-27,"B","HE",309
2021-04-28,"B","HE",303
2021-04-29,"B","HE",299
2021-04-30,"B","HE",301
2021-05-01,"B","HE",298
2021-05-02,"B","HE",306
2021-05-03,"B","HE",306
2021-05-04,"B","HE",303
2021-05-05,"B","HE",315
2021-05-06,"B","HE",308
2021-05-07,"B","HE",303
2021-05-08,"B","HE",293
2021-05-09,"B","HE",307
2021-05-10,"B","HE",313
2021-05-11,"B","HE",305
2021-05-12,"B","HE",303
2021-05-13,"B","HE",305
2021-05-14,"B","HE",317
2021-05-15,"B","HE",315
2021-05-16,"B","HE",307
2021-05-17,"B","HE",312
2021-05-18,"B","HE",310
2021-05-19,"B","HE",319
2021-05-20,"B","HE",318
2021-05-21,"B","HE",322
2021-05-22,"B","HE",323
2021-05-23,"B","HE",315
2021-05-24,"B","HE",313
2021-05-25,"B","HE",314
2021-05-26,"B","HE",326
2021-05-27,"B","HE",331
2021-05-28,"B","HE",306
2021-05-29,"B","HE",313
2021-05-30,"B","HE",320
2021-05-31,"B","HE",308
2021-06-01,"B","HE",314
2021-06-02,"B","HE",315
2021-06-03,"B","HE",309
2021-06-04,"B","HE",321
2021-06-05,"B","HE",304
2021-06-06,"B","HE",306
2021-06-07,"B","HE",315
2021-06-08,"B","HE",308
2021-06-09,"B","HE",312
2021-06-10,"B","HE",299
2021-06-11,"B","HE",296
2021-06-12,"B","HE",304
2021-06-13,"B","HE",301
2021-06-14,"B","HE",301
2021-06-15,"B","HE",299
2021-06-16,"B","HE",292
2021-06-17,"B","HE",300
2021-06-18,"B","HE",299
2021-06-19,"B","HE",304
2021-06-20,"B","HE",305
2021-06-21,"B","HE",302
2021-06-22,"B","HE",307
2021-06-23,"B","HE",304
2021-06-24,"B","HE",305
2021-06-25,"B","HE",302
2021-06-26,"B","HE",306
2021-06-27,"B","HE",301
2021-06-28,"B","HE",311
2021-06-29,"B","HE",314
2021-06-30,"B","HE",318
2021-07-01,"B","HE",305
2021-07-02,"B","HE",298
2021-07-03,"B","HE",300
2021-07-04,"B","HE",300
2021-07-05,"B","HE",296
2021-07-06,"B","HE",308
2021-07-07,"B","HE",305
2021-07-08,"B","HE",299
2021-07-09,"B","HE",291
2021-07-10,"B","HE",285
2021-07-11,"B","HE",289
2021-07-12,"B","HE",289
2021-07-13,"B","HE",304
2021-07-14,"B","HE",296
2021-07-15,"B","HE",293
2021-07-16,"B","HE",299
2021-07-17,"B","HE",295
2021-07-18,"B","HE",279
2021-07-19,"B","HE",283
2021-07-20,"B","HE",293
2021-07-21,"B","HE",293
2021-07-22,"B","HE",285
2021-07-23,"B","HE",283
2021-07-24,"B","HE",282
2021-07-25,"B","HE",279
2021-07-26,"B","HE",289
2021-07-27,"B","HE",278
2021-07-28,"B","HE",281
2021-07-29,"B","HE",289
2021-07-30,"B","HE",274
2021-07-31,"B","HE",277
2021-08-01,"B","HE",273
2021-08-02,"B","HE",280
2021-08-03,"B","HE",294
2021-08-04,"B","HE",284
2021-08-05,"B","HE",288
2021-08-06,"B","HE",290
2021-08-07,"B","HE",282
2021-08-08,"B","HE",278
2021-08-09,"B","HE",274
2021-08-10,"B","HE",269
2021-08-11,"B","HE",268
2021-08-12,"B","HE",256
2021-08-13,"B","HE",269
2021-08-14,"B","HE",260
2021-08-15,"B","HE",267
2021-08-16,"B","HE",260
2021-08-17,"B","HE",255
2021-08-18,"B","HE",269
2021-08-19,"B","HE",259
2021-08-20,"B","HE",258
2021-08-21,"B","HE",262
2021-08-22,"B","HE",265
2021-08-23,"B","HE",287
2021-08-24,"B","HE",294
2021-08-25,"B","HE",279
2021-08-26,"B","HE",274
2021-08-27,"B","HE",287
2021-08-28,"B","HE",281
2021-08-29,"B","HE",285
2021-08-30,"B","HE",289
2021-08-31,"B","HE",284
2021-09-01,"B","HE",286
2021-09-02,"B","HE",296
2021-09-03,"B","HE",292
2021-09-04,"B","HE",290
2021-09-05,"B","HE",281
2021-09-06,"B","HE",292
2021-09-07,"B","HE",292
2021-09-08,"B","HE",290
2021-09-09,"B","HE",288
2021-09-10,"B","HE",293
2021-09-11,"B","HE",300
2021-09-12,"B","HE",290
2021-09-13,"B","HE",309
2021-09-14,"B","HE",309
2021-09-15,"B","HE",310
2021-09-16,"B","HE",311
2021-09-17,"B","HE",308
2021-09-18,"B","HE",309
2021-09-19,"B","HE",292
2021-09-20,"B","HE",300
2021-09-21,"B","HE",294
2021-09-22,"B","HE",296
2021-09-23,"B","HE",306
2021-09-24,"B","HE",303
2021-09-25,"B","HE",294
2021-09-26,"B","HE",306
2021-09-27,"B","HE",302
2021-09-28,"B","HE",312
2021-09-29,"B","HE",306
2021-09-30,"B","HE",310
2021-10-01,"B","HE",317
2021-10-02,"B","HE",321
2021-10-03,"B","HE",327
2021-10-04,"B","HE",335
2021-10-05,"B","HE",318
2021-10-06,"B","HE",321
2021-10-07,"B","HE",329
2021-10-08,"B","HE",328
2021-10-09,"B","HE",325
2021-10-10,"B","HE",319
2021-10-11,"B","HE",315
2021-10-12,"B","HE",328
2021-10-13,"B","HE",322
2021-10-14,"B","HE",327
2021-10-15,"B","HE",320
2021-10-16,"B","HE",313
2021-10-17,"B","HE",320
2021-10-18,"B","HE",321
2021-10-19,"B","HE",322
2021-10-20,"B","HE",332
2021-10-21,"B","HE",319
2021-10-22,"B","HE",335
2021-10-23,"B","HE",329
2021-10-24,"B","HE",330
2021-10-25,"B","HE",321
2021-10-26,"B","HE",311
2021-10-27,"B","HE",317
2021-10-28,"B","HE",311
2021-10-29,"B","HE",314
2021-10-30,"B","HE",326
2021-10-31,"B","HE",316
2021-11-01,"B","HE",307
2021-11-02,"B","HE",328
2021-11-03,"B","HE",319
2021-11-04,"B","HE",326
2021-11-05,"B","HE",336
2021-11-06,"B","HE",326
2021-11-07,"B","HE",324
2021-11-08,"B","HE",318
2021-11-09,"B","HE",315
2021-11-10,"B","HE",321
2021-11-11,"B","HE",318
2021-11-12,"B","HE",321
2021-11-13,"B","HE",330
2021-11-14,"B","HE",321
2021-11-15,"B","HE",328
2021-11-16,"B","HE",329
2021-11-17,"B","HE",327
2021-11-18,"B","HE",334
2021-11-19,"B","HE",327
2021-11-20,"B","HE",339
2021-11-21,"B","HE",338
2021-11-22,"B","HE",344
2021-11-23,"B","HE",339
2021-11-24,"B","HE",333
2021-11-25,"B","HE",332
2021-11-26,"B","HE",324
2021-11-27,"B","HE",334
2021-11-28,"B","HE",320
2021-11-29,"B","HE",332
2021-11-30,"B","HE",324
2021-12-01,"B","HE",321
2021-12-02,"B","HE",324
2021-12-03,"B","HE",322
2021-12-04,"B","HE",326
2021-12-05,"B","HE",332
2021-12-06,"B","HE",329
2021-12-07,"B","HE",337
2021-12-08,"B","HE",322
2021-12-09,"B","HE",329
2021-12-10,"B","HE",337
2021-12-11,"B","HE",325
2021-12-12,"B","HE",330
2021-12-13,"B","HE",323
2021-12-14,"B","HE",325
2021-12-15,"B","HE",328
2021-12-16,"B","HE",326
2021-12-17,"B","HE",316
2021-12-18,"B","HE",320
2021-12-19,"B","HE",329
2021-12-20,"B","HE",337
2021-12-21,"B","HE",333
2021-12-22,"B","HE",337
2021-12-23,"B","HE",320
2021-12-24,"B","HE",323
2021-12-25,"B","HE",325
2021-12-26,"B","HE",326
2021-12-27,"B","HE",321
2021-12-28,"B","HE",331
2021-12-29,"B","HE",319
2021-12-30,"B","HE",324
2022-01-02,"B","HE",311
2022-01-03,"B","HE",324
2022-01-04,"B","HE",323
2022-01-05,"B","HE",325
2022-01-06,"B","HE",330
2022-01-07,"B","HE",339
2022-01-08,"B","HE",331
2022-01-09,"B","HE",318
2022-01-10,"B","HE",333
2022-01-11,"B","HE",328
2022-01-12,"B","HE",300
2022-01-13,"B","HE",318
2022-01-14,"B","HE",313
2022-01-15,"B","HE",292
2022-01-16,"B","HE",310
2022-01-17,"B","HE",320
2022-01-18,"B","HE",319
2022-01-19,"B","HE",309
2022-01-20,"B","HE",314
2022-01-21,"B","HE",314
2022-01-22,"B","HE",313
2022-01-23,"B","HE",314
2022-01-24,"B","HE",300
2022-01-25,"B","HE",304
2022-01-26,"B","HE",314
2022-01-27,"B","HE",315
2022-01-28,"B","HE",315
2022-01-29,"B","HE",313
2022-01-30,"B","HE",304
2022-01-31,"B","HE",290
2022-02-01,"B","HE",305
2022-02-02,"B","HE",297
2022-02-03,"B","HE",292
2022-02-04,"B","HE",288
2022-02-05,"B","HE",289
2022-02-06,"B","HE",287
2022-02-07,"B","HE",293
2022-02-08,"B","HE",292
2022-02-09,"B","HE",294
2022-02-10,"B","HE",288
2022-02-11,"B","HE",302
2022-02-12,"B","HE",305
2022-02-13,"B","HE",289
2022-02-14,"B","HE",312
2022-02-15,"B","HE",299
2022-02-16,"B","HE",300
2022-02-17,"B","HE",289
2022-02-18,"B","HE",290
2022-02-19,"B","HE",301
2022-02-20,"B","HE",286
2022-02-21,"B","HE",297
2022-02-22,"B","HE",283
2022-02-23,"B","HE",282
2022-02-24,"B","HE",296
2022-02-25,"B","HE",286
2022-02-26,"B","HE",285
2022-02-27,"B","HE",296
2022-02-28,"B","HE",288
2022-03-01,"B","HE",307
2022-03-02,"B","HE",291
2022-03-03,"B","HE",286
2022-03-04,"B","HE",285
2022-03-05,"B","HE",268
2022-03-06,"B","HE",291
2022-03-07,"B","HE",282
2022-03-08,"B","HE",272
2022-03-09,"B","HE",267
2022-03-10,"B","HE",258
2022-03-11,"B","HE",263
2022-03-12,"B","HE",256
2022-03-13,"B","HE",254
2022-03-14,"B","HE",259
2022-03-15,"B","HE",262
2022-03-16,"B","HE",261
2022-03-17,"B","HE",275
2022-03-18,"B","HE",253
2022-03-19,"B","HE",261
2022-03-20,"B","HE",240
2022-03-21,"B","HE",243
2022-03-22,"B","HE",249
2022-03-23,"B","HE",246
2022-03-24,"B","HE",237
2022-03-25,"B","HE",237
2022-03-26,"B","HE",238
2022-03-27,"B","HE",238
2022-03-28,"B","HE",235
2022-03-29,"B","HE",244
2022-03-30,"B","HE",247
2022-03-31,"B","HE",246
2022-04-01,"B","HE",232
2022-04-02,"B","HE",239
2022-04-03,"B","HE",239
2022-04-04,"B","HE",237
2022-04-05,"B","HE",227
2022-04-06,"B","HE",234
2022-04-07,"B","HE",221
2022-04-08,"B","HE",217
2022-04-09,"B","HE",218
2022-04-10,"B","HE",203
2022-04-11,"B","HE",203
2022-04-12,"B","HE",206
2022-04-13,"B","HE",184
2022-04-14,"B","HE",201
2022-04-15,"B","HE",186
2022-04-16,"B","HE",199
2022-04-17,"B","HE",190
2022-04-18,"B","HE",195
2022-04-19,"B","HE",201
2022-04-20,"B","HE",205
2022-04-21,"B","HE",210
2022-04-22,"B","HE",221
2022-04-23,"B","HE",213
2022-04-24,"B","HE",196
2022-04-25,"B","HE",195
2022-04-26,"B","HE",192
2022-04-27,"B","HE",196
2022-04-28,"B","HE",198
2022-04-29,"B","HE",196
2022-04-30,"B","HE",194
2022-05-01,"B","HE",190
2022-05-02,"B","HE",191
2022-05-03,"B","HE",195
2022-05-04,"B","HE",201
2022-05-05,"B","HE",213
2022-05-06,"B","HE",197
2022-05-07,"B","HE",201
2022-05-08,"B","HE",193
2022-05-09,"B","HE",201
2022-05-10,"B","HE",210
2022-05-11,"B","HE",196
2022-05-12,"B","HE",193
2022-05-13,"B","HE",178
2022-05-14,"B","HE",212
2022-05-15,"B","HE",212
2022-05-16,"B","HE",211
2022-05-17,"B","HE",196
2022-05-18,"B","HE",204
2022-05-19,"B","HE",209
2022-05-20,"B","HE",202
2022-05-21,"B","HE",224
2022-05-22,"B","HE",209
2022-05-23,"B","HE",216
2022-05-24,"B","HE",196
2022-05-25,"B","HE",204
2022-05-26,"B","HE",227
2022-05-27,"B","HE",224
2022-05-28,"B","HE",211
2022-05-29,"B","HE",213
2022-05-30,"B","HE",208
2022-05-31,"B","HE",212
2022-06-01,"B","HE",201
2022-06-02,"B","HE",203
2022-06-03,"B","HE",196
2022-06-04,"B","HE",206
2022-06-05,"B","HE",193
2022-06-06,"B","HE",199
2022-06-07,"B","HE",201
2022-06-08,"B","HE",197
2022-06-09,"B","HE",211
2022-06-10,"B","HE",190
2022-06-11,"B","HE",193
2022-06-12,"B","HE",207
2022-06-13,"B","HE",203
2022-06-14,"B","HE",195
2022-06-15,"B","HE",186
2022-06-16,"B","HE",186
2022-06-17,"B","HE",189
2022-06-18,"B","HE",182
2022-06-19,"B","HE",199
2022-06-20,"B","HE",188
2022-06-21,"B","HE",197
2022-06-22,"B","HE",204
2022-06-23,"B","HE",187
2022-06-24,"B","HE",204
2022-06-25,"B","HE",192
2022-06-26,"B","HE",192
2022-06-27,"B","HE",206
2022-06-28,"B","HE",217
2022-06-29,"B","HE",206
2022-06-30,"B","HE",213
2022-07-01,"B","HE",195
2022-07-02,"B","HE",201
2022-07-03,"B","HE",191
2022-07-04,"B","HE",211
2022-07-05,"B","HE",190
2022-07-06,"B","HE",214
2022-07-07,"B","HE",194
2022-07-08,"B","HE",186
2022-07-09,"B","HE",175
2022-07-10,"B","HE",183
2022-07-11,"B","HE",181
2022-07-12,"B","HE",189
2022-07-13,"B","HE",189
2022-07-14,"B","HE",207
2022-07-15,"B","HE",201
2022-07-16,"B","HE",188
2022-07-17,"B","HE",166
2022-07-18,"B","HE",186
2022-07-19,"B","HE",184
2022-07-20,"B","HE",184
2022-07-21,"B","HE",185
2022-07-22,"B","HE",191
2022-07-23,"B","HE",179
2022-07-24,"B","HE",169
2022-07-25,"B","HE",182
2022-07-26,"B","HE",187
2022-07-27,"B","HE",158
2022-07-28,"B","HE",176
2022-07-29,"B","HE",173
2022-07-30,"B","HE",174
2022-07-31,"B","HE",183
2022-08-01,"B","HE",171
2022-08-02,"B","HE",174
2022-08-03,"B","HE",178
2022-08-04,"B","HE",181
2022-08-05,"B","HE",187
2022-08-06,"B","HE",187
2022-08-07,"B","HE",179
2022-08-08,"B","HE",169
2022-08-09,"B","HE",169
2022-08-10,"B","HE",162
2022-08-11,"B","HE",166
2022-08-12,"B","HE",154
2022-08-13,"B","HE",162
2022-08-14,"B","HE",148
2022-08-15,"B","HE",166
2022-08-16,"B","HE",158
2022-08-17,"B","HE",153
2022-08-18,"B","HE",153
2022-08-19,"B","HE",151
2022-08-20,"B","HE",142
2022-08-21,"B","HE",159
2022-08-22,"B","HE",162
2022-08-23,"B","HE",190
2022-08-24,"B","HE",180
2022-08-25,"B","HE",178
2022-08-26,"B","HE",182
2022-08-27,"B","HE",182
2022-08-28,"B","HE",181
2022-08-29,"B","HE",188
2022-08-30,"B","HE",185
2022-08-31,"B","HE",177
2022-09-01,"B","HE",188
2022-09-02,"B","HE",178
2022-09-03,"B","HE",210
2022-09-04,"B","HE",189
2022-09-05,"B","HE",186
2022-09-06,"B","HE",198
2022-09-07,"B","HE",190
2022-09-08,"B","HE",183
2022-09-09,"B","HE",182
2022-09-10,"B","HE",186
2022-09-11,"B","HE",188
2022-09-12,"B","HE",200
2022-09-13,"B","HE",211
2022-09-14,"B","HE",207
2022-09-15,"B","HE",195
2022-09-16,"B","HE",205
2022-09-17,"B","HE",202
2022-09-18,"B","HE",193
2022-09-19,"B","HE",195
2022-09-20,"B","HE",210
2022-09-21,"B","HE",198
2022-09-22,"B","HE",193
2022-09-23,"B","HE",196
2022-09-24,"B","HE",187
2022-09-25,"B","HE",197
2022-09-26,"B","HE",194
2022-09-27,"B","HE",198
2022-09-28,"B","HE",217
2022-09-29,"B","HE",186
2022-09-30,"B","HE",200
2022-10-01,"B","HE",211
2022-10-02,"B","HE",209
2022-10-03,"B","HE",219
2022-10-04,"B","HE",225
2022-10-05,"B","HE",212
2022-10-06,"B","HE",204
2022-10-07,"B","HE",215
2022-10-08,"B","HE",217
2022-10-09,"B","HE",216
2022-10-10,"B","HE",205
2022-10-11,"B","HE",199
2022-10-12,"B","HE",214
2022-10-13,"B","HE",216
2022-10-14,"B","HE",210
2022-10-15,"B","HE",203
2022-10-16,"B","HE",207
2022-10-17,"B","HE",219
2022-10-18,"B","HE",216
2022-10-19,"B","HE",204
2022-10-20,"B","HE",213
2022-10-21,"B","HE",213
2022-10-22,"B","HE",219
2022-10-23,"B","HE",202
2022-10-24,"B","HE",214
2022-10-25,"B","HE",212
2022-10-26,"B","HE",207
2022-10-27,"B","HE",214
2022-10-28,"B","HE",200
2022-10-29,"B","HE",209
2022-10-30,"B","HE",209
2022-10-31,"B","HE",214
2022-11-01,"B","HE",202
2022-11-02,"B","HE",203
2022-11-03,"B","HE",214
2022-11-04,"B","HE",215
2022-11-05,"B","HE",236
2022-11-06,"B","HE",228
2022-11-07,"B","HE",218
2022-11-08,"B","HE",209
2022-11-09,"B","HE",208
2022-11-10,"B","HE",208
2022-11-11,"B","HE",197
2022-11-12,"B","HE",226
2022-11-13,"B","HE",216
2022-11-14,"B","HE",201
2022-11-15,"B","HE",217
2022-11-16,"B","HE",210
2022-11-17,"B","HE",223
2022-11-18,"B","HE",221
2022-11-19,"B","HE",205
2022-11-20,"B","HE",226
2022-11-21,"B","HE",208
2022-11-22,"B","HE",226
2022-11-23,"B","HE",227
2022-11-24,"B","HE",214
2022-11-25,"B","HE",212
2022-11-26,"B","HE",221
2022-11-27,"B","HE",222
2022-11-28,"B","HE",218
2022-11-29,"B","HE",221
2022-11-30,"B","HE",215
2022-12-01,"B","HE",207
2022-12-02,"B","HE",211
2022-12-03,"B","HE",208
2022-12-04,"B","HE",206
2022-12-05,"B","HE",216
2022-12-06,"B","HE",211
2022-12-07,"B","HE",222
2022-12-08,"B","HE",212
2022-12-09,"B","HE",221
2022-12-10,"B","HE",220
2022-12-11,"B","HE",217
2022-12-12,"B","HE",225
2022-12-13,"B","HE",220
2022-12-14,"B","HE",215
2022-12-15,"B","HE",227
2022-12-16,"B","HE",215
2022-12-17,"B","HE",206
2022-12-18,"B","HE",204
2022-12-19,"B","HE",220
2022-12-20,"B","HE",213
2022-12-21,"B","HE",215
2022-12-22,"B","HE",223
2022-12-23,"B","HE",208
2022-12-24,"B","HE",206
2022-12-25,"B","HE",223
2022-12-26,"B","HE",213
2022-12-27,"B","HE",208
2022-12-28,"B","HE",218
2022-12-29,"B","HE",206
2022-12-30,"B","HE",214
2023-01-02,"B","HE",218
2023-01-03,"B","HE",198
2023-01-04,"B","HE",205
2023-01-05,"B","HE",220
2023-01-06,"B","HE",219
2023-01-07,"B","HE",235
2023-01-08,"B","HE",234
2023-01-09,"B","HE",220
2023-01-10,"B","HE",223
2023-01-11,"B","HE",206
2023-01-12,"B","HE",205
2023-01-13,"B","HE",201
2023-01-14,"B","HE",202
2023-01-15,"B","HE",179
2023-01-16,"B","HE",202
2023-01-17,"B","HE",214
2023-01-18,"B","HE",214
2023-01-19,"B","HE",209
2023-01-20,"B","HE",211
2023-01-21,"B","HE",203
2023-01-22,"B","HE",205
2023-01-23,"B","HE",208
2023-01-24,"B","HE",187
2023-01-25,"B","HE",204
2023-01-26,"B","HE",192
2023-01-27,"B","HE",195
2023-01-28,"B","HE",207
2023-01-29,"B","HE",204
2023-01-30,"B","HE",202
2023-01-31,"B","HE",197
2023-02-01,"B","HE",193
2023-02-02,"B","HE",182
2023-02-03,"B","HE",185
2023-02-04,"B","HE",187
2023-02-05,"B","HE",189
2023-02-06,"B","HE",188
2023-02-07,"B","HE",175
2023-02-08,"B","HE",182
2023-02-09,"B","HE",180
2023-02-10,"B","HE",181
2023-02-11,"B","HE",186
2023-02-12,"B","HE",202
2023-02-13,"B","HE",182
2023-02-14,"B","HE",207
2023-02-15,"B","HE",191
2023-02-16,"B","HE",197
2023-02-17,"B","HE",204
2023-02-18,"B","HE",180
2023-02-19,"B","HE",189
2023-02-20,"B","HE",179
2023-02-21,"B","HE",190
2023-02-22,"B","HE",174
2023-02-23,"B","HE",182
2023-02-24,"B","HE",194
2023-02-25,"B","HE",191
2023-02-26,"B","HE",174
2023-02-27,"B","HE",186
2023-02-28,"B","HE",182
2023-03-01,"B","HE",199
2023-03-02,"B","HE",178
2023-03-03,"B","HE",178
2023-03-04,"B","HE",181
2023-03-05,"B","HE",160
2023-03-06,"B","HE",188
2023-03-07,"B","HE",166
2023-03-08,"B","HE",159
2023-03-09,"B","HE",168
2023-03-10,"B","HE",161
2023-03-11,"B","HE",162
2023-03-12,"B","HE",152
2023-03-13,"B","HE",150
2023-03-14,"B","HE",166
2023-03-15,"B","HE",164
2023-03-16,"B","HE",146
2023-03-17,"B","HE",151
2023-03-18,"B","HE",151
2023-03-19,"B","HE",144
2023-03-20,"B","HE",131
2023-03-21,"B","HE",129
2023-03-22,"B","HE",150
2023-03-23,"B","HE",133
2023-03-24,"B","HE",139
2023-03-25,"B","HE",145
2023-03-26,"B","HE",131
2023-03-27,"B","HE",141
2023-03-28,"B","HE",135
2023-03-29,"B","HE",135
2023-03-30,"B","HE",144
2023-03-31,"B","HE",127
2023-04-01,"B","HE",124
2023-04-02,"B","HE",136
2023-04-03,"B","HE",132
2023-04-04,"B","HE",141
2023-04-05,"B","HE",123
2023-04-06,"B","HE",117
2023-04-07,"B","HE",118
2023-04-08,"B","HE",107
2023-04-09,"B","HE",115
2023-04-10,"B","HE",99
2023-04-11,"B","HE",106
2023-04-12,"B","HE",105
2023-04-13,"B","HE",82
2023-04-14,"B","HE",100
2023-04-15,"B","HE",87
2023-04-16,"B","HE",105
2023-04-17,"B","HE",88
2023-04-18,"B","HE",82
2023-04-19,"B","HE",97
2023-04-20,"B","HE",96
2023-04-21,"B","HE",114
2023-04-22,"B","HE",110
2023-04-23,"B","HE",103
2023-04-24,"B","HE",98
2023-04-25,"B","HE",95
2023-04-26,"B","HE",102
2023-04-27,"B","HE",96
2023-04-28,"B","HE",100
2023-04-29,"B","HE",102
2023-04-30,"B","HE",78
2023-05-01,"B","HE",78
2023-05-02,"B","HE",86
2023-05-03,"B","HE",89
2023-05-04,"B","HE",113
2023-05-05,"B","HE",111
2023-05-06,"B","HE",95
2023-05-07,"B","HE",93
2023-05-08,"B","HE",86
2023-05-09,"B","HE",106
2023-05-10,"B","HE",113
2023-05-11,"B","HE",106
2023-05-12,"B","HE",104
2023-05-13,"B","HE",79
2023-05-14,"B","HE",111
2023-05-15,"B","HE",100
2023-05-16,"B","HE",102
2023-05-17,"B","HE",88
2023-05-18,"B","HE",93
2023-05-19,"B","HE",109
2023-05-20,"B","HE",103
2023-05-21,"B","HE",124
2023-05-22,"B","HE",99
2023-05-23,"B","HE",114
2023-05-24,"B","HE",91
2023-05-25,"B","HE",83
2023-05-26,"B","HE",116
2023-05-27,"B","HE",117
2023-05-28,"B","HE",120
2023-05-29,"B","HE",98
2023-05-30,"B","HE",103
2023-05-31,"B","HE",94
2023-06-01,"B","HE",108
2023-06-02,"B","HE",96
2023-06-03,"B","HE",94
2023-06-04,"B","HE",109
2023-06-05,"B","HE",86
2023-06-06,"B","HE",105
2023-06-07,"B","HE",96
2023-06-08,"B","HE",94
2023-06-09,"B","HE",116
2023-06-10,"B","HE",99
2023-06-11,"B","HE",92
2023-06-12,"B","HE",114
2023-06-13,"B","HE",95
2023-06-14,"B","HE",86
2023-06-15,"B","HE",97
2023-06-16,"B","HE",107
2023-06-17,"B","HE",91
2023-06-18,"B","HE",79
2023-06-19,"B","HE",102
2023-06-20,"B","HE",76
2023-06-21,"B","HE",116
2023-06-22,"B","HE",112
2023-06-23,"B","HE",91
2023-06-24,"B","HE",114
2023-06-25,"B","HE",99
2023-06-26,"B","HE",98
2023-06-27,"B","HE",106
2023-06-28,"B","HE",114
2023-06-29,"B","HE",105
2023-06-30,"B","HE",126
2023-07-01,"B","HE",95
2023-07-02,"B","HE",100
2023-07-03,"B","HE",102
2023-07-04,"B","HE",106
2023-07-05,"B","HE",106
2023-07-06,"B","HE",121
2023-07-07,"B","HE",100
2023-07-08,"B","HE",84
2023-07-09,"B","HE",91
2023-07-10,"B","HE",87
2023-07-11,"B","HE",90
2023-07-12,"B","HE",103
2023-07-13,"B","HE",84
2023-07-14,"B","HE",102
2023-07-15,"B","HE",89
2023-07-16,"B","HE",91
2023-07-17,"B","HE",76
2023-07-18,"B","HE",83
2023-07-19,"B","HE",75
2023-07-20,"B","HE",76
2023-07-21,"B","HE",84
2023-07-22,"B","HE",92
2023-07-23,"B","HE",65
2023-07-24,"B","HE",67
2023-07-25,"B","HE",79
2023-07-26,"B","HE",93
2023-07-27,"B","HE",54
2023-07-28,"B","HE",64
2023-07-29,"B","HE",75
2023-07-30,"B","HE",64
2023-07-31,"B","HE",78
2023-08-01,"B","HE",74
2023-08-02,"B","HE",76
2023-08-03,"B","HE",77
2023-08-04,"B","HE",82
2023-08-05,"B","HE",74
2023-08-06,"B","HE",76
2023-08-07,"B","HE",93
2023-08-08,"B","HE",70
2023-08-09,"B","HE",55
2023-08-10,"B","HE",62
2023-08-11,"B","HE",68
2023-08-12,"B","HE",61
2023-08-13,"B","HE",48
2023-08-14,"B","HE",44
2023-08-15,"B","HE",64
2023-08-16,"B","HE",54
2023-08-17,"B","HE",43
2023-08-18,"B","HE",51
2023-08-19,"B","HE",57
2023-08-20,"B","HE",51
2023-08-21,"B","HE",64
2023-08-22,"B","HE",59
2023-08-23,"B","HE",80
2023-08-24,"B","HE",83
2023-08-25,"B","HE",71
2023-08-26,"B","HE",76
2023-08-27,"B","HE",78
2023-08-28,"B","HE",77
2023-08-29,"B","HE",81
2023-08-30,"B","HE",88
2023-08-31,"B","HE",82
2023-09-01,"B","HE",78
2023-09-02,"B","HE",73
2023-09-03,"B","HE",95
2023-09-04,"B","HE",94
2023-09-05,"B","HE",77
2023-09-06,"B","HE",111
2023-09-07,"B","HE",87
2023-09-08,"B","HE",75
2023-09-09,"B","HE",75
2023-09-10,"B","HE",70
2023-09-11,"B","HE",85
2023-09-12,"B","HE",104
2023-09-13,"B","HE",101
2023-09-14,"B","HE",95
2023-09-15,"B","HE",103
2023-09-16,"B","HE",110
2023-09-17,"B","HE",101
2023-09-18,"B","HE",82
2023-09-19,"B","HE",97
2023-09-20,"B","HE",97
2023-09-21,"B","HE",95
2023-09-22,"B","HE",77
2023-09-23,"B","HE",91
2023-09-24,"B","HE",91
2023-09-25,"B","HE",77
2023-09-26,"B","HE",95
2023-09-27,"B","HE",86
2023-09-28,"B","HE",114
2023-09-29,"B","HE",98
2023-09-30,"B","HE",101
2023-10-01,"B","HE",110
2023-10-02,"B","HE",89
2023-10-03,"B","HE",112
2023-10-04,"B","HE",115
2023-10-05,"B","HE",110
2023-10-06,"B","HE",104
2023-10-07,"B","HE",110
2023-10-08,"B","HE",127
2023-10-09,"B","HE",115
2023-10-10,"B","HE",98
2023-10-11,"B","HE",113
2023-10-12,"B","HE",99
2023-10-13,"B","HE",103
2023-10-14,"B","HE",119
2023-10-15,"B","HE",103
2023-10-16,"B","HE",111
2023-10-17,"B","HE",100
2023-10-18,"B","HE",110
2023-10-19,"B","HE",101
2023-10-20,"B","HE",122
2023-10-21,"B","HE",102
2023-10-22,"B","HE",123
2023-10-23,"B","HE",115
2023-10-24,"B","HE",115
2023-10-25,"B","HE",98
2023-10-26,"B","HE",113
2023-10-27,"B","HE",110
2023-10-28,"B","HE",104
2023-10-29,"B","HE",108
2023-10-30,"B","HE",104
2023-10-31,"B","HE",107
2023-11-01,"B","HE",105
2023-11-02,"B","HE",98
2023-11-03,"B","HE",114
2023-11-04,"B","HE",107
2023-11-05,"B","HE",125
2023-11-06,"B","HE",104
2023-11-07,"B","HE",118
2023-11-08,"B","HE",97
2023-11-09,"B","HE",103
2023-11-10,"B","HE",102
2023-11-11,"B","HE",107
2023-11-12,"B","HE",106
2023-11-13,"B","HE",111
2023-11-14,"B","HE",96
2023-11-15,"B","HE",123
2023-11-16,"B","HE",101
2023-11-17,"B","HE",107
2023-11-18,"B","HE",124
2023-11-19,"B","HE",103
2023-11-20,"B","HE",124
2023-11-21,"B","HE",101
2023-11-22,"B","HE",117
2023-11-23,"B","HE",115
2023-11-24,"B","HE",95
2023-11-25,"B","HE",109
2023-11-26,"B","HE",121
2023-11-27,"B","HE",108
2023-11-28,"B","HE",95
2023-11-29,"B","HE",118
2023-11-30,"B","HE",104
2023-12-01,"B","HE",92
2023-12-02,"B","HE",93
2023-12-03,"B","HE",99
2023-12-04,"B","HE",91
2023-12-05,"B","HE",103
2023-12-06,"B","HE",112
2023-12-07,"B","HE",134
2023-12-08,"B","HE",102
2023-12-09,"B","HE",106
2023-12-10,"B","HE",109
2023-12-11,"B","HE",104
2023-12-12,"B","HE",121
2023-12-13,"B","HE",106
2023-12-14,"B","HE",115
2023-12-15,"B","HE",120
2023-12-16,"B","HE",109
2023-12-17,"B","HE",99
2023-12-18,"B","HE",102
2023-12-19,"B","HE",103
2023-12-20,"B","HE",106
2023-12-21,"B","HE",109
2023-12-22,"B","HE",99
2023-12-23,"B","HE",97
2023-12-24,"B","HE",92
2023-12-25,"B","HE",103
2023-12-26,"B","HE",104
2023-12-27,"B","HE",100
2023-12-28,"B","HE",111
2023-12-29,"B","HE",97
2023-12-30,"B","HE",99
2021-01-02,"C","HE",1684
2021-01-03,"C","HE",1691
2021-01-04,"C","HE",1663
2021-01-05,"C","HE",1663
2021-01-06,"C","HE",1644
2021-01-07,"C","HE",1668
2021-01-08,"C","HE",1632
2021-01-09,"C","HE",1678
2021-01-10,"C","HE",1663
2021-01-11,"C","HE",1679
2021-01-12,"C","HE",1663
2021-01-13,"C","HE",1626
2021-01-14,"C","HE",1621
2021-01-15,"C","HE",1610
2021-01-16,"C","HE",1637
2021-01-17,"C","HE",1648
2021-01-18,"C","HE",1662
2021-01-19,"C","HE",1644
2021-01-20,"C","HE",1640
2021-01-21,"C","HE",1663
2021-01-22,"C","HE",1648
2021-01-23,"C","HE",1654
2021-01-24,"C","HE",1592
2021-01-25,"C","HE",1607
2021-01-26,"C","HE",1603
2021-01-27,"C","HE",1631
2021-01-28,"C","HE",1623
2021-01-29,"C","HE",1648
2021-01-30,"C","HE",1614
2021-01-31,"C","HE",1606
2021-02-01,"C","HE",1613
2021-02-02,"C","HE",1626
2021-02-03,"C","HE",1594
2021-02-04,"C","HE",1619
2021-02-05,"C","HE",1594
2021-02-06,"C","HE",1569
2021-02-07,"C","HE",1587
2021-02-08,"C","HE",1622
2021-02-09,"C","HE",1595
2021-02-10,"C","HE",1605
2021-02-11,"C","HE",1609
2021-02-12,"C","HE",1591
2021-02-13,"C","HE",1602
2021-02-14,"C","HE",1635
2021-02-15,"C","HE",1612
2021-02-16,"C","HE",1601
2021-02-17,"C","HE",1629
2021-02-18,"C","HE",1641
2021-02-19,"C","HE",1570
2021-02-20,"C","HE",1589
2021-02-21,"C","HE",1555
2021-02-22,"C","HE",1617
2021-02-23,"C","HE",1581
2021-02-24,"C","HE",1598
2021-02-25,"C","HE",1598
2021-02-26,"C","HE",1574
2021-02-27,"C","HE",1601
2021-02-28,"C","HE",1605
2021-03-01,"C","HE",1574
2021-03-02,"C","HE",1596
2021-03-03,"C","HE",1579
2021-03-04,"C","HE",1575
2021-03-05,"C","HE",1557
2021-03-06,"C","HE",1519
2021-03-07,"C","HE",1576
2021-03-08,"C","HE",1530
2021-03-09,"C","HE",1545
2021-03-10,"C","HE",1517
2021-03-11,"C","HE",1492
2021-03-12,"C","HE",1496
2021-03-13,"C","HE",1541
2021-03-14,"C","HE",1562
2021-03-15,"C","HE",1520
2021-03-16,"C","HE",1515
2021-03-17,"C","HE",1529
2021-03-18,"C","HE",1535
2021-03-19,"C","HE",1490
2021-03-20,"C","HE",1500
2021-03-21,"C","HE",1478
2021-03-22,"C","HE",1485
2021-03-23,"C","HE",1492
2021-03-24,"C","HE",1512
2021-03-25,"C","HE",1475
2021-03-26,"C","HE",1485
2021-03-27,"C","HE",1473
2021-03-28,"C","HE",1508
2021-03-29,"C","HE",1513
2021-03-30,"C","HE",1480
2021-03-31,"C","HE",1457
2021-04-01,"C","HE",1439
2021-04-02,"C","HE",1454
2021-04-03,"C","HE",1480
2021-04-04,"C","HE",1492
2021-04-05,"C","HE",1454
2021-04-06,"C","HE",1479
2021-04-07,"C","HE",1441
2021-04-08,"C","HE",1431
2021-04-09,"C","HE",1433
2021-04-10,"C","HE",1391
2021-04-11,"C","HE",1398
2021-04-12,"C","HE",1385
2021-04-13,"C","HE",1383
2021-04-14,"C","HE",1431
2021-04-15,"C","HE",1430
2021-04-16,"C","HE",1361
2021-04-17,"C","HE",1392
2021-04-18,"C","HE",1399
2021-04-19,"C","HE",1397
2021-04-20,"C","HE",1424
2021-04-21,"C","HE",1444
2021-04-22,"C","HE",1428
2021-04-23,"C","HE",1404
2021-04-24,"C","HE",1400
2021-04-25,"C","HE",1389
2021-04-26,"C","HE",1387
2021-04-27,"C","HE",1418
2021-04-28,"C","HE",1425
2021-04-29,"C","HE",1397
2021-04-30,"C","HE",1432
2021-05-01,"C","HE",1386
2021-05-02,"C","HE",1396
2021-05-03,"C","HE",1410
2021-05-04,"C","HE",1397
2021-05-05,"C","HE",1401
2021-05-06,"C","HE",1435
2021-05-07,"C","HE",1393
2021-05-08,"C","HE",1424
2021-05-09,"C","HE",1413
2021-05-10,"C","HE",1379
2021-05-11,"C","HE",1413
2021-05-12,"C","HE",1431
2021-05-13,"C","HE",1448
2021-05-14,"C","HE",1428
2021-05-15,"C","HE",1450
2021-05-16,"C","HE",1438
2021-05-17,"C","HE",1411
2021-05-18,"C","HE",1450
2021-05-19,"C","HE",1408
2021-05-20,"C","HE",1469
2021-05-21,"C","HE",1474
2021-05-22,"C","HE",1439
2021-05-23,"C","HE",1451
2021-05-24,"C","HE",1421
2021-05-25,"C","HE",1441
2021-05-26,"C","HE",1458
2021-05-27,"C","HE",1515
2021-05-28,"C","HE",1438
2021-05-29,"C","HE",1430
2021-05-30,"C","HE",1415
2021-05-31,"C","HE",1442
2021-06-01,"C","HE",1439
2021-06-02,"C","HE",1454
2021-06-03,"C","HE",1407
2021-06-04,"C","HE",1414
2021-06-05,"C","HE",1418
2021-06-06,"C","HE",1440
2021-06-07,"C","HE",1409
2021-06-08,"C","HE",1432
2021-06-09,"C","HE",1439
2021-06-10,"C","HE",1411
2021-06-11,"C","HE",1404
2021-06-12,"C","HE",1408
2021-06-13,"C","HE",1403
2021-06-14,"C","HE",1406
2021-06-15,"C","HE",1389
2021-06-16,"C","HE",1414
2021-06-17,"C","HE",1370
2021-06-18,"C","HE",1404
2021-06-19,"C","HE",1406
2021-06-20,"C","HE",1408
2021-06-21,"C","HE",1411
2021-06-22,"C","HE",1404
2021-06-23,"C","HE",1473
2021-06-24,"C","HE",1392
2021-06-25,"C","HE",1407
2021-06-26,"C","HE",1409
2021-06-27,"C","HE",1422
2021-06-28,"C","HE",1438
2021-06-29,"C","HE",1394
2021-06-30,"C","HE",1425
2021-07-01,"C","HE",1419
2021-07-02,"C","HE",1425
2021-07-03,"C","HE",1430
2021-07-04,"C","HE",1401
2021-07-05,"C","HE",1401
2021-07-06,"C","HE",1439
2021-07-07,"C","HE",1380
2021-07-08,"C","HE",1407
2021-07-09,"C","HE",1396
2021-07-10,"C","HE",1415
2021-07-11,"C","HE",1448
2021-07-12,"C","HE",1451
2021-07-13,"C","HE",1444
2021-07-14,"C","HE",1471
2021-07-15,"C","HE",1445
2021-07-16,"C","HE",1404
2021-07-17,"C","HE",1380
2021-07-18,"C","HE",1383
2021-07-19,"C","HE",1383
2021-07-20,"C","HE",1411
2021-07-21,"C","HE",1375
2021-07-22,"C","HE",1378
2021-07-23,"C","HE",1355
2021-07-24,"C","HE",1386
2021-07-25,"C","HE",1381
2021-07-26,"C","HE",1399
2021-07-27,"C","HE",1382
2021-07-28,"C","HE",1362
2021-07-29,"C","HE",1359
2021-07-30,"C","HE",1390
2021-07-31,"C","HE",1383
2021-08-01,"C","HE",1408
2021-08-02,"C","HE",1390
2021-08-03,"C","HE",1390
2021-08-04,"C","HE",1372
2021-08-05,"C","HE",1432
2021-08-06,"C","HE",1397
2021-08-07,"C","HE",1371
2021-08-08,"C","HE",1373
2021-08-09,"C","HE",1369
2021-08-10,"C","HE",1372
2021-08-11,"C","HE",1357
2021-08-12,"C","HE",1299
2021-08-13,"C","HE",1327
2021-08-14,"C","HE",1336
2021-08-15,"C","HE",1339
2021-08-16,"C","HE",1335
2021-08-17,"C","HE",1352
2021-08-18,"C","HE",1345
2021-08-19,"C","HE",1335
2021-08-20,"C","HE",1348
2021-08-21,"C","HE",1373
2021-08-22,"C","HE",1362
2021-08-23,"C","HE",1412
2021-08-24,"C","HE",1397
2021-08-25,"C","HE",1400
2021-08-26,"C","HE",1377
2021-08-27,"C","HE",1437
2021-08-28,"C","HE",1412
2021-08-29,"C","HE",1435
2021-08-30,"C","HE",1394
2021-08-31,"C","HE",1445
2021-09-01,"C","HE",1365
2021-09-02,"C","HE",1403
2021-09-03,"C","HE",1405
2021-09-04,"C","HE",1432
2021-09-05,"C","HE",1389
2021-09-06,"C","HE",1425
2021-09-07,"C","HE",1406
2021-09-08,"C","HE",1434
2021-09-09,"C","HE",1372
2021-09-10,"C","HE",1438
2021-09-11,"C","HE",1417
2021-09-12,"C","HE",1443
2021-09-13,"C","HE",1464
2021-09-14,"C","HE",1473
2021-09-15,"C","HE",1428
2021-09-16,"C","HE",1485
2021-09-17,"C","HE",1473
2021-09-18,"C","HE",1437
2021-09-19,"C","HE",1485
2021-09-20,"C","HE",1446
2021-09-21,"C","HE",1456
2021-09-22,"C","HE",1444
2021-09-23,"C","HE",1475
2021-09-24,"C","HE",1473
2021-09-25,"C","HE",1434
2021-09-26,"C","HE",1461
2021-09-27,"C","HE",1515
2021-09-28,"C","HE",1503
2021-09-29,"C","HE",1507
2021-09-30,"C","HE",1474
2021-10-01,"C","HE",1488
2021-10-02,"C","HE",1535
2021-10-03,"C","HE",1570
2021-10-04,"C","HE",1531
2021-10-05,"C","HE",1519
2021-10-06,"C","HE",1529
2021-10-07,"C","HE",1507
2021-10-08,"C","HE",1527
2021-10-09,"C","HE",1522
2021-10-10,"C","HE",1484
2021-10-11,"C","HE",1475
2021-10-12,"C","HE",1498
2021-10-13,"C","HE",1512
2021-10-14,"C","HE",1509
2021-10-15,"C","HE",1507
2021-10-16,"C","HE",1488
2021-10-17,"C","HE",1510
2021-10-18,"C","HE",1470
2021-10-19,"C","HE",1486
2021-10-20,"C","HE",1546
2021-10-21,"C","HE",1534
2021-10-22,"C","HE",1520
2021-10-23,"C","HE",1510
2021-10-24,"C","HE",1488
2021-10-25,"C","HE",1506
2021-10-26,"C","HE",1501
2021-10-27,"C","HE",1525
2021-10-28,"C","HE",1496
2021-10-29,"C","HE",1507
2021-10-30,"C","HE",1510
2021-10-31,"C","HE",1512
2021-11-01,"C","HE",1505
2021-11-02,"C","HE",1544
2021-11-03,"C","HE",1536
2021-11-04,"C","HE",1564
2021-11-05,"C","HE",1557
2021-11-06,"C","HE",1549
2021-11-07,"C","HE",1516
2021-11-08,"C","HE",1584
2021-11-09,"C","HE",1491
2021-11-10,"C","HE",1515
2021-11-11,"C","HE",1551
2021-11-12,"C","HE",1525
2021-11-13,"C","HE",1556
2021-11-14,"C","HE",1580
2021-11-15,"C","HE",1539
2021-11-16,"C","HE",1522
2021-11-17,"C","HE",1547
2021-11-18,"C","HE",1547
2021-11-19,"C","HE",1521
2021-11-20,"C","HE",1576
2021-11-21,"C","HE",1585
2021-11-22,"C","HE",1581
2021-11-23,"C","HE",1536
2021-11-24,"C","HE",1578
2021-11-25,"C","HE",1535
2021-11-26,"C","HE",1568
2021-11-27,"C","HE",1573
2021-11-28,"C","HE",1574
2021-11-29,"C","HE",1514
2021-11-30,"C","HE",1531
2021-12-01,"C","HE",1487
2021-12-02,"C","HE",1554
2021-12-03,"C","HE",1533
2021-12-04,"C","HE",1571
2021-12-05,"C","HE",1515
2021-12-06,"C","HE",1549
2021-12-07,"C","HE",1539
2021-12-08,"C","HE",1551
2021-12-09,"C","HE",1568
2021-12-10,"C","HE",1551
2021-12-11,"C","HE",1545
2021-12-12,"C","HE",1576
2021-12-13,"C","HE",1561
2021-12-14,"C","HE",1603
2021-12-15,"C","HE",1564
2021-12-16,"C","HE",1558
2021-12-17,"C","HE",1521
2021-12-18,"C","HE",1561
2021-12-19,"C","HE",1579
2021-12-20,"C","HE",1569
2021-12-21,"C","HE",1593
2021-12-22,"C","HE",1585
2021-12-23,"C","HE",1565
2021-12-24,"C","HE",1587
2021-12-25,"C","HE",1543
2021-12-26,"C","HE",1590
2021-12-27,"C","HE",1562
2021-12-28,"C","HE",1590
2021-12-29,"C","HE",1570
2021-12-30,"C","HE",1541
2022-01-02,"C","HE",1519
2022-01-03,"C","HE",1620
2022-01-04,"C","HE",1555
2022-01-05,"C","HE",1559
2022-01-06,"C","HE",1597
2022-01-07,"C","HE",1584
2022-01-08,"C","HE",1585
2022-01-09,"C","HE",1571
2022-01-10,"C","HE",1577
2022-01-11,"C","HE",1638
2022-01-12,"C","HE",1550
2022-01-13,"C","HE",1552
2022-01-14,"C","HE",1579
2022-01-15,"C","HE",1579
2022-01-16,"C","HE",1581
2022-01-17,"C","HE",1610
2022-01-18,"C","HE",1552
2022-01-19,"C","HE",1555
2022-01-20,"C","HE",1568
2022-01-21,"C","HE",1568
2022-01-22,"C","HE",1532
2022-01-23,"C","HE",1566
2022-01-24,"C","HE",1499
2022-01-25,"C","HE",1540
2022-01-26,"C","HE",1545
2022-01-27,"C","HE",1569
2022-01-28,"C","HE",1561
2022-01-29,"C","HE",1537
2022-01-30,"C","HE",1562
2022-01-31,"C","HE",1522
2022-02-01,"C","HE",1594
2022-02-02,"C","HE",1550
2022-02-03,"C","HE",1488
2022-02-04,"C","HE",1521
2022-02-05,"C","HE",1485
2022-02-06,"C","HE",1502
2022-02-07,"C","HE",1555
2022-02-08,"C","HE",1492
2022-02-09,"C","HE",1523
2022-02-10,"C","HE",1494
2022-02-11,"C","HE",1477
2022-02-12,"C","HE",1523
2022-02-13,"C","HE",1545
2022-02-14,"C","HE",1485
2022-02-15,"C","HE",1586
2022-02-16,"C","HE",1520
2022-02-17,"C","HE",1573
2022-02-18,"C","HE",1546
2022-02-19,"C","HE",1540
2022-02-20,"C","HE",1496
2022-02-21,"C","HE",1510
2022-02-22,"C","HE",1517
2022-02-23,"C","HE",1495
2022-02-24,"C","HE",1511
2022-02-25,"C","HE",1475
2022-02-26,"C","HE",1517
2022-02-27,"C","HE",1554
2022-02-28,"C","HE",1497
2022-03-01,"C","HE",1555
2022-03-02,"C","HE",1522
2022-03-03,"C","HE",1506
2022-03-04,"C","HE",1505
2022-03-05,"C","HE",1495
2022-03-06,"C","HE",1517
2022-03-07,"C","HE",1505
2022-03-08,"C","HE",1499
2022-03-09,"C","HE",1488
2022-03-10,"C","HE",1508
2022-03-11,"C","HE",1430
2022-03-12,"C","HE",1389
2022-03-13,"C","HE",1448
2022-03-14,"C","HE",1437
2022-03-15,"C","HE",1419
2022-03-16,"C","HE",1439
2022-03-17,"C","HE",1438
2022-03-18,"C","HE",1423
2022-03-19,"C","HE",1436
2022-03-20,"C","HE",1395
2022-03-21,"C","HE",1422
2022-03-22,"C","HE",1440
2022-03-23,"C","HE",1435
2022-03-24,"C","HE",1456
2022-03-25,"C","HE",1395
2022-03-26,"C","HE",1417
2022-03-27,"C","HE",1412
2022-03-28,"C","HE",1392
2022-03-29,"C","HE",1374
2022-03-30,"C","HE",1413
2022-03-31,"C","HE",1406
2022-04-01,"C","HE",1364
2022-04-02,"C","HE",1413
2022-04-03,"C","HE",1386
2022-04-04,"C","HE",1402
2022-04-05,"C","HE",1374
2022-04-06,"C","HE",1383
2022-04-07,"C","HE",1355
2022-04-08,"C","HE",1374
2022-04-09,"C","HE",1342
2022-04-10,"C","HE",1341
2022-04-11,"C","HE",1319
2022-04-12,"C","HE",1259
2022-04-13,"C","HE",1309
2022-04-14,"C","HE",1308
2022-04-15,"C","HE",1353
2022-04-16,"C","HE",1261
2022-04-17,"C","HE",1298
2022-04-18,"C","HE",1309
2022-04-19,"C","HE",1271
2022-04-20,"C","HE",1281
2022-04-21,"C","HE",1328
2022-04-22,"C","HE",1307
2022-04-23,"C","HE",1303
2022-04-24,"C","HE",1334
2022-04-25,"C","HE",1297
2022-04-26,"C","HE",1292
2022-04-27,"C","HE",1325
2022-04-28,"C","HE",1282
2022-04-29,"C","HE",1264
2022-04-30,"C","HE",1309
2022-05-01,"C","HE",1292
2022-05-02,"C","HE",1275
2022-05-03,"C","HE",1308
2022-05-04,"C","HE",1312
2022-05-05,"C","HE",1298
2022-05-06,"C","HE",1308
2022-05-07,"C","HE",1290
2022-05-08,"C","HE",1281
2022-05-09,"C","HE",1335
2022-05-10,"C","HE",1293
2022-05-11,"C","HE",1278
2022-05-12,"C","HE",1364
2022-05-13,"C","HE",1306
2022-05-14,"C","HE",1318
2022-05-15,"C","HE",1318
2022-05-16,"C","HE",1329
2022-05-17,"C","HE",1271
2022-05-18,"C","HE",1312
2022-05-19,"C","HE",1270
2022-05-20,"C","HE",1338
2022-05-21,"C","HE",1315
2022-05-22,"C","HE",1358
2022-05-23,"C","HE",1325
2022-05-24,"C","HE",1301
2022-05-25,"C","HE",1312
2022-05-26,"C","HE",1365
2022-05-27,"C","HE",1350
2022-05-28,"C","HE",1331
2022-05-29,"C","HE",1318
2022-05-30,"C","HE",1340
2022-05-31,"C","HE",1319
2022-06-01,"C","HE",1286
2022-06-02,"C","HE",1299
2022-06-03,"C","HE",1311
2022-06-04,"C","HE",1290
2022-06-05,"C","HE",1269
2022-06-06,"C","HE",1325
2022-06-07,"C","HE",1304
2022-06-08,"C","HE",1260
2022-06-09,"C","HE",1319
2022-06-10,"C","HE",1295
2022-06-11,"C","HE",1298
2022-06-12,"C","HE",1309
2022-06-13,"C","HE",1287
2022-06-14,"C","HE",1257
2022-06-15,"C","HE",1276
2022-06-16,"C","HE",1271
2022-06-17,"C","HE",1294
2022-06-18,"C","HE",1276
2022-06-19,"C","HE",1309
2022-06-20,"C","HE",1289
2022-06-21,"C","HE",1323
2022-06-22,"C","HE",1272
2022-06-23,"C","HE",1295
2022-06-24,"C","HE",1293
2022-06-25,"C","HE",1225
2022-06-26,"C","HE",1280
2022-06-27,"C","HE",1305
2022-06-28,"C","HE",1285
2022-06-29,"C","HE",1298
2022-06-30,"C","HE",1266
2022-07-01,"C","HE",1261
2022-07-02,"C","HE",1269
2022-07-03,"C","HE",1283
2022-07-04,"C","HE",1275
2022-07-05,"C","HE",1228
2022-07-06,"C","HE",1280
2022-07-07,"C","HE",1238
2022-07-08,"C","HE",1237
2022-07-09,"C","HE",1246
2022-07-10,"C","HE",1225
2022-07-11,"C","HE",1237
2022-07-12,"C","HE",1292
2022-07-13,"C","HE",1247
2022-07-14,"C","HE",1307
2022-07-15,"C","HE",1310
2022-07-16,"C","HE",1243
2022-07-17,"C","HE",1245
2022-07-18,"C","HE",1236
2022-07-19,"C","HE",1265
2022-07-20,"C","HE",1213
2022-07-21,"C","HE",1222
2022-07-22,"C","HE",1186
2022-07-23,"C","HE",1196
2022-07-24,"C","HE",1198
2022-07-25,"C","HE",1233
2022-07-26,"C","HE",1206
2022-07-27,"C","HE",1192
2022-07-28,"C","HE",1198
2022-07-29,"C","HE",1217
2022-07-30,"C","HE",1209
2022-07-31,"C","HE",1237
2022-08-01,"C","HE",1197
2022-08-02,"C","HE",1203
2022-08-03,"C","HE",1235
2022-08-04,"C","HE",1194
2022-08-05,"C","HE",1219
2022-08-06,"C","HE",1229
2022-08-07,"C","HE",1223
2022-08-08,"C","HE",1182
2022-08-09,"C","HE",1136
2022-08-10,"C","HE",1233
2022-08-11,"C","HE",1180
2022-08-12,"C","HE",1189
2022-08-13,"C","HE",1116
2022-08-14,"C","HE",1163
2022-08-15,"C","HE",1108
2022-08-16,"C","HE",1138
2022-08-17,"C","HE",1113
2022-08-18,"C","HE",1101
2022-08-19,"C","HE",1144
2022-08-20,"C","HE",1113
2022-08-21,"C","HE",1176
2022-08-22,"C","HE",1165
2022-08-23,"C","HE",1227
2022-08-24,"C","HE",1161
2022-08-25,"C","HE",1212
2022-08-26,"C","HE",1212
2022-08-27,"C","HE",1188
2022-08-28,"C","HE",1177
2022-08-29,"C","HE",1200
2022-08-30,"C","HE",1213
2022-08-31,"C","HE",1175
2022-09-01,"C","HE",1212
2022-09-02,"C","HE",1212
2022-09-03,"C","HE",1194
2022-09-04,"C","HE",1186
2022-09-05,"C","HE",1225
2022-09-06,"C","HE",1223
2022-09-07,"C","HE",1203
2022-09-08,"C","HE",1247
2022-09-09,"C","HE",1198
2022-09-10,"C","HE",1227
2022-09-11,"C","HE",1196
2022-09-12,"C","HE",1272
2022-09-13,"C","HE",1294
2022-09-14,"C","HE",1210
2022-09-15,"C","HE",1267
2022-09-16,"C","HE",1267
2022-09-17,"C","HE",1200
2022-09-18,"C","HE",1213
2022-09-19,"C","HE",1262
2022-09-20,"C","HE",1199
2022-09-21,"C","HE",1211
2022-09-22,"C","HE",1213
2022-09-23,"C","HE",1231
2022-09-24,"C","HE",1200
2022-09-25,"C","HE",1249
2022-09-26,"C","HE",1239
2022-09-27,"C","HE",1254
2022-09-28,"C","HE",1291
2022-09-29,"C","HE",1229
2022-09-30,"C","HE",1267
2022-10-01,"C","HE",1281
2022-10-02,"C","HE",1298
2022-10-03,"C","HE",1345
2022-10-04,"C","HE",1295
2022-10-05,"C","HE",1256
2022-10-06,"C","HE",1297
2022-10-07,"C","HE",1269
2022-10-08,"C","HE",1287
2022-10-09,"C","HE",1292
2022-10-10,"C","HE",1252
2022-10-11,"C","HE",1227
2022-10-12,"C","HE",1269
2022-10-13,"C","HE",1302
2022-10-14,"C","HE",1256
2022-10-15,"C","HE",1269
2022-10-16,"C","HE",1215
2022-10-17,"C","HE",1253
2022-10-18,"C","HE",1260
2022-10-19,"C","HE",1257
2022-10-20,"C","HE",1282
2022-10-21,"C","HE",1270
2022-10-22,"C","HE",1236
2022-10-23,"C","HE",1287
2022-10-24,"C","HE",1295
2022-10-25,"C","HE",1237
2022-10-26,"C","HE",1248
2022-10-27,"C","HE",1254
2022-10-28,"C","HE",1205
2022-10-29,"C","HE",1236
2022-10-30,"C","HE",1218
2022-10-31,"C","HE",1271
2022-11-01,"C","HE",1260
2022-11-02,"C","HE",1265
2022-11-03,"C","HE",1244
2022-11-04,"C","HE",1325
2022-11-05,"C","HE",1288
2022-11-06,"C","HE",1266
2022-11-07,"C","HE",1277
2022-11-08,"C","HE",1257
2022-11-09,"C","HE",1244
2022-11-10,"C","HE",1208
2022-11-11,"C","HE",1237
2022-11-12,"C","HE",1302
2022-11-13,"C","HE",1311
2022-11-14,"C","HE",1319
2022-11-15,"C","HE",1295
2022-11-16,"C","HE",1258
2022-11-17,"C","HE",1263
2022-11-18,"C","HE",1242
2022-11-19,"C","HE",1251
2022-11-20,"C","HE",1294
2022-11-21,"C","HE",1257
2022-11-22,"C","HE",1290
2022-11-23,"C","HE",1261
2022-11-24,"C","HE",1276
2022-11-25,"C","HE",1258
2022-11-26,"C","HE",1257
2022-11-27,"C","HE",1202
2022-11-28,"C","HE",1257
2022-11-29,"C","HE",1253
2022-11-30,"C","HE",1233
2022-12-01,"C","HE",1224
2022-12-02,"C","HE",1233
2022-12-03,"C","HE",1245
2022-12-04,"C","HE",1236
2022-12-05,"C","HE",1264
2022-12-06,"C","HE",1236
2022-12-07,"C","HE",1270
2022-12-08,"C","HE",1229
2022-12-09,"C","HE",1231
2022-12-10,"C","HE",1249
2022-12-11,"C","HE",1271
2022-12-12,"C","HE",1268
2022-12-13,"C","HE",1215
2022-12-14,"C","HE",1286
2022-12-15,"C","HE",1252
2022-12-16,"C","HE",1183
2022-12-17,"C","HE",1223
2022-12-18,"C","HE",1202
2022-12-19,"C","HE",1277
2022-12-20,"C","HE",1187
2022-12-21,"C","HE",1255
2022-12-22,"C","HE",1193
2022-12-23,"C","HE",1242
2022-12-24,"C","HE",1264
2022-12-25,"C","HE",1244
2022-12-26,"C","HE",1245
2022-12-27,"C","HE",1213
2022-12-28,"C","HE",1228
2022-12-29,"C","HE",1308
2022-12-30,"C","HE",1224
2023-01-02,"C","HE",1182
2023-01-03,"C","HE",1279
2023-01-04,"C","HE",1218
2023-01-05,"C","HE",1241
2023-01-06,"C","HE",1246
2023-01-07,"C","HE",1225
2023-01-08,"C","HE",1213
2023-01-09,"C","HE",1200
2023-01-10,"C","HE",1170
2023-01-11,"C","HE",1227
2023-01-12,"C","HE",1217
2023-01-13,"C","HE",1181
2023-01-14,"C","HE",1220
2023-01-15,"C","HE",1176
2023-01-16,"C","HE",1188
2023-01-17,"C","HE",1202
2023-01-18,"C","HE",1219
2023-01-19,"C","HE",1174
2023-01-20,"C","HE",1204
2023-01-21,"C","HE",1168
2023-01-22,"C","HE",1161
2023-01-23,"C","HE",1231
2023-01-24,"C","HE",1144
2023-01-25,"C","HE",1128
2023-01-26,"C","HE",1176
2023-01-27,"C","HE",1177
2023-01-28,"C","HE",1172
2023-01-29,"C","HE",1148
2023-01-30,"C","HE",1195
2023-01-31,"C","HE",1155
2023-02-01,"C","HE",1158
2023-02-02,"C","HE",1146
2023-02-03,"C","HE",1120
2023-02-04,"C","HE",1102
2023-02-05,"C","HE",1113
2023-02-06,"C","HE",1101
2023-02-07,"C","HE",1112
2023-02-08,"C","HE",1112
2023-02-09,"C","HE",1134
2023-02-10,"C","HE",1103
2023-02-11,"C","HE",1103
2023-02-12,"C","HE",1143
2023-02-13,"C","HE",1182
2023-02-14,"C","HE",1060
2023-02-15,"C","HE",1158
2023-02-16,"C","HE",1117
2023-02-17,"C","HE",1170
2023-02-18,"C","HE",1145
2023-02-19,"C","HE",1151
2023-02-20,"C","HE",1125
2023-02-21,"C","HE",1073
2023-02-22,"C","HE",1129
2023-02-23,"C","HE",1065
2023-02-24,"C","HE",1123
2023-02-25,"C","HE",1067
2023-02-26,"C","HE",1111
2023-02-27,"C","HE",1105
2023-02-28,"C","HE",1123
2023-03-01,"C","HE",1086
2023-03-02,"C","HE",1089
2023-03-03,"C","HE",1069
2023-03-04,"C","HE",1061
2023-03-05,"C","HE",1046
2023-03-06,"C","HE",1056
2023-03-07,"C","HE",1091
2023-03-08,"C","HE",1076
2023-03-09,"C","HE",1039
2023-03-10,"C","HE",1111
2023-03-11,"C","HE",1023
2023-03-12,"C","HE",970
2023-03-13,"C","HE",976
2023-03-14,"C","HE",1015
2023-03-15,"C","HE",1008
2023-03-16,"C","HE",1022
2023-03-17,"C","HE",1033
2023-03-18,"C","HE",985
2023-03-19,"C","HE",999
2023-03-20,"C","HE",947
2023-03-21,"C","HE",984
2023-03-22,"C","HE",986
2023-03-23,"C","HE",1025
2023-03-24,"C","HE",989
2023-03-25,"C","HE",954
2023-03-26,"C","HE",955
2023-03-27,"C","HE",983
2023-03-28,"C","HE",988
2023-03-29,"C","HE",923
2023-03-30,"C","HE",1024
2023-03-31,"C","HE",971
2023-04-01,"C","HE",923
2023-04-02,"C","HE",995
2023-04-03,"C","HE",927
2023-04-04,"C","HE",967
2023-04-05,"C","HE",910
2023-04-06,"C","HE",917
2023-04-07,"C","HE",914
2023-04-08,"C","HE",846
2023-04-09,"C","HE",900
2023-04-10,"C","HE",911
2023-04-11,"C","HE",884
2023-04-12,"C","HE",860
2023-04-13,"C","HE",916
2023-04-14,"C","HE",879
2023-04-15,"C","HE",858
2023-04-16,"C","HE",805
2023-04-17,"C","HE",818
2023-04-18,"C","HE",875
2023-04-19,"C","HE",823
2023-04-20,"C","HE",864
2023-04-21,"C","HE",879
2023-04-22,"C","HE",860
2023-04-23,"C","HE",841
2023-04-24,"C","HE",858
2023-04-25,"C","HE",817
2023-04-26,"C","HE",776
2023-04-27,"C","HE",893
2023-04-28,"C","HE",845
2023-04-29,"C","HE",840
2023-04-30,"C","HE",818
2023-05-01,"C","HE",856
2023-05-02,"C","HE",835
2023-05-03,"C","HE",866
2023-05-04,"C","HE",877
2023-05-05,"C","HE",866
2023-05-06,"C","HE",871
2023-05-07,"C","HE",863
2023-05-08,"C","HE",825
2023-05-09,"C","HE",887
2023-05-10,"C","HE",872
2023-05-11,"C","HE",800
2023-05-12,"C","HE",818
2023-05-13,"C","HE",825
2023-05-14,"C","HE",789
2023-05-15,"C","HE",845
2023-05-16,"C","HE",866
2023-05-17,"C","HE",812
2023-05-18,"C","HE",878
2023-05-19,"C","HE",855
2023-05-20,"C","HE",866
2023-05-21,"C","HE",889
2023-05-22,"C","HE",893
2023-05-23,"C","HE",874
2023-05-24,"C","HE",859
2023-05-25,"C","HE",862
2023-05-26,"C","HE",914
2023-05-27,"C","HE",907
2023-05-28,"C","HE",872
2023-05-29,"C","HE",870
2023-05-30,"C","HE",818
2023-05-31,"C","HE",852
2023-06-01,"C","HE",803
2023-06-02,"C","HE",897
2023-06-03,"C","HE",831
2023-06-04,"C","HE",819
2023-06-05,"C","HE",784
2023-06-06,"C","HE",834
2023-06-07,"C","HE",782
2023-06-08,"C","HE",788
2023-06-09,"C","HE",855
2023-06-10,"C","HE",789
2023-06-11,"C","HE",754
2023-06-12,"C","HE",823
2023-06-13,"C","HE",759
2023-06-14,"C","HE",760
2023-06-15,"C","HE",771
2023-06-16,"C","HE",795
2023-06-17,"C","HE",786
2023-06-18,"C","HE",763
2023-06-19,"C","HE",821
2023-06-20,"C","HE",778
2023-06-21,"C","HE",786
2023-06-22,"C","HE",766
2023-06-23,"C","HE",747
2023-06-24,"C","HE",743
2023-06-25,"C","HE",739
2023-06-26,"C","HE",765
2023-06-27,"C","HE",751
2023-06-28,"C","HE",829
2023-06-29,"C","HE",788
2023-06-30,"C","HE",767
2023-07-01,"C","HE",757
2023-07-02,"C","HE",767
2023-07-03,"C","HE",725
2023-07-04,"C","HE",737
2023-07-05,"C","HE",754
2023-07-06,"C","HE",766
2023-07-07,"C","HE",728
2023-07-08,"C","HE",751
2023-07-09,"C","HE",751
2023-07-10,"C","HE",766
2023-07-11,"C","HE",763
2023-07-12,"C","HE",768
2023-07-13,"C","HE",738
2023-07-14,"C","HE",760
2023-07-15,"C","HE",838
2023-07-16,"C","HE",712
2023-07-17,"C","HE",739
2023-07-18,"C","HE",687
2023-07-19,"C","HE",707
2023-07-20,"C","HE",726
2023-07-21,"C","HE",682
2023-07-22,"C","HE",688
2023-07-23,"C","HE",666
2023-07-24,"C","HE",667
2023-07-25,"C","HE",695
2023-07-26,"C","HE",665
2023-07-27,"C","HE",659
2023-07-28,"C","HE",703
2023-07-29,"C","HE",660
2023-07-30,"C","HE",670
2023-07-31,"C","HE",681
2023-08-01,"C","HE",657
2023-08-02,"C","HE",608
2023-08-03,"C","HE",697
2023-08-04,"C","HE",660
2023-08-05,"C","HE",692
2023-08-06,"C","HE",665
2023-08-07,"C","HE",693
2023-08-08,"C","HE",590
2023-08-09,"C","HE",575
2023-08-10,"C","HE",678
2023-08-11,"C","HE",632
2023-08-12,"C","HE",632
2023-08-13,"C","HE",549
2023-08-14,"C","HE",597
2023-08-15,"C","HE",589
2023-08-16,"C","HE",575
2023-08-17,"C","HE",569
2023-08-18,"C","HE",585
2023-08-19,"C","HE",558
2023-08-20,"C","HE",577
2023-08-21,"C","HE",570
2023-08-22,"C","HE",602
2023-08-23,"C","HE",642
2023-08-24,"C","HE",585
2023-08-25,"C","HE",562
2023-08-26,"C","HE",614
2023-08-27,"C","HE",639
2023-08-28,"C","HE",619
2023-08-29,"C","HE",559
2023-08-30,"C","HE",655
2023-08-31,"C","HE",596
2023-09-01,"C","HE",650
2023-09-02,"C","HE",623
2023-09-03,"C","HE",677
2023-09-04,"C","HE",627
2023-09-05,"C","HE",602
2023-09-06,"C","HE",600
2023-09-07,"C","HE",628
2023-09-08,"C","HE",643
2023-09-09,"C","HE",606
2023-09-10,"C","HE",631
2023-09-11,"C","HE",635
2023-09-12,"C","HE",632
2023-09-13,"C","HE",700
2023-09-14,"C","HE",672
2023-09-15,"C","HE",642
2023-09-16,"C","HE",713
2023-09-17,"C","HE",622
2023-09-18,"C","HE",632
2023-09-19,"C","HE",651
2023-09-20,"C","HE",632
2023-09-21,"C","HE",625
2023-09-22,"C","HE",620
2023-09-23,"C","HE",614
2023-09-24,"C","HE",636
2023-09-25,"C","HE",623
2023-09-26,"C","HE",633
2023-09-27,"C","HE",669
2023-09-28,"C","HE",647
2023-09-29,"C","HE",613
2023-09-30,"C","HE",624
2023-10-01,"C","HE",635
2023-10-02,"C","HE",666
2023-10-03,"C","HE",682
2023-10-04,"C","HE",649
2023-10-05,"C","HE",608
2023-10-06,"C","HE",672
2023-10-07,"C","HE",605
2023-10-08,"C","HE",656
2023-10-09,"C","HE",659
2023-10-10,"C","HE",587
2023-10-11,"C","HE",606
2023-10-12,"C","HE",685
2023-10-13,"C","HE",666
2023-10-14,"C","HE",649
2023-10-15,"C","HE",614
2023-10-16,"C","HE",622
2023-10-17,"C","HE",641
2023-10-18,"C","HE",588
2023-10-19,"C","HE",579
2023-10-20,"C","HE",579
2023-10-21,"C","HE",623
2023-10-22,"C","HE",625
2023-10-23,"C","HE",622
2023-10-24,"C","HE",618
2023-10-25,"C","HE",604
2023-10-26,"C","HE",629
2023-10-27,"C","HE",627
2023-10-28,"C","HE",548
2023-10-29,"C","HE",592
2023-10-30,"C","HE",554
2023-10-31,"C","HE",598
2023-11-01,"C","HE",572
2023-11-02,"C","HE",656
2023-11-03,"C","HE",607
2023-11-04,"C","HE",603
2023-11-05,"C","HE",668
2023-11-06,"C","HE",549
2023-11-07,"C","HE",637
2023-11-08,"C","HE",574
2023-11-09,"C","HE",612
2023-11-10,"C","HE",603
2023-11-11,"C","HE",569
2023-11-12,"C","HE",595
2023-11-13,"C","HE",573
2023-11-14,"C","HE",594
2023-11-15,"C","HE",602
2023-11-16,"C","HE",556
2023-11-17,"C","HE",589
2023-11-18,"C","HE",554
2023-11-19,"C","HE",595
2023-11-20,"C","HE",606
2023-11-21,"C","HE",627
2023-11-22,"C","HE",620
2023-11-23,"C","HE",571
2023-11-24,"C","HE",626
2023-11-25,"C","HE",613
2023-11-26,"C","HE",625
2023-11-27,"C","HE",558
2023-11-28,"C","HE",598
2023-11-29,"C","HE",573
2023-11-30,"C","HE",562
2023-12-01,"C","HE",568
2023-12-02,"C","HE",560
2023-12-03,"C","HE",569
2023-12-04,"C","HE",552
2023-12-05,"C","HE",559
2023-12-06,"C","HE",608
2023-12-07,"C","HE",567
2023-12-08,"C","HE",591
2023-12-09,"C","HE",571
2023-12-10,"C","HE",575
2023-12-11,"C","HE",576
2023-12-12,"C","HE",556
2023-12-13,"C","HE",620
2023-12-14,"C","HE",604
2023-12-15,"C","HE",574
2023-12-16,"C","HE",508
2023-12-17,"C","HE",558
2023-12-18,"C","HE",536
2023-12-19,"C","HE",591
2023-12-20,"C","HE",555
2023-12-21,"C","HE",548
2023-12-22,"C","HE",572
2023-12-23,"C","HE",531
2023-12-24,"C","HE",579
2023-12-25,"C","HE",613
2023-12-26,"C","HE",566
2023-12-27,"C","HE",512
2023-12-28,"C","HE",533
2023-12-29,"C","HE",560
2023-12-30,"C","HE",573
2021-01-02,"D","HE",729
2021-01-03,"D","HE",743
2021-01-04,"D","HE",748
2021-01-05,"D","HE",756
2021-01-06,"D","HE",769
2021-01-07,"D","HE",746
2021-01-08,"D","HE",746
2021-01-09,"D","HE",724
2021-01-10,"D","HE",739
2021-01-11,"D","HE",752
2021-01-12,"D","HE",727
2021-01-13,"D","HE",713
2021-01-14,"D","HE",736
2021-01-15,"D","HE",714
2021-01-16,"D","HE",721
2021-01-17,"D","HE",724
2021-01-18,"D","HE",733
2021-01-19,"D","HE",724
2021-01-20,"D","HE",729
2021-01-21,"D","HE",739
2021-01-22,"D","HE",720
2021-01-23,"D","HE",720
2021-01-24,"D","HE",720
2021-01-25,"D","HE",710
2021-01-26,"D","HE",709
2021-01-27,"D","HE",711
2021-01-28,"D","HE",737
2021-01-29,"D","HE",714
2021-01-30,"D","HE",708
2021-01-31,"D","HE",710
2021-02-01,"D","HE",727
2021-02-02,"D","HE",701
2021-02-03,"D","HE",700
2021-02-04,"D","HE",702
2021-02-05,"D","HE",691
2021-02-06,"D","HE",689
2021-02-07,"D","HE",692
2021-02-08,"D","HE",688
2021-02-09,"D","HE",692
2021-02-10,"D","HE",699
2021-02-11,"D","HE",713
2021-02-12,"D","HE",724
2021-02-13,"D","HE",730
2021-02-14,"D","HE",723
2021-02-15,"D","HE",723
2021-02-16,"D","HE",715
2021-02-17,"D","HE",715
2021-02-18,"D","HE",720
2021-02-19,"D","HE",725
2021-02-20,"D","HE",708
2021-02-21,"D","HE",694
2021-02-22,"D","HE",719
2021-02-23,"D","HE",719
2021-02-24,"D","HE",699
2021-02-25,"D","HE",691
2021-02-26,"D","HE",712
2021-02-27,"D","HE",719
2021-02-28,"D","HE",718
2021-03-01,"D","HE",714
2021-03-02,"D","HE",713
2021-03-03,"D","HE",718
2021-03-04,"D","HE",694
2021-03-05,"D","HE",707
2021-03-06,"D","HE",705
2021-03-07,"D","HE",695
2021-03-08,"D","HE",683
2021-03-09,"D","HE",679
2021-03-10,"D","HE",673
2021-03-11,"D","HE",651
2021-03-12,"D","HE",664
2021-03-13,"D","HE",663
2021-03-14,"D","HE",671
2021-03-15,"D","HE",653
2021-03-16,"D","HE",677
2021-03-17,"D","HE",674
2021-03-18,"D","HE",652
2021-03-19,"D","HE",651
2021-03-20,"D","HE",645
2021-03-21,"D","HE",631
2021-03-22,"D","HE",651
2021-03-23,"D","HE",637
2021-03-24,"D","HE",633
2021-03-25,"D","HE",633
2021-03-26,"D","HE",608
2021-03-27,"D","HE",620
2021-03-28,"D","HE",625
2021-03-29,"D","HE",635
2021-03-30,"D","HE",635
2021-03-31,"D","HE",625
2021-04-01,"D","HE",632
2021-04-02,"D","HE",621
2021-04-03,"D","HE",630
2021-04-04,"D","HE",628
2021-04-05,"D","HE",622
2021-04-06,"D","HE",615
2021-04-07,"D","HE",619
2021-04-08,"D","HE",593
2021-04-09,"D","HE",591
2021-04-10,"D","HE",558
2021-04-11,"D","HE",562
2021-04-12,"D","HE",569
2021-04-13,"D","HE",547
2021-04-14,"D","HE",561
2021-04-15,"D","HE",573
2021-04-16,"D","HE",548
2021-04-17,"D","HE",562
2021-04-18,"D","HE",547
2021-04-19,"D","HE",580
2021-04-20,"D","HE",583
2021-04-21,"D","HE",587
2021-04-22,"D","HE",584
2021-04-23,"D","HE",589
2021-04-24,"D","HE",583
2021-04-25,"D","HE",562
2021-04-26,"D","HE",584
2021-04-27,"D","HE",587
2021-04-28,"D","HE",574
2021-04-29,"D","HE",580
2021-04-30,"D","HE",566
2021-05-01,"D","HE",557
2021-05-02,"D","HE",584
2021-05-03,"D","HE",592
2021-05-04,"D","HE",570
2021-05-05,"D","HE",587
2021-05-06,"D","HE",578
2021-05-07,"D","HE",589
2021-05-08,"D","HE",585
2021-05-09,"D","HE",590
2021-05-10,"D","HE",597
2021-05-11,"D","HE",594
2021-05-12,"D","HE",619
2021-05-13,"D","HE",605
2021-05-14,"D","HE",595
2021-05-15,"D","HE",627
2021-05-16,"D","HE",619
2021-05-17,"D","HE",592
2021-05-18,"D","HE",592
2021-05-19,"D","HE",624
2021-05-20,"D","HE",628
2021-05-21,"D","HE",627
2021-05-22,"D","HE",633
2021-05-23,"D","HE",622
2021-05-24,"D","HE",611
2021-05-25,"D","HE",611
2021-05-26,"D","HE",649
2021-05-27,"D","HE",645
2021-05-28,"D","HE",621
2021-05-29,"D","HE",618
2021-05-30,"D","HE",640
2021-05-31,"D","HE",602
2021-06-01,"D","HE",620
2021-06-02,"D","HE",614
2021-06-03,"D","HE",596
2021-06-04,"D","HE",599
2021-06-05,"D","HE",605
2021-06-06,"D","HE",599
2021-06-07,"D","HE",616
2021-06-08,"D","HE",615
2021-06-09,"D","HE",622
2021-06-10,"D","HE",615
2021-06-11,"D","HE",611
2021-06-12,"D","HE",605
2021-06-13,"D","HE",594
2021-06-14,"D","HE",603
2021-06-15,"D","HE",592
2021-06-16,"D","HE",583
2021-06-17,"D","HE",603
2021-06-18,"D","HE",615
2021-06-19,"D","HE",621
2021-06-20,"D","HE",624
2021-06-21,"D","HE",606
2021-06-22,"D","HE",622
2021-06-23,"D","HE",618
2021-06-24,"D","HE",628
2021-06-25,"D","HE",619
2021-06-26,"D","HE",610
2021-06-27,"D","HE",626
2021-06-28,"D","HE",644
2021-06-29,"D","HE",646
2021-06-30,"D","HE",632
2021-07-01,"D","HE",630
2021-07-02,"D","HE",624
2021-07-03,"D","HE",627
2021-07-04,"D","HE",620
2021-07-05,"D","HE",618
2021-07-06,"D","HE",644
2021-07-07,"D","HE",607
2021-07-08,"D","HE",594
2021-07-09,"D","HE",617
2021-07-10,"D","HE",597
2021-07-11,"D","HE",607
2021-07-12,"D","HE",629
2021-07-13,"D","HE",627
2021-07-14,"D","HE",616
2021-07-15,"D","HE",620
2021-07-16,"D","HE",607
2021-07-17,"D","HE",600
2021-07-18,"D","HE",590
2021-07-19,"D","HE",611
2021-07-20,"D","HE",598
2021-07-21,"D","HE",609
2021-07-22,"D","HE",602
2021-07-23,"D","HE",581
2021-07-24,"D","HE",603
2021-07-25,"D","HE",587
2021-07-26,"D","HE",605
2021-07-27,"D","HE",584
2021-07-28,"D","HE",586
2021-07-29,"D","HE",594
2021-07-30,"D","HE",594
2021-07-31,"D","HE",592
2021-08-01,"D","HE",598
2021-08-02,"D","HE",586
2021-08-03,"D","HE",613
2021-08-04,"D","HE",604
2021-08-05,"D","HE",629
2021-08-06,"D","HE",625
2021-08-07,"D","HE",600
2021-08-08,"D","HE",604
2021-08-09,"D","HE",594
2021-08-10,"D","HE",585
2021-08-11,"D","HE",581
2021-08-12,"D","HE",558
2021-08-13,"D","HE",567
2021-08-14,"D","HE",573
2021-08-15,"D","HE",563
2021-08-16,"D","HE",552
2021-08-17,"D","HE",558
2021-08-18,"D","HE",569
2021-08-19,"D","HE",566
2021-08-20,"D","HE",562
2021-08-21,"D","HE",590
2021-08-22,"D","HE",594
2021-08-23,"D","HE",609
2021-08-24,"D","HE",610
2021-08-25,"D","HE",626
2021-08-26,"D","HE",615
2021-08-27,"D","HE",617
2021-08-28,"D","HE",630
2021-08-29,"D","HE",618
2021-08-30,"D","HE",620
2021-08-31,"D","HE",605
2021-09-01,"D","HE",629
2021-09-02,"D","HE",628
2021-09-03,"D","HE",630
2021-09-04,"D","HE",640
2021-09-05,"D","HE",608
2021-09-06,"D","HE",631
2021-09-07,"D","HE",645
2021-09-08,"D","HE",635
2021-09-09,"D","HE",638
2021-09-10,"D","HE",654
2021-09-11,"D","HE",642
2021-09-12,"D","HE",664
2021-09-13,"D","HE",684
2021-09-14,"D","HE",685
2021-09-15,"D","HE",694
2021-09-16,"D","HE",693
2021-09-17,"D","HE",669
2021-09-18,"D","HE",676
2021-09-19,"D","HE",671
2021-09-20,"D","HE",677
2021-09-21,"D","HE",674
2021-09-22,"D","HE",663
2021-09-23,"D","HE",670
2021-09-24,"D","HE",670
2021-09-25,"D","HE",658
2021-09-26,"D","HE",682
2021-09-27,"D","HE",684
2021-09-28,"D","HE",700
2021-09-29,"D","HE",697
2021-09-30,"D","HE",689
2021-10-01,"D","HE",702
2021-10-02,"D","HE",728
2021-10-03,"D","HE",734
2021-10-04,"D","HE",748
2021-10-05,"D","HE",732
2021-10-06,"D","HE",726
2021-10-07,"D","HE",744
2021-10-08,"D","HE",726
2021-10-09,"D","HE",742
2021-10-10,"D","HE",722
2021-10-11,"D","HE",728
2021-10-12,"D","HE",743
2021-10-13,"D","HE",746
2021-10-14,"D","HE",722
2021-10-15,"D","HE",718
2021-10-16,"D","HE",720
2021-10-17,"D","HE",739
2021-10-18,"D","HE",718
2021-10-19,"D","HE",723
2021-10-20,"D","HE",750
2021-10-21,"D","HE",736
2021-10-22,"D","HE",756
2021-10-23,"D","HE",746
2021-10-24,"D","HE",737
2021-10-25,"D","HE",731
2021-10-26,"D","HE",712
2021-10-27,"D","HE",734
2021-10-28,"D","HE",726
2021-10-29,"D","HE",712
2021-10-30,"D","HE",739
2021-10-31,"D","HE",716
2021-11-01,"D","HE",730
2021-11-02,"D","HE",748
2021-11-03,"D","HE",746
2021-11-04,"D","HE",765
2021-11-05,"D","HE",753
2021-11-06,"D","HE",747
2021-11-07,"D","HE",739
2021-11-08,"D","HE",739
2021-11-09,"D","HE",743
2021-11-10,"D","HE",743
2021-11-11,"D","HE",731
2021-11-12,"D","HE",749
2021-11-13,"D","HE",750
2021-11-14,"D","HE",749
2021-11-15,"D","HE",767
2021-11-16,"D","HE",752
2021-11-17,"D","HE",765
2021-11-18,"D","HE",754
2021-11-19,"D","HE",763
2021-11-20,"D","HE",764
2021-11-21,"D","HE",782
2021-11-22,"D","HE",784
2021-11-23,"D","HE",783
2021-11-24,"D","HE",774
2021-11-25,"D","HE",779
2021-11-26,"D","HE",773
2021-11-27,"D","HE",781
2021-11-28,"D","HE",774
2021-11-29,"D","HE",773
2021-11-30,"D","HE",752
2021-12-01,"D","HE",763
2021-12-02,"D","HE",749
2021-12-03,"D","HE",742
2021-12-04,"D","HE",769
2021-12-05,"D","HE",763
2021-12-06,"D","HE",773
2021-12-07,"D","HE",777
2021-12-08,"D","HE",782
2021-12-09,"D","HE",775
2021-12-10,"D","HE",778
2021-12-11,"D","HE",768
2021-12-12,"D","HE",774
2021-12-13,"D","HE",770
2021-12-14,"D","HE",780
2021-12-15,"D","HE",782
2021-12-16,"D","HE",779
2021-12-17,"D","HE",775
2021-12-18,"D","HE",769
2021-12-19,"D","HE",786
2021-12-20,"D","HE",785
2021-12-21,"D","HE",789
2021-12-22,"D","HE",772
2021-12-23,"D","HE",778
2021-12-24,"D","HE",783
2021-12-25,"D","HE",796
2021-12-26,"D","HE",794
2021-12-27,"D","HE",781
2021-12-28,"D","HE",807
2021-12-29,"D","HE",791
2021-12-30,"D","HE",789
2022-01-02,"D","HE",797
2022-01-03,"D","HE",793
2022-01-04,"D","HE",796
2022-01-05,"D","HE",811
2022-01-06,"D","HE",808
2022-01-07,"D","HE",807
2022-01-08,"D","HE",796
2022-01-09,"D","HE",798
2022-01-10,"D","HE",803
2022-01-11,"D","HE",806
2022-01-12,"D","HE",789
2022-01-13,"D","HE",784
2022-01-14,"D","HE",784
2022-01-15,"D","HE",779
2022-01-16,"D","HE",788
2022-01-17,"D","HE",784
2022-01-18,"D","HE",800
2022-01-19,"D","HE",776
2022-01-20,"D","HE",776
2022-01-21,"D","HE",805
2022-01-22,"D","HE",791
2022-01-23,"D","HE",778
2022-01-24,"D","HE",772
2022-01-25,"D","HE",777
2022-01-26,"D","HE",770
2022-01-27,"D","HE",772
2022-01-28,"D","HE",800
2022-01-29,"D","HE",791
2022-01-30,"D","HE",780
2022-01-31,"D","HE",776
2022-02-01,"D","HE",773
2022-02-02,"D","HE",768
2022-02-03,"D","HE",775
2022-02-04,"D","HE",753
2022-02-05,"D","HE",768
2022-02-06,"D","HE",771
2022-02-07,"D","HE",746
2022-02-08,"D","HE",753
2022-02-09,"D","HE",762
2022-02-10,"D","HE",773
2022-02-11,"D","HE",761
2022-02-12,"D","HE",777
2022-02-13,"D","HE",795
2022-02-14,"D","HE",785
2022-02-15,"D","HE",799
2022-02-16,"D","HE",787
2022-02-17,"D","HE",780
2022-02-18,"D","HE",787
2022-02-19,"D","HE",787
2022-02-20,"D","HE",749
2022-02-21,"D","HE",768
2022-02-22,"D","HE",776
2022-02-23,"D","HE",790
2022-02-24,"D","HE",767
2022-02-25,"D","HE",771
2022-02-26,"D","HE",770
2022-02-27,"D","HE",762
2022-02-28,"D","HE",790
2022-03-01,"D","HE",773
2022-03-02,"D","HE",777
2022-03-03,"D","HE",797
2022-03-04,"D","HE",776
2022-03-05,"D","HE",770
2022-03-06,"D","HE",766
2022-03-07,"D","HE",755
2022-03-08,"D","HE",738
2022-03-09,"D","HE",735
2022-03-10,"D","HE",728
2022-03-11,"D","HE",725
2022-03-12,"D","HE",723
2022-03-13,"D","HE",719
2022-03-14,"D","HE",727
2022-03-15,"D","HE",725
2022-03-16,"D","HE",720
2022-03-17,"D","HE",728
2022-03-18,"D","HE",690
2022-03-19,"D","HE",704
2022-03-20,"D","HE",699
2022-03-21,"D","HE",702
2022-03-22,"D","HE",716
2022-03-23,"D","HE",696
2022-03-24,"D","HE",692
2022-03-25,"D","HE",677
2022-03-26,"D","HE",681
2022-03-27,"D","HE",692
2022-03-28,"D","HE",683
2022-03-29,"D","HE",684
2022-03-30,"D","HE",691
2022-03-31,"D","HE",685
2022-04-01,"D","HE",675
2022-04-02,"D","HE",678
2022-04-03,"D","HE",686
2022-04-04,"D","HE",693
2022-04-05,"D","HE",683
2022-04-06,"D","HE",671
2022-04-07,"D","HE",667
2022-04-08,"D","HE",640
2022-04-09,"D","HE",664
2022-04-10,"D","HE",640
2022-04-11,"D","HE",629
2022-04-12,"D","HE",622
2022-04-13,"D","HE",622
2022-04-14,"D","HE",631
2022-04-15,"D","HE",616
2022-04-16,"D","HE",616
2022-04-17,"D","HE",598
2022-04-18,"D","HE",614
2022-04-19,"D","HE",636
2022-04-20,"D","HE",657
2022-04-21,"D","HE",643
2022-04-22,"D","HE",651
2022-04-23,"D","HE",650
2022-04-24,"D","HE",644
2022-04-25,"D","HE",637
2022-04-26,"D","HE",629
2022-04-27,"D","HE",643
2022-04-28,"D","HE",647
2022-04-29,"D","HE",627
2022-04-30,"D","HE",628
2022-05-01,"D","HE",634
2022-05-02,"D","HE",622
2022-05-03,"D","HE",633
2022-05-04,"D","HE",628
2022-05-05,"D","HE",659
2022-05-06,"D","HE",634
2022-05-07,"D","HE",638
2022-05-08,"D","HE",646
2022-05-09,"D","HE",645
2022-05-10,"D","HE",658
2022-05-11,"D","HE",650
2022-05-12,"D","HE",657
2022-05-13,"D","HE",664
2022-05-14,"D","HE",677
2022-05-15,"D","HE",677
2022-05-16,"D","HE",664
2022-05-17,"D","HE",674
2022-05-18,"D","HE",672
2022-05-19,"D","HE",692
2022-05-20,"D","HE",693
2022-05-21,"D","HE",708
2022-05-22,"D","HE",708
2022-05-23,"D","HE",672
2022-05-24,"D","HE",673
2022-05-25,"D","HE",677
2022-05-26,"D","HE",721
2022-05-27,"D","HE",692
2022-05-28,"D","HE",684
2022-05-29,"D","HE",677
2022-05-30,"D","HE",717
2022-05-31,"D","HE",685
2022-06-01,"D","HE",681
2022-06-02,"D","HE",678
2022-06-03,"D","HE",663
2022-06-04,"D","HE",680
2022-06-05,"D","HE",657
2022-06-06,"D","HE",653
2022-06-07,"D","HE",660
2022-06-08,"D","HE",669
2022-06-09,"D","HE",670
2022-06-10,"D","HE",661
2022-06-11,"D","HE",683
2022-06-12,"D","HE",671
2022-06-13,"D","HE",647
2022-06-14,"D","HE",666
2022-06-15,"D","HE",654
2022-06-16,"D","HE",655
2022-06-17,"D","HE",676
2022-06-18,"D","HE",670
2022-06-19,"D","HE",680
2022-06-20,"D","HE",680
2022-06-21,"D","HE",687
2022-06-22,"D","HE",684
2022-06-23,"D","HE",671
2022-06-24,"D","HE",673
2022-06-25,"D","HE",681
2022-06-26,"D","HE",687
2022-06-27,"D","HE",672
2022-06-28,"D","HE",704
2022-06-29,"D","HE",707
2022-06-30,"D","HE",683
2022-07-01,"D","HE",668
2022-07-02,"D","HE",691
2022-07-03,"D","HE",667
2022-07-04,"D","HE",682
2022-07-05,"D","HE",680
2022-07-06,"D","HE",707
2022-07-07,"D","HE",676
2022-07-08,"D","HE",663
2022-07-09,"D","HE",651
2022-07-10,"D","HE",650
2022-07-11,"D","HE",652
2022-07-12,"D","HE",679
2022-07-13,"D","HE",672
2022-07-14,"D","HE",688
2022-07-15,"D","HE",680
2022-07-16,"D","HE",680
2022-07-17,"D","HE",645
2022-07-18,"D","HE",634
2022-07-19,"D","HE",662
2022-07-20,"D","HE",650
2022-07-21,"D","HE",661
2022-07-22,"D","HE",647
2022-07-23,"D","HE",629
2022-07-24,"D","HE",644
2022-07-25,"D","HE",642
2022-07-26,"D","HE",650
2022-07-27,"D","HE",643
2022-07-28,"D","HE",617
2022-07-29,"D","HE",643
2022-07-30,"D","HE",632
2022-07-31,"D","HE",635
2022-08-01,"D","HE",658
2022-08-02,"D","HE",653
2022-08-03,"D","HE",659
2022-08-04,"D","HE",659
2022-08-05,"D","HE",671
2022-08-06,"D","HE",654
2022-08-07,"D","HE",657
2022-08-08,"D","HE",658
2022-08-09,"D","HE",657
2022-08-10,"D","HE",631
2022-08-11,"D","HE",642
2022-08-12,"D","HE",634
2022-08-13,"D","HE",640
2022-08-14,"D","HE",629
2022-08-15,"D","HE",612
2022-08-16,"D","HE",605
2022-08-17,"D","HE",618
2022-08-18,"D","HE",599
2022-08-19,"D","HE",618
2022-08-20,"D","HE",626
2022-08-21,"D","HE",632
2022-08-22,"D","HE",638
2022-08-23,"D","HE",662
2022-08-24,"D","HE",667
2022-08-25,"D","HE",669
2022-08-26,"D","HE",676
2022-08-27,"D","HE",687
2022-08-28,"D","HE",666
2022-08-29,"D","HE",689
2022-08-30,"D","HE",667
2022-08-31,"D","HE",669
2022-09-01,"D","HE",682
2022-09-02,"D","HE",685
2022-09-03,"D","HE",681
2022-09-04,"D","HE",695
2022-09-05,"D","HE",678
2022-09-06,"D","HE",706
2022-09-07,"D","HE",704
2022-09-08,"D","HE",718
2022-09-09,"D","HE",705
2022-09-10,"D","HE",708
2022-09-11,"D","HE",698
2022-09-12,"D","HE",722
2022-09-13,"D","HE",743
2022-09-14,"D","HE",757
2022-09-15,"D","HE",751
2022-09-16,"D","HE",757
2022-09-17,"D","HE",739
2022-09-18,"D","HE",752
2022-09-19,"D","HE",729
2022-09-20,"D","HE",736
2022-09-21,"D","HE",744
2022-09-22,"D","HE",729
2022-09-23,"D","HE",730
2022-09-24,"D","HE",709
2022-09-25,"D","HE",724
2022-09-26,"D","HE",737
2022-09-27,"D","HE",760
2022-09-28,"D","HE",760
2022-09-29,"D","HE",745
2022-09-30,"D","HE",771
2022-10-01,"D","HE",786
2022-10-02,"D","HE",798
2022-10-03,"D","HE",789
2022-10-04,"D","HE",811
2022-10-05,"D","HE",785
2022-10-06,"D","HE",774
2022-10-07,"D","HE",806
2022-10-08,"D","HE",800
2022-10-09,"D","HE",785
2022-10-10,"D","HE",786
2022-10-11,"D","HE",783
2022-10-12,"D","HE",775
2022-10-13,"D","HE",786
2022-10-14,"D","HE",789
2022-10-15,"D","HE",802
2022-10-16,"D","HE",759
2022-10-17,"D","HE",787
2022-10-18,"D","HE",788
2022-10-19,"D","HE",787
2022-10-20,"D","HE",798
2022-10-21,"D","HE",797
2022-10-22,"D","HE",823
2022-10-23,"D","HE",791
2022-10-24,"D","HE",791
2022-10-25,"D","HE",790
2022-10-26,"D","HE",774
2022-10-27,"D","HE",790
2022-10-28,"D","HE",790
2022-10-29,"D","HE",779
2022-10-30,"D","HE",779
2022-10-31,"D","HE",779
2022-11-01,"D","HE",807
2022-11-02,"D","HE",818
2022-11-03,"D","HE",802
2022-11-04,"D","HE",820
2022-11-05,"D","HE",831
2022-11-06,"D","HE",809
2022-11-07,"D","HE",807
2022-11-08,"D","HE",812
2022-11-09,"D","HE",794
2022-11-10,"D","HE",797
2022-11-11,"D","HE",793
2022-11-12,"D","HE",806
2022-11-13,"D","HE",817
2022-11-14,"D","HE",798
2022-11-15,"D","HE",827
2022-11-16,"D","HE",803
2022-11-17,"D","HE",824
2022-11-18,"D","HE",812
2022-11-19,"D","HE",822
2022-11-20,"D","HE",832
2022-11-21,"D","HE",841
2022-11-22,"D","HE",831
2022-11-23,"D","HE",822
2022-11-24,"D","HE",827
2022-11-25,"D","HE",827
2022-11-26,"D","HE",816
2022-11-27,"D","HE",811
2022-11-28,"D","HE",828
2022-11-29,"D","HE",838
2022-11-30,"D","HE",812
2022-12-01,"D","HE",829
2022-12-02,"D","HE",829
2022-12-03,"D","HE",823
2022-12-04,"D","HE",826
2022-12-05,"D","HE",821
2022-12-06,"D","HE",842
2022-12-07,"D","HE",850
2022-12-08,"D","HE",831
2022-12-09,"D","HE",843
2022-12-10,"D","HE",839
2022-12-11,"D","HE",847
2022-12-12,"D","HE",827
2022-12-13,"D","HE",854
2022-12-14,"D","HE",840
2022-12-15,"D","HE",842
2022-12-16,"D","HE",835
2022-12-17,"D","HE",820
2022-12-18,"D","HE",827
2022-12-19,"D","HE",851
2022-12-20,"D","HE",850
2022-12-21,"D","HE",841
2022-12-22,"D","HE",848
2022-12-23,"D","HE",850
2022-12-24,"D","HE",843
2022-12-25,"D","HE",835
2022-12-26,"D","HE",854
2022-12-27,"D","HE",850
2022-12-28,"D","HE",849
2022-12-29,"D","HE",841
2022-12-30,"D","HE",826
2023-01-02,"D","HE",860
2023-01-03,"D","HE",841
2023-01-04,"D","HE",871
2023-01-05,"D","HE",854
2023-01-06,"D","HE",854
2023-01-07,"D","HE",860
2023-01-08,"D","HE",849
2023-01-09,"D","HE",851
2023-01-10,"D","HE",845
2023-01-11,"D","HE",860
2023-01-12,"D","HE",835
2023-01-13,"D","HE",818
2023-01-14,"D","HE",826
2023-01-15,"D","HE",824
2023-01-16,"D","HE",850
2023-01-17,"D","HE",840
2023-01-18,"D","HE",857
2023-01-19,"D","HE",820
2023-01-20,"D","HE",830
2023-01-21,"D","HE",838
2023-01-22,"D","HE",829
2023-01-23,"D","HE",839
2023-01-24,"D","HE",816
2023-01-25,"D","HE",820
2023-01-26,"D","HE",814
2023-01-27,"D","HE",811
2023-01-28,"D","HE",836
2023-01-29,"D","HE",822
2023-01-30,"D","HE",816
2023-01-31,"D","HE",812
2023-02-01,"D","HE",817
2023-02-02,"D","HE",798
2023-02-03,"D","HE",799
2023-02-04,"D","HE",788
2023-02-05,"D","HE",803
2023-02-06,"D","HE",801
2023-02-07,"D","HE",795
2023-02-08,"D","HE",814
2023-02-09,"D","HE",811
2023-02-10,"D","HE",814
2023-02-11,"D","HE",821
2023-02-12,"D","HE",803
2023-02-13,"D","HE",835
2023-02-14,"D","HE",836
2023-02-15,"D","HE",828
2023-02-16,"D","HE",809
2023-02-17,"D","HE",836
2023-02-18,"D","HE",817
2023-02-19,"D","HE",816
2023-02-20,"D","HE",798
2023-02-21,"D","HE",807
2023-02-22,"D","HE",806
2023-02-23,"D","HE",809
2023-02-24,"D","HE",821
2023-02-25,"D","HE",817
2023-02-26,"D","HE",805
2023-02-27,"D","HE",816
2023-02-28,"D","HE",825
2023-03-01,"D","HE",795
2023-03-02,"D","HE",803
2023-03-03,"D","HE",822
2023-03-04,"D","HE",806
2023-03-05,"D","HE",830
2023-03-06,"D","HE",799
2023-03-07,"D","HE",788
2023-03-08,"D","HE",776
2023-03-09,"D","HE",760
2023-03-10,"D","HE",759
2023-03-11,"D","HE",761
2023-03-12,"D","HE",770
2023-03-13,"D","HE",750
2023-03-14,"D","HE",748
2023-03-15,"D","HE",741
2023-03-16,"D","HE",765
2023-03-17,"D","HE",758
2023-03-18,"D","HE",738
2023-03-19,"D","HE",763
2023-03-20,"D","HE",728
2023-03-21,"D","HE",725
2023-03-22,"D","HE",724
2023-03-23,"D","HE",735
2023-03-24,"D","HE",734
2023-03-25,"D","HE",725
2023-03-26,"D","HE",705
2023-03-27,"D","HE",704
2023-03-28,"D","HE",712
2023-03-29,"D","HE",709
2023-03-30,"D","HE",724
2023-03-31,"D","HE",726
2023-04-01,"D","HE",717
2023-04-02,"D","HE",714
2023-04-03,"D","HE",752
2023-04-04,"D","HE",728
2023-04-05,"D","HE",718
2023-04-06,"D","HE",722
2023-04-07,"D","HE",679
2023-04-08,"D","HE",668
2023-04-09,"D","HE",669
2023-04-10,"D","HE",675
2023-04-11,"D","HE",662
2023-04-12,"D","HE",646
2023-04-13,"D","HE",668
2023-04-14,"D","HE",650
2023-04-15,"D","HE",618
2023-04-16,"D","HE",624
2023-04-17,"D","HE",642
2023-04-18,"D","HE",634
2023-04-19,"D","HE",656
2023-04-20,"D","HE",667
2023-04-21,"D","HE",657
2023-04-22,"D","HE",660
2023-04-23,"D","HE",676
2023-04-24,"D","HE",670
2023-04-25,"D","HE",658
2023-04-26,"D","HE",670
2023-04-27,"D","HE",655
2023-04-28,"D","HE",649
2023-04-29,"D","HE",676
2023-04-30,"D","HE",661
2023-05-01,"D","HE",636
2023-05-02,"D","HE",639
2023-05-03,"D","HE",652
2023-05-04,"D","HE",657
2023-05-05,"D","HE",674
2023-05-06,"D","HE",645
2023-05-07,"D","HE",676
2023-05-08,"D","HE",647
2023-05-09,"D","HE",634
2023-05-10,"D","HE",666
2023-05-11,"D","HE",651
2023-05-12,"D","HE",667
2023-05-13,"D","HE",671
2023-05-14,"D","HE",682
2023-05-15,"D","HE",693
2023-05-16,"D","HE",700
2023-05-17,"D","HE",664
2023-05-18,"D","HE",696
2023-05-19,"D","HE",697
2023-05-20,"D","HE",695
2023-05-21,"D","HE",695
2023-05-22,"D","HE",727
2023-05-23,"D","HE",664
2023-05-24,"D","HE",682
2023-05-25,"D","HE",685
2023-05-26,"D","HE",729
2023-05-27,"D","HE",696
2023-05-28,"D","HE",690
2023-05-29,"D","HE",688
2023-05-30,"D","HE",722
2023-05-31,"D","HE",683
2023-06-01,"D","HE",689
2023-06-02,"D","HE",679
2023-06-03,"D","HE",669
2023-06-04,"D","HE",673
2023-06-05,"D","HE",664
2023-06-06,"D","HE",692
2023-06-07,"D","HE",690
2023-06-08,"D","HE",665
2023-06-09,"D","HE",691
2023-06-10,"D","HE",655
2023-06-11,"D","HE",681
2023-06-12,"D","HE",692
2023-06-13,"D","HE",675
2023-06-14,"D","HE",662
2023-06-15,"D","HE",667
2023-06-16,"D","HE",662
2023-06-17,"D","HE",670
2023-06-18,"D","HE",690
2023-06-19,"D","HE",670
2023-06-20,"D","HE",681
2023-06-21,"D","HE",689
2023-06-22,"D","HE",685
2023-06-23,"D","HE",684
2023-06-24,"D","HE",682
2023-06-25,"D","HE",680
2023-06-26,"D","HE",692
2023-06-27,"D","HE",680
2023-06-28,"D","HE",707
2023-06-29,"D","HE",694
2023-06-30,"D","HE",693
2023-07-01,"D","HE",671
2023-07-02,"D","HE",703
2023-07-03,"D","HE",665
2023-07-04,"D","HE",676
2023-07-05,"D","HE",676
2023-07-06,"D","HE",693
2023-07-07,"D","HE",663
2023-07-08,"D","HE",662
2023-07-09,"D","HE",655
2023-07-10,"D","HE",672
2023-07-11,"D","HE",667
2023-07-12,"D","HE",691
2023-07-13,"D","HE",677
2023-07-14,"D","HE",698
2023-07-15,"D","HE",692
2023-07-16,"D","HE",665
2023-07-17,"D","HE",645
2023-07-18,"D","HE",640
2023-07-19,"D","HE",672
2023-07-20,"D","HE",650
2023-07-21,"D","HE",664
2023-07-22,"D","HE",666
2023-07-23,"D","HE",643
2023-07-24,"D","HE",645
2023-07-25,"D","HE",645
2023-07-26,"D","HE",663
2023-07-27,"D","HE",649
2023-07-28,"D","HE",636
2023-07-29,"D","HE",647
2023-07-30,"D","HE",631
2023-07-31,"D","HE",642
2023-08-01,"D","HE",653
2023-08-02,"D","HE",677
2023-08-03,"D","HE",671
2023-08-04,"D","HE",652
2023-08-05,"D","HE",679
2023-08-06,"D","HE",665
2023-08-07,"D","HE",660
2023-08-08,"D","HE",662
2023-08-09,"D","HE",646
2023-08-10,"D","HE",648
2023-08-11,"D","HE",645
2023-08-12,"D","HE",617
2023-08-13,"D","HE",628
2023-08-14,"D","HE",635
2023-08-15,"D","HE",609
2023-08-16,"D","HE",605
2023-08-17,"D","HE",611
2023-08-18,"D","HE",622
2023-08-19,"D","HE",627
2023-08-20,"D","HE",627
2023-08-21,"D","HE",634
2023-08-22,"D","HE",635
2023-08-23,"D","HE",658
2023-08-24,"D","HE",663
2023-08-25,"D","HE",673
2023-08-26,"D","HE",674
2023-08-27,"D","HE",674
2023-08-28,"D","HE",690
2023-08-29,"D","HE",670
2023-08-30,"D","HE",668
2023-08-31,"D","HE",681
2023-09-01,"D","HE",703
2023-09-02,"D","HE",692
2023-09-03,"D","HE",670
2023-09-04,"D","HE",678
2023-09-05,"D","HE",691
2023-09-06,"D","HE",688
2023-09-07,"D","HE",691
2023-09-08,"D","HE",712
2023-09-09,"D","HE",699
2023-09-10,"D","HE",698
2023-09-11,"D","HE",700
2023-09-12,"D","HE",733
2023-09-13,"D","HE",710
2023-09-14,"D","HE",728
2023-09-15,"D","HE",742
2023-09-16,"D","HE",740
2023-09-17,"D","HE",731
2023-09-18,"D","HE",717
2023-09-19,"D","HE",722
2023-09-20,"D","HE",720
2023-09-21,"D","HE",732
2023-09-22,"D","HE",707
2023-09-23,"D","HE",702
2023-09-24,"D","HE",710
2023-09-25,"D","HE",708
2023-09-26,"D","HE",731
2023-09-27,"D","HE",737
2023-09-28,"D","HE",737
2023-09-29,"D","HE",757
2023-09-30,"D","HE",742
2023-10-01,"D","HE",775
2023-10-02,"D","HE",765
2023-10-03,"D","HE",776
2023-10-04,"D","HE",777
2023-10-05,"D","HE",782
2023-10-06,"D","HE",765
2023-10-07,"D","HE",770
2023-10-08,"D","HE",767
2023-10-09,"D","HE",775
2023-10-10,"D","HE",778
2023-10-11,"D","HE",767
2023-10-12,"D","HE",768
2023-10-13,"D","HE",771
2023-10-14,"D","HE",774
2023-10-15,"D","HE",788
2023-10-16,"D","HE",767
2023-10-17,"D","HE",769
2023-10-18,"D","HE",773
2023-10-19,"D","HE",773
2023-10-20,"D","HE",785
2023-10-21,"D","HE",789
2023-10-22,"D","HE",794
2023-10-23,"D","HE",781
2023-10-24,"D","HE",775
2023-10-25,"D","HE",781
2023-10-26,"D","HE",757
2023-10-27,"D","HE",773
2023-10-28,"D","HE",768
2023-10-29,"D","HE",762
2023-10-30,"D","HE",754
2023-10-31,"D","HE",759
2023-11-01,"D","HE",777
2023-11-02,"D","HE",767
2023-11-03,"D","HE",796
2023-11-04,"D","HE",804
2023-11-05,"D","HE",807
2023-11-06,"D","HE",798
2023-11-07,"D","HE",810
2023-11-08,"D","HE",798
2023-11-09,"D","HE",763
2023-11-10,"D","HE",768
2023-11-11,"D","HE",776
2023-11-12,"D","HE",783
2023-11-13,"D","HE",808
2023-11-14,"D","HE",802
2023-11-15,"D","HE",790
2023-11-16,"D","HE",785
2023-11-17,"D","HE",815
2023-11-18,"D","HE",811
2023-11-19,"D","HE",802
2023-11-20,"D","HE",806
2023-11-21,"D","HE",836
2023-11-22,"D","HE",824
2023-11-23,"D","HE",809
2023-11-24,"D","HE",831
2023-11-25,"D","HE",805
2023-11-26,"D","HE",800
2023-11-27,"D","HE",803
2023-11-28,"D","HE",811
2023-11-29,"D","HE",816
2023-11-30,"D","HE",794
2023-12-01,"D","HE",809
2023-12-02,"D","HE",801
2023-12-03,"D","HE",812
2023-12-04,"D","HE",804
2023-12-05,"D","HE",812
2023-12-06,"D","HE",809
2023-12-07,"D","HE",834
2023-12-08,"D","HE",825
2023-12-09,"D","HE",842
2023-12-10,"D","HE",828
2023-12-11,"D","HE",832
2023-12-12,"D","HE",818
2023-12-13,"D","HE",836
2023-12-14,"D","HE",839
2023-12-15,"D","HE",841
2023-12-16,"D","HE",830
2023-12-17,"D","HE",821
2023-12-18,"D","HE",826
2023-12-19,"D","HE",828
2023-12-20,"D","HE",840
2023-12-21,"D","HE",807
2023-12-22,"D","HE",847
2023-12-23,"D","HE",827
2023-12-24,"D","HE",843
2023-12-25,"D","HE",820
2023-12-26,"D","HE",843
2023-12-27,"D","HE",819
2023-12-28,"D","HE",828
2023-12-29,"D","HE",828
2023-12-30,"D","HE",803
2021-01-02,"E","HE",688
2021-01-03,"E","HE",703
2021-01-04,"E","HE",692
2021-01-05,"E","HE",681
2021-01-06,"E","HE",700
2021-01-07,"E","HE",707
2021-01-08,"E","HE",700
2021-01-09,"E","HE",700
2021-01-10,"E","HE",704
2021-01-11,"E","HE",695
2021-01-12,"E","HE",698
2021-01-13,"E","HE",685
2021-01-14,"E","HE",693
2021-01-15,"E","HE",685
2021-01-16,"E","HE",687
2021-01-17,"E","HE",708
2021-01-18,"E","HE",694
2021-01-19,"E","HE",696
2021-01-20,"E","HE",693
2021-01-21,"E","HE",708
2021-01-22,"E","HE",689
2021-01-23,"E","HE",678
2021-01-24,"E","HE",695
2021-01-25,"E","HE",670
2021-01-26,"E","HE",699
2021-01-27,"E","HE",682
2021-01-28,"E","HE",695
2021-01-29,"E","HE",689
2021-01-30,"E","HE",679
2021-01-31,"E","HE",689
2021-02-01,"E","HE",677
2021-02-02,"E","HE",678
2021-02-03,"E","HE",679
2021-02-04,"E","HE",667
2021-02-05,"E","HE",667
2021-02-06,"E","HE",667
2021-02-07,"E","HE",678
2021-02-08,"E","HE",672
2021-02-09,"E","HE",685
2021-02-10,"E","HE",700
2021-02-11,"E","HE",690
2021-02-12,"E","HE",689
2021-02-13,"E","HE",693
2021-02-14,"E","HE",687
2021-02-15,"E","HE",685
2021-02-16,"E","HE",667
2021-02-17,"E","HE",682
2021-02-18,"E","HE",685
2021-02-19,"E","HE",694
2021-02-20,"E","HE",667
2021-02-21,"E","HE",675
2021-02-22,"E","HE",677
2021-02-23,"E","HE",675
2021-02-24,"E","HE",660
2021-02-25,"E","HE",680
2021-02-26,"E","HE",678
2021-02-27,"E","HE",669
2021-02-28,"E","HE",682
2021-03-01,"E","HE",680
2021-03-02,"E","HE",680
2021-03-03,"E","HE",672
2021-03-04,"E","HE",662
2021-03-05,"E","HE",678
2021-03-06,"E","HE",681
2021-03-07,"E","HE",679
2021-03-08,"E","HE",656
2021-03-09,"E","HE",664
2021-03-10,"E","HE",652
2021-03-11,"E","HE",642
2021-03-12,"E","HE",659
2021-03-13,"E","HE",657
2021-03-14,"E","HE",648
2021-03-15,"E","HE",645
2021-03-16,"E","HE",647
2021-03-17,"E","HE",647
2021-03-18,"E","HE",652
2021-03-19,"E","HE",641
2021-03-20,"E","HE",625
2021-03-21,"E","HE",636
2021-03-22,"E","HE",658
2021-03-23,"E","HE",655
2021-03-24,"E","HE",630
2021-03-25,"E","HE",633
2021-03-26,"E","HE",636
2021-03-27,"E","HE",636
2021-03-28,"E","HE",633
2021-03-29,"E","HE",637
2021-03-30,"E","HE",641
2021-03-31,"E","HE",647
2021-04-01,"E","HE",628
2021-04-02,"E","HE",642
2021-04-03,"E","HE",627
2021-04-04,"E","HE",647
2021-04-05,"E","HE",639
2021-04-06,"E","HE",625
2021-04-07,"E","HE",623
2021-04-08,"E","HE",629
2021-04-09,"E","HE",619
2021-04-10,"E","HE",602
2021-04-11,"E","HE",593
2021-04-12,"E","HE",606
2021-04-13,"E","HE",595
2021-04-14,"E","HE",589
2021-04-15,"E","HE",587
2021-04-16,"E","HE",591
2021-04-17,"E","HE",588
2021-04-18,"E","HE",585
2021-04-19,"E","HE",599
2021-04-20,"E","HE",598
2021-04-21,"E","HE",618
2021-04-22,"E","HE",592
2021-04-23,"E","HE",592
2021-04-24,"E","HE",613
2021-04-25,"E","HE",587
2021-04-26,"E","HE",608
2021-04-27,"E","HE",608
2021-04-28,"E","HE",597
2021-04-29,"E","HE",602
2021-04-30,"E","HE",598
2021-05-01,"E","HE",579
2021-05-02,"E","HE",573
2021-05-03,"E","HE",579
2021-05-04,"E","HE",592
2021-05-05,"E","HE",602
2021-05-06,"E","HE",596
2021-05-07,"E","HE",600
2021-05-08,"E","HE",602
2021-05-09,"E","HE",586
2021-05-10,"E","HE",582
2021-05-11,"E","HE",597
2021-05-12,"E","HE",592
2021-05-13,"E","HE",601
2021-05-14,"E","HE",605
2021-05-15,"E","HE",607
2021-05-16,"E","HE",598
2021-05-17,"E","HE",613
2021-05-18,"E","HE",598
2021-05-19,"E","HE",608
2021-05-20,"E","HE",595
2021-05-21,"E","HE",611
2021-05-22,"E","HE",596
2021-05-23,"E","HE",614
2021-05-24,"E","HE",610
2021-05-25,"E","HE",611
2021-05-26,"E","HE",629
2021-05-27,"E","HE",623
2021-05-28,"E","HE",596
2021-05-29,"E","HE",598
2021-05-30,"E","HE",605
2021-05-31,"E","HE",613
2021-06-01,"E","HE",614
2021-06-02,"E","HE",596
2021-06-03,"E","HE",587
2021-06-04,"E","HE",599
2021-06-05,"E","HE",582
2021-06-06,"E","HE",600
2021-06-07,"E","HE",591
2021-06-08,"E","HE",599
2021-06-09,"E","HE",588
2021-06-10,"E","HE",594
2021-06-11,"E","HE",591
2021-06-12,"E","HE",592
2021-06-13,"E","HE",578
2021-06-14,"E","HE",576
2021-06-15,"E","HE",593
2021-06-16,"E","HE",593
2021-06-17,"E","HE",578
2021-06-18,"E","HE",604
2021-06-19,"E","HE",594
2021-06-20,"E","HE",596
2021-06-21,"E","HE",587
2021-06-22,"E","HE",577
2021-06-23,"E","HE",606
2021-06-24,"E","HE",590
2021-06-25,"E","HE",579
2021-06-26,"E","HE",592
2021-06-27,"E","HE",583
2021-06-28,"E","HE",595
2021-06-29,"E","HE",587
2021-06-30,"E","HE",597
2021-07-01,"E","HE",594
2021-07-02,"E","HE",589
2021-07-03,"E","HE",587
2021-07-04,"E","HE",585
2021-07-05,"E","HE",583
2021-07-06,"E","HE",603
2021-07-07,"E","HE",579
2021-07-08,"E","HE",580
2021-07-09,"E","HE",587
2021-07-10,"E","HE",585
2021-07-11,"E","HE",571
2021-07-12,"E","HE",590
2021-07-13,"E","HE",580
2021-07-14,"E","HE",587
2021-07-15,"E","HE",586
2021-07-16,"E","HE",607
2021-07-17,"E","HE",580
2021-07-18,"E","HE",563
2021-07-19,"E","HE",587
2021-07-20,"E","HE",585
2021-07-21,"E","HE",579
2021-07-22,"E","HE",574
2021-07-23,"E","HE",571
2021-07-24,"E","HE",570
2021-07-25,"E","HE",583
2021-07-26,"E","HE",581
2021-07-27,"E","HE",577
2021-07-28,"E","HE",568
2021-07-29,"E","HE",563
2021-07-30,"E","HE",571
2021-07-31,"E","HE",574
2021-08-01,"E","HE",587
2021-08-02,"E","HE",576
2021-08-03,"E","HE",585
2021-08-04,"E","HE",581
2021-08-05,"E","HE",580
2021-08-06,"E","HE",572
2021-08-07,"E","HE",579
2021-08-08,"E","HE",574
2021-08-09,"E","HE",572
2021-08-10,"E","HE",566
2021-08-11,"E","HE",556
2021-08-12,"E","HE",561
2021-08-13,"E","HE",567
2021-08-14,"E","HE",563
2021-08-15,"E","HE",558
2021-08-16,"E","HE",545
2021-08-17,"E","HE",538
2021-08-18,"E","HE",545
2021-08-19,"E","HE",559
2021-08-20,"E","HE",557
2021-08-21,"E","HE",573
2021-08-22,"E","HE",561
2021-08-23,"E","HE",567
2021-08-24,"E","HE",589
2021-08-25,"E","HE",571
2021-08-26,"E","HE",585
2021-08-27,"E","HE",579
2021-08-28,"E","HE",578
2021-08-29,"E","HE",587
2021-08-30,"E","HE",584
2021-08-31,"E","HE",590
2021-09-01,"E","HE",591
2021-09-02,"E","HE",591
2021-09-03,"E","HE",589
2021-09-04,"E","HE",595
2021-09-05,"E","HE",585
2021-09-06,"E","HE",592
2021-09-07,"E","HE",597
2021-09-08,"E","HE",594
2021-09-09,"E","HE",592
2021-09-10,"E","HE",593
2021-09-11,"E","HE",593
2021-09-12,"E","HE",606
2021-09-13,"E","HE",616
2021-09-14,"E","HE",613
2021-09-15,"E","HE",619
2021-09-16,"E","HE",615
2021-09-17,"E","HE",613
2021-09-18,"E","HE",607
2021-09-19,"E","HE",607
2021-09-20,"E","HE",596
2021-09-21,"E","HE",610
2021-09-22,"E","HE",619
2021-09-23,"E","HE",593
2021-09-24,"E","HE",589
2021-09-25,"E","HE",600
2021-09-26,"E","HE",613
2021-09-27,"E","HE",624
2021-09-28,"E","HE",614
2021-09-29,"E","HE",605
2021-09-30,"E","HE",614
2021-10-01,"E","HE",612
2021-10-02,"E","HE",641
2021-10-03,"E","HE",645
2021-10-04,"E","HE",637
2021-10-05,"E","HE",623
2021-10-06,"E","HE",626
2021-10-07,"E","HE",630
2021-10-08,"E","HE",627
2021-10-09,"E","HE",637
2021-10-10,"E","HE",630
2021-10-11,"E","HE",627
2021-10-12,"E","HE",632
2021-10-13,"E","HE",629
2021-10-14,"E","HE",631
2021-10-15,"E","HE",627
2021-10-16,"E","HE",620
2021-10-17,"E","HE",635
2021-10-18,"E","HE",621
2021-10-19,"E","HE",614
2021-10-20,"E","HE",636
2021-10-21,"E","HE",636
2021-10-22,"E","HE",631
2021-10-23,"E","HE",632
2021-10-24,"E","HE",618
2021-10-25,"E","HE",623
2021-10-26,"E","HE",626
2021-10-27,"E","HE",631
2021-10-28,"E","HE",631
2021-10-29,"E","HE",593
2021-10-30,"E","HE",617
2021-10-31,"E","HE",625
2021-11-01,"E","HE",606
2021-11-02,"E","HE",633
2021-11-03,"E","HE",631
2021-11-04,"E","HE",637
2021-11-05,"E","HE",648
2021-11-06,"E","HE",648
2021-11-07,"E","HE",636
2021-11-08,"E","HE",633
2021-11-09,"E","HE",620
2021-11-10,"E","HE",632
2021-11-11,"E","HE",623
2021-11-12,"E","HE",618
2021-11-13,"E","HE",639
2021-11-14,"E","HE",632
2021-11-15,"E","HE",634
2021-11-16,"E","HE",641
2021-11-17,"E","HE",643
2021-11-18,"E","HE",642
2021-11-19,"E","HE",651
2021-11-20,"E","HE",642
2021-11-21,"E","HE",655
2021-11-22,"E","HE",659
2021-11-23,"E","HE",653
2021-11-24,"E","HE",646
2021-11-25,"E","HE",647
2021-11-26,"E","HE",642
2021-11-27,"E","HE",643
2021-11-28,"E","HE",648
2021-11-29,"E","HE",655
2021-11-30,"E","HE",635
2021-12-01,"E","HE",657
2021-12-02,"E","HE",659
2021-12-03,"E","HE",644
2021-12-04,"E","HE",650
2021-12-05,"E","HE",638
2021-12-06,"E","HE",656
2021-12-07,"E","HE",650
2021-12-08,"E","HE",653
2021-12-09,"E","HE",665
2021-12-10,"E","HE",655
2021-12-11,"E","HE",653
2021-12-12,"E","HE",655
2021-12-13,"E","HE",643
2021-12-14,"E","HE",652
2021-12-15,"E","HE",653
2021-12-16,"E","HE",658
2021-12-17,"E","HE",649
2021-12-18,"E","HE",648
2021-12-19,"E","HE",642
2021-12-20,"E","HE",644
2021-12-21,"E","HE",656
2021-12-22,"E","HE",659
2021-12-23,"E","HE",647
2021-12-24,"E","HE",658
2021-12-25,"E","HE",660
2021-12-26,"E","HE",662
2021-12-27,"E","HE",652
2021-12-28,"E","HE",651
2021-12-29,"E","HE",651
2021-12-30,"E","HE",647
2022-01-02,"E","HE",634
2022-01-03,"E","HE",652
2022-01-04,"E","HE",677
2022-01-05,"E","HE",645
2022-01-06,"E","HE",676
2022-01-07,"E","HE",679
2022-01-08,"E","HE",654
2022-01-09,"E","HE",675
2022-01-10,"E","HE",680
2022-01-11,"E","HE",654
2022-01-12,"E","HE",636
2022-01-13,"E","HE",636
2022-01-14,"E","HE",659
2022-01-15,"E","HE",645
2022-01-16,"E","HE",640
2022-01-17,"E","HE",647
2022-01-18,"E","HE",642
2022-01-19,"E","HE",664
2022-01-20,"E","HE",653
2022-01-21,"E","HE",643
2022-01-22,"E","HE",628
2022-01-23,"E","HE",633
2022-01-24,"E","HE",667
2022-01-25,"E","HE",640
2022-01-26,"E","HE",615
2022-01-27,"E","HE",639
2022-01-28,"E","HE",638
2022-01-29,"E","HE",640
2022-01-30,"E","HE",615
2022-01-31,"E","HE",624
2022-02-01,"E","HE",649
2022-02-02,"E","HE",640
2022-02-03,"E","HE",606
2022-02-04,"E","HE",602
2022-02-05,"E","HE",615
2022-02-06,"E","HE",633
2022-02-07,"E","HE",614
2022-02-08,"E","HE",624
2022-02-09,"E","HE",607
2022-02-10,"E","HE",615
2022-02-11,"E","HE",633
2022-02-12,"E","HE",620
2022-02-13,"E","HE",615
2022-02-14,"E","HE",636
2022-02-15,"E","HE",628
2022-02-16,"E","HE",616
2022-02-17,"E","HE",614
2022-02-18,"E","HE",629
2022-02-19,"E","HE",621
2022-02-20,"E","HE",606
2022-02-21,"E","HE",599
2022-02-22,"E","HE",627
2022-02-23,"E","HE",633
2022-02-24,"E","HE",611
2022-02-25,"E","HE",620
2022-02-26,"E","HE",613
2022-02-27,"E","HE",623
2022-02-28,"E","HE",613
2022-03-01,"E","HE",600
2022-03-02,"E","HE",629
2022-03-03,"E","HE",633
2022-03-04,"E","HE",601
2022-03-05,"E","HE",619
2022-03-06,"E","HE",631
2022-03-07,"E","HE",628
2022-03-08,"E","HE",588
2022-03-09,"E","HE",591
2022-03-10,"E","HE",604
2022-03-11,"E","HE",571
2022-03-12,"E","HE",571
2022-03-13,"E","HE",594
2022-03-14,"E","HE",555
2022-03-15,"E","HE",589
2022-03-16,"E","HE",586
2022-03-17,"E","HE",582
2022-03-18,"E","HE",584
2022-03-19,"E","HE",565
2022-03-20,"E","HE",543
2022-03-21,"E","HE",556
2022-03-22,"E","HE",599
2022-03-23,"E","HE",576
2022-03-24,"E","HE",575
2022-03-25,"E","HE",573
2022-03-26,"E","HE",548
2022-03-27,"E","HE",555
2022-03-28,"E","HE",550
2022-03-29,"E","HE",554
2022-03-30,"E","HE",544
2022-03-31,"E","HE",567
2022-04-01,"E","HE",544
2022-04-02,"E","HE",556
2022-04-03,"E","HE",528
2022-04-04,"E","HE",575
2022-04-05,"E","HE",564
2022-04-06,"E","HE",542
2022-04-07,"E","HE",539
2022-04-08,"E","HE",519
2022-04-09,"E","HE",524
2022-04-10,"E","HE",525
2022-04-11,"E","HE",513
2022-04-12,"E","HE",528
2022-04-13,"E","HE",506
2022-04-14,"E","HE",519
2022-04-15,"E","HE",509
2022-04-16,"E","HE",515
2022-04-17,"E","HE",508
2022-04-18,"E","HE",504
2022-04-19,"E","HE",529
2022-04-20,"E","HE",502
2022-04-21,"E","HE",520
2022-04-22,"E","HE",520
2022-04-23,"E","HE",530
2022-04-24,"E","HE",529
2022-04-25,"E","HE",522
2022-04-26,"E","HE",514
2022-04-27,"E","HE",521
2022-04-28,"E","HE",500
2022-04-29,"E","HE",494
2022-04-30,"E","HE",514
2022-05-01,"E","HE",492
2022-05-02,"E","HE",491
2022-05-03,"E","HE",505
2022-05-04,"E","HE",520
2022-05-05,"E","HE",507
2022-05-06,"E","HE",480
2022-05-07,"E","HE",502
2022-05-08,"E","HE",509
2022-05-09,"E","HE",499
2022-05-10,"E","HE",498
2022-05-11,"E","HE",515
2022-05-12,"E","HE",521
2022-05-13,"E","HE",495
2022-05-14,"E","HE",516
2022-05-15,"E","HE",533
2022-05-16,"E","HE",508
2022-05-17,"E","HE",532
2022-05-18,"E","HE",526
2022-05-19,"E","HE",524
2022-05-20,"E","HE",507
2022-05-21,"E","HE",517
2022-05-22,"E","HE",518
2022-05-23,"E","HE",517
2022-05-24,"E","HE",539
2022-05-25,"E","HE",524
2022-05-26,"E","HE",550
2022-05-27,"E","HE",519
2022-05-28,"E","HE",535
2022-05-29,"E","HE",527
2022-05-30,"E","HE",509
2022-05-31,"E","HE",541
2022-06-01,"E","HE",500
2022-06-02,"E","HE",508
2022-06-03,"E","HE",504
2022-06-04,"E","HE",490
2022-06-05,"E","HE",509
2022-06-06,"E","HE",511
2022-06-07,"E","HE",509
2022-06-08,"E","HE",506
2022-06-09,"E","HE",512
2022-06-10,"E","HE",507
2022-06-11,"E","HE",521
2022-06-12,"E","HE",501
2022-06-13,"E","HE",495
2022-06-14,"E","HE",531
2022-06-15,"E","HE",496
2022-06-16,"E","HE",506
2022-06-17,"E","HE",490
2022-06-18,"E","HE",500
2022-06-19,"E","HE",483
2022-06-20,"E","HE",491
2022-06-21,"E","HE",516
2022-06-22,"E","HE",489
2022-06-23,"E","HE",503
2022-06-24,"E","HE",497
2022-06-25,"E","HE",521
2022-06-26,"E","HE",504
2022-06-27,"E","HE",503
2022-06-28,"E","HE",501
2022-06-29,"E","HE",512
2022-06-30,"E","HE",499
2022-07-01,"E","HE",498
2022-07-02,"E","HE",511
2022-07-03,"E","HE",516
2022-07-04,"E","HE",505
2022-07-05,"E","HE",484
2022-07-06,"E","HE",508
2022-07-07,"E","HE",487
2022-07-08,"E","HE",491
2022-07-09,"E","HE",491
2022-07-10,"E","HE",466
2022-07-11,"E","HE",484
2022-07-12,"E","HE",505
2022-07-13,"E","HE",468
2022-07-14,"E","HE",485
2022-07-15,"E","HE",486
2022-07-16,"E","HE",498
2022-07-17,"E","HE",480
2022-07-18,"E","HE",472
2022-07-19,"E","HE",489
2022-07-20,"E","HE",487
2022-07-21,"E","HE",495
2022-07-22,"E","HE",489
2022-07-23,"E","HE",477
2022-07-24,"E","HE",470
2022-07-25,"E","HE",474
2022-07-26,"E","HE",494
2022-07-27,"E","HE",453
2022-07-28,"E","HE",459
2022-07-29,"E","HE",464
2022-07-30,"E","HE",474
2022-07-31,"E","HE",494
2022-08-01,"E","HE",471
2022-08-02,"E","HE",467
2022-08-03,"E","HE",481
2022-08-04,"E","HE",459
2022-08-05,"E","HE",480
2022-08-06,"E","HE",468
2022-08-07,"E","HE",479
2022-08-08,"E","HE",466
2022-08-09,"E","HE",467
2022-08-10,"E","HE",471
2022-08-11,"E","HE",456
2022-08-12,"E","HE",442
2022-08-13,"E","HE",457
2022-08-14,"E","HE",453
2022-08-15,"E","HE",454
2022-08-16,"E","HE",452
2022-08-17,"E","HE",452
2022-08-18,"E","HE",436
2022-08-19,"E","HE",466
2022-08-20,"E","HE",441
2022-08-21,"E","HE",466
2022-08-22,"E","HE",466
2022-08-23,"E","HE",482
2022-08-24,"E","HE",450
2022-08-25,"E","HE",456
2022-08-26,"E","HE",470
2022-08-27,"E","HE",462
2022-08-28,"E","HE",473
2022-08-29,"E","HE",451
2022-08-30,"E","HE",481
2022-08-31,"E","HE",487
2022-09-01,"E","HE",451
2022-09-02,"E","HE",488
2022-09-03,"E","HE",467
2022-09-04,"E","HE",487
2022-09-05,"E","HE",454
2022-09-06,"E","HE",497
2022-09-07,"E","HE",496
2022-09-08,"E","HE",495
2022-09-09,"E","HE",489
2022-09-10,"E","HE",499
2022-09-11,"E","HE",486
2022-09-12,"E","HE",495
2022-09-13,"E","HE",504
2022-09-14,"E","HE",500
2022-09-15,"E","HE",498
2022-09-16,"E","HE",516
2022-09-17,"E","HE",498
2022-09-18,"E","HE",504
2022-09-19,"E","HE",497
2022-09-20,"E","HE",476
2022-09-21,"E","HE",504
2022-09-22,"E","HE",492
2022-09-23,"E","HE",483
2022-09-24,"E","HE",489
2022-09-25,"E","HE",474
2022-09-26,"E","HE",505
2022-09-27,"E","HE",495
2022-09-28,"E","HE",519
2022-09-29,"E","HE",487
2022-09-30,"E","HE",482
2022-10-01,"E","HE",490
2022-10-02,"E","HE",501
2022-10-03,"E","HE",507
2022-10-04,"E","HE",510
2022-10-05,"E","HE",500
2022-10-06,"E","HE",527
2022-10-07,"E","HE",525
2022-10-08,"E","HE",520
2022-10-09,"E","HE",505
2022-10-10,"E","HE",498
2022-10-11,"E","HE",489
2022-10-12,"E","HE",522
2022-10-13,"E","HE",499
2022-10-14,"E","HE",498
2022-10-15,"E","HE",504
2022-10-16,"E","HE",510
2022-10-17,"E","HE",527
2022-10-18,"E","HE",499
2022-10-19,"E","HE",500
2022-10-20,"E","HE",523
2022-10-21,"E","HE",529
2022-10-22,"E","HE",536
2022-10-23,"E","HE",532
2022-10-24,"E","HE",509
2022-10-25,"E","HE",509
2022-10-26,"E","HE",503
2022-10-27,"E","HE",513
2022-10-28,"E","HE",487
2022-10-29,"E","HE",497
2022-10-30,"E","HE",519
2022-10-31,"E","HE",509
2022-11-01,"E","HE",508
2022-11-02,"E","HE",503
2022-11-03,"E","HE",489
2022-11-04,"E","HE",511
2022-11-05,"E","HE",521
2022-11-06,"E","HE",523
2022-11-07,"E","HE",517
2022-11-08,"E","HE",510
2022-11-09,"E","HE",517
2022-11-10,"E","HE",535
2022-11-11,"E","HE",508
2022-11-12,"E","HE",512
2022-11-13,"E","HE",502
2022-11-14,"E","HE",514
2022-11-15,"E","HE",520
2022-11-16,"E","HE",525
2022-11-17,"E","HE",537
2022-11-18,"E","HE",531
2022-11-19,"E","HE",516
2022-11-20,"E","HE",510
2022-11-21,"E","HE",511
2022-11-22,"E","HE",554
2022-11-23,"E","HE",503
2022-11-24,"E","HE",546
2022-11-25,"E","HE",552
2022-11-26,"E","HE",503
2022-11-27,"E","HE",511
2022-11-28,"E","HE",504
2022-11-29,"E","HE",515
2022-11-30,"E","HE",511
2022-12-01,"E","HE",525
2022-12-02,"E","HE",507
2022-12-03,"E","HE",510
2022-12-04,"E","HE",513
2022-12-05,"E","HE",512
2022-12-06,"E","HE",523
2022-12-07,"E","HE",513
2022-12-08,"E","HE",509
2022-12-09,"E","HE",529
2022-12-10,"E","HE",532
2022-12-11,"E","HE",516
2022-12-12,"E","HE",517
2022-12-13,"E","HE",507
2022-12-14,"E","HE",497
2022-12-15,"E","HE",515
2022-12-16,"E","HE",504
2022-12-17,"E","HE",517
2022-12-18,"E","HE",504
2022-12-19,"E","HE",503
2022-12-20,"E","HE",507
2022-12-21,"E","HE",515
2022-12-22,"E","HE",527
2022-12-23,"E","HE",526
2022-12-24,"E","HE",544
2022-12-25,"E","HE",526
2022-12-26,"E","HE",544
2022-12-27,"E","HE",525
2022-12-28,"E","HE",502
2022-12-29,"E","HE",514
2022-12-30,"E","HE",505
2023-01-02,"E","HE",516
2023-01-03,"E","HE",503
2023-01-04,"E","HE",543
2023-01-05,"E","HE",513
2023-01-06,"E","HE",538
2023-01-07,"E","HE",517
2023-01-08,"E","HE",506
2023-01-09,"E","HE",524
2023-01-10,"E","HE",524
2023-01-11,"E","HE",513
2023-01-12,"E","HE",490
2023-01-13,"E","HE",493
2023-01-14,"E","HE",535
2023-01-15,"E","HE",504
2023-01-16,"E","HE",492
2023-01-17,"E","HE",492
2023-01-18,"E","HE",513
2023-01-19,"E","HE",533
2023-01-20,"E","HE",490
2023-01-21,"E","HE",491
2023-01-22,"E","HE",492
2023-01-23,"E","HE",475
2023-01-24,"E","HE",525
2023-01-25,"E","HE",491
2023-01-26,"E","HE",472
2023-01-27,"E","HE",495
2023-01-28,"E","HE",472
2023-01-29,"E","HE",489
2023-01-30,"E","HE",478
2023-01-31,"E","HE",482
2023-02-01,"E","HE",497
2023-02-02,"E","HE",526
2023-02-03,"E","HE",481
2023-02-04,"E","HE",469
2023-02-05,"E","HE",481
2023-02-06,"E","HE",499
2023-02-07,"E","HE",480
2023-02-08,"E","HE",500
2023-02-09,"E","HE",469
2023-02-10,"E","HE",481
2023-02-11,"E","HE",480
2023-02-12,"E","HE",483
2023-02-13,"E","HE",457
2023-02-14,"E","HE",502
2023-02-15,"E","HE",468
2023-02-16,"E","HE",467
2023-02-17,"E","HE",497
2023-02-18,"E","HE",506
2023-02-19,"E","HE",488
2023-02-20,"E","HE",470
2023-02-21,"E","HE",459
2023-02-22,"E","HE",453
2023-02-23,"E","HE",488
2023-02-24,"E","HE",490
2023-02-25,"E","HE",472
2023-02-26,"E","HE",490
2023-02-27,"E","HE",485
2023-02-28,"E","HE",465
2023-03-01,"E","HE",462
2023-03-02,"E","HE",477
2023-03-03,"E","HE",497
2023-03-04,"E","HE",455
2023-03-05,"E","HE",461
2023-03-06,"E","HE",472
2023-03-07,"E","HE",476
2023-03-08,"E","HE",450
2023-03-09,"E","HE",454
2023-03-10,"E","HE",453
2023-03-11,"E","HE",433
2023-03-12,"E","HE",391
2023-03-13,"E","HE",447
2023-03-14,"E","HE",426
2023-03-15,"E","HE",417
2023-03-16,"E","HE",445
2023-03-17,"E","HE",431
2023-03-18,"E","HE",416
2023-03-19,"E","HE",425
2023-03-20,"E","HE",404
2023-03-21,"E","HE",416
2023-03-22,"E","HE",448
2023-03-23,"E","HE",414
2023-03-24,"E","HE",445
2023-03-25,"E","HE",438
2023-03-26,"E","HE",418
2023-03-27,"E","HE",434
2023-03-28,"E","HE",381
2023-03-29,"E","HE",430
2023-03-30,"E","HE",402
2023-03-31,"E","HE",418
2023-04-01,"E","HE",400
2023-04-02,"E","HE",392
2023-04-03,"E","HE",398
2023-04-04,"E","HE",406
2023-04-05,"E","HE",441
2023-04-06,"E","HE",399
2023-04-07,"E","HE",373
2023-04-08,"E","HE",374
2023-04-09,"E","HE",351
2023-04-10,"E","HE",360
2023-04-11,"E","HE",388
2023-04-12,"E","HE",379
2023-04-13,"E","HE",359
2023-04-14,"E","HE",356
2023-04-15,"E","HE",371
2023-04-16,"E","HE",373
2023-04-17,"E","HE",365
2023-04-18,"E","HE",343
2023-04-19,"E","HE",372
2023-04-20,"E","HE",349
2023-04-21,"E","HE",361
2023-04-22,"E","HE",361
2023-04-23,"E","HE",371
2023-04-24,"E","HE",377
2023-04-25,"E","HE",366
2023-04-26,"E","HE",365
2023-04-27,"E","HE",360
2023-04-28,"E","HE",350
2023-04-29,"E","HE",355
2023-04-30,"E","HE",361
2023-05-01,"E","HE",341
2023-05-02,"E","HE",357
2023-05-03,"E","HE",362
2023-05-04,"E","HE",363
2023-05-05,"E","HE",364
2023-05-06,"E","HE",368
2023-05-07,"E","HE",372
2023-05-08,"E","HE",360
2023-05-09,"E","HE",366
2023-05-10,"E","HE",348
2023-05-11,"E","HE",374
2023-05-12,"E","HE",374
2023-05-13,"E","HE",354
2023-05-14,"E","HE",365
2023-05-15,"E","HE",375
2023-05-16,"E","HE",377
2023-05-17,"E","HE",382
2023-05-18,"E","HE",374
2023-05-19,"E","HE",380
2023-05-20,"E","HE",384
2023-05-21,"E","HE",350
2023-05-22,"E","HE",384
2023-05-23,"E","HE",394
2023-05-24,"E","HE",394
2023-05-25,"E","HE",352
2023-05-26,"E","HE",399
2023-05-27,"E","HE",364
2023-05-28,"E","HE",378
2023-05-29,"E","HE",342
2023-05-30,"E","HE",360
2023-05-31,"E","HE",340
2023-06-01,"E","HE",354
2023-06-02,"E","HE",370
2023-06-03,"E","HE",349
2023-06-04,"E","HE",335
2023-06-05,"E","HE",338
2023-06-06,"E","HE",335
2023-06-07,"E","HE",357
2023-06-08,"E","HE",379
2023-06-09,"E","HE",368
2023-06-10,"E","HE",364
2023-06-11,"E","HE",365
2023-06-12,"E","HE",335
2023-06-13,"E","HE",335
2023-06-14,"E","HE",361
2023-06-15,"E","HE",322
2023-06-16,"E","HE",351
2023-06-17,"E","HE",348
2023-06-18,"E","HE",347
2023-06-19,"E","HE",351
2023-06-20,"E","HE",317
2023-06-21,"E","HE",363
2023-06-22,"E","HE",311
2023-06-23,"E","HE",365
2023-06-24,"E","HE",345
2023-06-25,"E","HE",342
2023-06-26,"E","HE",325
2023-06-27,"E","HE",374
2023-06-28,"E","HE",369
2023-06-29,"E","HE",371
2023-06-30,"E","HE",319
2023-07-01,"E","HE",344
2023-07-02,"E","HE",362
2023-07-03,"E","HE",366
2023-07-04,"E","HE",343
2023-07-05,"E","HE",350
2023-07-06,"E","HE",340
2023-07-07,"E","HE",320
2023-07-08,"E","HE",327
2023-07-09,"E","HE",344
2023-07-10,"E","HE",311
2023-07-11,"E","HE",335
2023-07-12,"E","HE",360
2023-07-13,"E","HE",338
2023-07-14,"E","HE",331
2023-07-15,"E","HE",340
2023-07-16,"E","HE",385
2023-07-17,"E","HE",324
2023-07-18,"E","HE",334
2023-07-19,"E","HE",351
2023-07-20,"E","HE",344
2023-07-21,"E","HE",341
2023-07-22,"E","HE",321
2023-07-23,"E","HE",310
2023-07-24,"E","HE",354
2023-07-25,"E","HE",326
2023-07-26,"E","HE",326
2023-07-27,"E","HE",296
2023-07-28,"E","HE",319
2023-07-29,"E","HE",324
2023-07-30,"E","HE",312
2023-07-31,"E","HE",340
2023-08-01,"E","HE",316
2023-08-02,"E","HE",295
2023-08-03,"E","HE",327
2023-08-04,"E","HE",295
2023-08-05,"E","HE",339
2023-08-06,"E","HE",325
2023-08-07,"E","HE",306
2023-08-08,"E","HE",323
2023-08-09,"E","HE",330
2023-08-10,"E","HE",331
2023-08-11,"E","HE",296
2023-08-12,"E","HE",282
2023-08-13,"E","HE",298
2023-08-14,"E","HE",282
2023-08-15,"E","HE",297
2023-08-16,"E","HE",289
2023-08-17,"E","HE",306
2023-08-18,"E","HE",277
2023-08-19,"E","HE",323
2023-08-20,"E","HE",289
2023-08-21,"E","HE",297
2023-08-22,"E","HE",306
2023-08-23,"E","HE",319
2023-08-24,"E","HE",320
2023-08-25,"E","HE",294
2023-08-26,"E","HE",318
2023-08-27,"E","HE",316
2023-08-28,"E","HE",320
2023-08-29,"E","HE",323
2023-08-30,"E","HE",324
2023-08-31,"E","HE",334
2023-09-01,"E","HE",311
2023-09-02,"E","HE",323
2023-09-03,"E","HE",321
2023-09-04,"E","HE",345
2023-09-05,"E","HE",307
2023-09-06,"E","HE",335
2023-09-07,"E","HE",343
2023-09-08,"E","HE",355
2023-09-09,"E","HE",325
2023-09-10,"E","HE",338
2023-09-11,"E","HE",330
2023-09-12,"E","HE",320
2023-09-13,"E","HE",351
2023-09-14,"E","HE",323
2023-09-15,"E","HE",351
2023-09-16,"E","HE",377
2023-09-17,"E","HE",344
2023-09-18,"E","HE",360
2023-09-19,"E","HE",348
2023-09-20,"E","HE",344
2023-09-21,"E","HE",335
2023-09-22,"E","HE",352
2023-09-23,"E","HE",320
2023-09-24,"E","HE",330
2023-09-25,"E","HE",322
2023-09-26,"E","HE",359
2023-09-27,"E","HE",344
2023-09-28,"E","HE",357
2023-09-29,"E","HE",332
2023-09-30,"E","HE",342
2023-10-01,"E","HE",355
2023-10-02,"E","HE",330
2023-10-03,"E","HE",368
2023-10-04,"E","HE",363
2023-10-05,"E","HE",348
2023-10-06,"E","HE",386
2023-10-07,"E","HE",386
2023-10-08,"E","HE",356
2023-10-09,"E","HE",360
2023-10-10,"E","HE",344
2023-10-11,"E","HE",332
2023-10-12,"E","HE",370
2023-10-13,"E","HE",341
2023-10-14,"E","HE",338
2023-10-15,"E","HE",370
2023-10-16,"E","HE",354
2023-10-17,"E","HE",369
2023-10-18,"E","HE",369
2023-10-19,"E","HE",338
2023-10-20,"E","HE",387
2023-10-21,"E","HE",385
2023-10-22,"E","HE",368
2023-10-23,"E","HE",383
2023-10-24,"E","HE",360
2023-10-25,"E","HE",350
2023-10-26,"E","HE",348
2023-10-27,"E","HE",391
2023-10-28,"E","HE",357
2023-10-29,"E","HE",345
2023-10-30,"E","HE",375
2023-10-31,"E","HE",344
2023-11-01,"E","HE",351
2023-11-02,"E","HE",371
2023-11-03,"E","HE",362
2023-11-04,"E","HE",378
2023-11-05,"E","HE",372
2023-11-06,"E","HE",403
2023-11-07,"E","HE",336
2023-11-08,"E","HE",376
2023-11-09,"E","HE",352
2023-11-10,"E","HE",405
2023-11-11,"E","HE",370
2023-11-12,"E","HE",363
2023-11-13,"E","HE",380
2023-11-14,"E","HE",380
2023-11-15,"E","HE",396
2023-11-16,"E","HE",393
2023-11-17,"E","HE",390
2023-11-18,"E","HE",388
2023-11-19,"E","HE",371
2023-11-20,"E","HE",377
2023-11-21,"E","HE",365
2023-11-22,"E","HE",396
2023-11-23,"E","HE",337
2023-11-24,"E","HE",374
2023-11-25,"E","HE",402
2023-11-26,"E","HE",339
2023-11-27,"E","HE",384
2023-11-28,"E","HE",374
2023-11-29,"E","HE",392
2023-11-30,"E","HE",360
2023-12-01,"E","HE",383
2023-12-02,"E","HE",373
2023-12-03,"E","HE",363
2023-12-04,"E","HE",385
2023-12-05,"E","HE",379
2023-12-06,"E","HE",385
2023-12-07,"E","HE",353
2023-12-08,"E","HE",380
2023-12-09,"E","HE",354
2023-12-10,"E","HE",410
2023-12-11,"E","HE",395
2023-12-12,"E","HE",384
2023-12-13,"E","HE",402
2023-12-14,"E","HE",377
2023-12-15,"E","HE",362
2023-12-16,"E","HE",366
2023-12-17,"E","HE",405
2023-12-18,"E","HE",371
2023-12-19,"E","HE",378
2023-12-20,"E","HE",381
2023-12-21,"E","HE",375
2023-12-22,"E","HE",404
2023-12-23,"E","HE",395
2023-12-24,"E","HE",434
2023-12-25,"E","HE",402
2023-12-26,"E","HE",405
2023-12-27,"E","HE",407
2023-12-28,"E","HE",384
2023-12-29,"E","HE",404
2023-12-30,"E","HE",378
2021-01-02,"F","HE",1887
2021-01-03,"F","HE",1928
2021-01-04,"F","HE",1909
2021-01-05,"F","HE",1883
2021-01-06,"F","HE",1862
2021-01-07,"F","HE",1915
2021-01-08,"F","HE",1875
2021-01-09,"F","HE",1922
2021-01-10,"F","HE",1867
2021-01-11,"F","HE",1919
2021-01-12,"F","HE",1879
2021-01-13,"F","HE",1895
2021-01-14,"F","HE",1913
2021-01-15,"F","HE",1855
2021-01-16,"F","HE",1885
2021-01-17,"F","HE",1915
2021-01-18,"F","HE",1936
2021-01-19,"F","HE",1874
2021-01-20,"F","HE",1922
2021-01-21,"F","HE",1925
2021-01-22,"F","HE",1866
2021-01-23,"F","HE",1871
2021-01-24,"F","HE",1861
2021-01-25,"F","HE",1851
2021-01-26,"F","HE",1868
2021-01-27,"F","HE",1875
2021-01-28,"F","HE",1890
2021-01-29,"F","HE",1926
2021-01-30,"F","HE",1876
2021-01-31,"F","HE",1891
2021-02-01,"F","HE",1876
2021-02-02,"F","HE",1851
2021-02-03,"F","HE",1840
2021-02-04,"F","HE",1826
2021-02-05,"F","HE",1829
2021-02-06,"F","HE",1848
2021-02-07,"F","HE",1886
2021-02-08,"F","HE",1864
2021-02-09,"F","HE",1844
2021-02-10,"F","HE",1824
2021-02-11,"F","HE",1880
2021-02-12,"F","HE",1892
2021-02-13,"F","HE",1893
2021-02-14,"F","HE",1908
2021-02-15,"F","HE",1867
2021-02-16,"F","HE",1832
2021-02-17,"F","HE",1877
2021-02-18,"F","HE",1923
2021-02-19,"F","HE",1870
2021-02-20,"F","HE",1806
2021-02-21,"F","HE",1854
2021-02-22,"F","HE",1853
2021-02-23,"F","HE",1889
2021-02-24,"F","HE",1886
2021-02-25,"F","HE",1867
2021-02-26,"F","HE",1826
2021-02-27,"F","HE",1870
2021-02-28,"F","HE",1870
2021-03-01,"F","HE",1896
2021-03-02,"F","HE",1883
2021-03-03,"F","HE",1922
2021-03-04,"F","HE",1862
2021-03-05,"F","HE",1911
2021-03-06,"F","HE",1865
2021-03-07,"F","HE",1860
2021-03-08,"F","HE",1848
2021-03-09,"F","HE",1805
2021-03-10,"F","HE",1837
2021-03-11,"F","HE",1814
2021-03-12,"F","HE",1787
2021-03-13,"F","HE",1811
2021-03-14,"F","HE",1823
2021-03-15,"F","HE",1770
2021-03-16,"F","HE",1792
2021-03-17,"F","HE",1820
2021-03-18,"F","HE",1832
2021-03-19,"F","HE",1757
2021-03-20,"F","HE",1782
2021-03-21,"F","HE",1780
2021-03-22,"F","HE",1807
2021-03-23,"F","HE",1790
2021-03-24,"F","HE",1765
2021-03-25,"F","HE",1777
2021-03-26,"F","HE",1766
2021-03-27,"F","HE",1787
2021-03-28,"F","HE",1766
2021-03-29,"F","HE",1776
2021-03-30,"F","HE",1760
2021-03-31,"F","HE",1748
2021-04-01,"F","HE",1755
2021-04-02,"F","HE",1757
2021-04-03,"F","HE",1758
2021-04-04,"F","HE",1764
2021-04-05,"F","HE",1774
2021-04-06,"F","HE",1758
2021-04-07,"F","HE",1755
2021-04-08,"F","HE",1715
2021-04-09,"F","HE",1700
2021-04-10,"F","HE",1684
2021-04-11,"F","HE",1681
2021-04-12,"F","HE",1692
2021-04-13,"F","HE",1685
2021-04-14,"F","HE",1703
2021-04-15,"F","HE",1707
2021-04-16,"F","HE",1627
2021-04-17,"F","HE",1676
2021-04-18,"F","HE",1656
2021-04-19,"F","HE",1693
2021-04-20,"F","HE",1688
2021-04-21,"F","HE",1692
2021-04-22,"F","HE",1665
2021-04-23,"F","HE",1674
2021-04-24,"F","HE",1701
2021-04-25,"F","HE",1670
2021-04-26,"F","HE",1709
2021-04-27,"F","HE",1732
2021-04-28,"F","HE",1709
2021-04-29,"F","HE",1691
2021-04-30,"F","HE",1733
2021-05-01,"F","HE",1671
2021-05-02,"F","HE",1722
2021-05-03,"F","HE",1718
2021-05-04,"F","HE",1667
2021-05-05,"F","HE",1701
2021-05-06,"F","HE",1655
2021-05-07,"F","HE",1724
2021-05-08,"F","HE",1707
2021-05-09,"F","HE",1693
2021-05-10,"F","HE",1717
2021-05-11,"F","HE",1737
2021-05-12,"F","HE",1735
2021-05-13,"F","HE",1764
2021-05-14,"F","HE",1732
2021-05-15,"F","HE",1745
2021-05-16,"F","HE",1756
2021-05-17,"F","HE",1710
2021-05-18,"F","HE",1675
2021-05-19,"F","HE",1747
2021-05-20,"F","HE",1770
2021-05-21,"F","HE",1732
2021-05-22,"F","HE",1738
2021-05-23,"F","HE",1765
2021-05-24,"F","HE",1719
2021-05-25,"F","HE",1724
2021-05-26,"F","HE",1775
2021-05-27,"F","HE",1762
2021-05-28,"F","HE",1763
2021-05-29,"F","HE",1712
2021-05-30,"F","HE",1720
2021-05-31,"F","HE",1704
2021-06-01,"F","HE",1749
2021-06-02,"F","HE",1758
2021-06-03,"F","HE",1738
2021-06-04,"F","HE",1734
2021-06-05,"F","HE",1724
2021-06-06,"F","HE",1740
2021-06-07,"F","HE",1745
2021-06-08,"F","HE",1740
2021-06-09,"F","HE",1769
2021-06-10,"F","HE",1729
2021-06-11,"F","HE",1706
2021-06-12,"F","HE",1697
2021-06-13,"F","HE",1692
2021-06-14,"F","HE",1721
2021-06-15,"F","HE",1773
2021-06-16,"F","HE",1714
2021-06-17,"F","HE",1723
2021-06-18,"F","HE",1749
2021-06-19,"F","HE",1746
2021-06-20,"F","HE",1765
2021-06-21,"F","HE",1749
2021-06-22,"F","HE",1760
2021-06-23,"F","HE",1752
2021-06-24,"F","HE",1738
2021-06-25,"F","HE",1739
2021-06-26,"F","HE",1747
2021-06-27,"F","HE",1727
2021-06-28,"F","HE",1785
2021-06-29,"F","HE",1765
2021-06-30,"F","HE",1776
2021-07-01,"F","HE",1757
2021-07-02,"F","HE",1744
2021-07-03,"F","HE",1765
2021-07-04,"F","HE",1745
2021-07-05,"F","HE",1762
2021-07-06,"F","HE",1791
2021-07-07,"F","HE",1738
2021-07-08,"F","HE",1730
2021-07-09,"F","HE",1753
2021-07-10,"F","HE",1740
2021-07-11,"F","HE",1730
2021-07-12,"F","HE",1763
2021-07-13,"F","HE",1770
2021-07-14,"F","HE",1752
2021-07-15,"F","HE",1768
2021-07-16,"F","HE",1795
2021-07-17,"F","HE",1731
2021-07-18,"F","HE",1707
2021-07-19,"F","HE",1764
2021-07-20,"F","HE",1748
2021-07-21,"F","HE",1759
2021-07-22,"F","HE",1757
2021-07-23,"F","HE",1710
2021-07-24,"F","HE",1733
2021-07-25,"F","HE",1779
2021-07-26,"F","HE",1744
2021-07-27,"F","HE",1713
2021-07-28,"F","HE",1748
2021-07-29,"F","HE",1726
2021-07-30,"F","HE",1736
2021-07-31,"F","HE",1764
2021-08-01,"F","HE",1783
2021-08-02,"F","HE",1772
2021-08-03,"F","HE",1776
2021-08-04,"F","HE",1780
2021-08-05,"F","HE",1781
2021-08-06,"F","HE",1828
2021-08-07,"F","HE",1757
2021-08-08,"F","HE",1739
2021-08-09,"F","HE",1762
2021-08-10,"F","HE",1761
2021-08-11,"F","HE",1759
2021-08-12,"F","HE",1712
2021-08-13,"F","HE",1747
2021-08-14,"F","HE",1703
2021-08-15,"F","HE",1752
2021-08-16,"F","HE",1759
2021-08-17,"F","HE",1723
2021-08-18,"F","HE",1730
2021-08-19,"F","HE",1746
2021-08-20,"F","HE",1745
2021-08-21,"F","HE",1760
2021-08-22,"F","HE",1768
2021-08-23,"F","HE",1785
2021-08-24,"F","HE",1826
2021-08-25,"F","HE",1797
2021-08-26,"F","HE",1781
2021-08-27,"F","HE",1772
2021-08-28,"F","HE",1828
2021-08-29,"F","HE",1807
2021-08-30,"F","HE",1798
2021-08-31,"F","HE",1805
2021-09-01,"F","HE",1802
2021-09-02,"F","HE",1824
2021-09-03,"F","HE",1827
2021-09-04,"F","HE",1833
2021-09-05,"F","HE",1809
2021-09-06,"F","HE",1825
2021-09-07,"F","HE",1826
2021-09-08,"F","HE",1850
2021-09-09,"F","HE",1833
2021-09-10,"F","HE",1845
2021-09-11,"F","HE",1892
2021-09-12,"F","HE",1846
2021-09-13,"F","HE",1853
2021-09-14,"F","HE",1897
2021-09-15,"F","HE",1902
2021-09-16,"F","HE",1886
2021-09-17,"F","HE",1883
2021-09-18,"F","HE",1866
2021-09-19,"F","HE",1878
2021-09-20,"F","HE",1896
2021-09-21,"F","HE",1863
2021-09-22,"F","HE",1881
2021-09-23,"F","HE",1910
2021-09-24,"F","HE",1870
2021-09-25,"F","HE",1880
2021-09-26,"F","HE",1919
2021-09-27,"F","HE",1933
2021-09-28,"F","HE",1970
2021-09-29,"F","HE",1901
2021-09-30,"F","HE",1932
2021-10-01,"F","HE",1996
2021-10-02,"F","HE",2008
2021-10-03,"F","HE",1970
2021-10-04,"F","HE",2018
2021-10-05,"F","HE",1965
2021-10-06,"F","HE",1971
2021-10-07,"F","HE",1978
2021-10-08,"F","HE",2000
2021-10-09,"F","HE",2039
2021-10-10,"F","HE",1977
2021-10-11,"F","HE",1993
2021-10-12,"F","HE",1960
2021-10-13,"F","HE",1977
2021-10-14,"F","HE",1964
2021-10-15,"F","HE",2026
2021-10-16,"F","HE",1980
2021-10-17,"F","HE",1997
2021-10-18,"F","HE",1996
2021-10-19,"F","HE",1987
2021-10-20,"F","HE",2000
2021-10-21,"F","HE",2019
2021-10-22,"F","HE",2025
2021-10-23,"F","HE",2030
2021-10-24,"F","HE",2025
2021-10-25,"F","HE",2030
2021-10-26,"F","HE",1987
2021-10-27,"F","HE",2002
2021-10-28,"F","HE",2029
2021-10-29,"F","HE",1995
2021-10-30,"F","HE",2013
2021-10-31,"F","HE",2007
2021-11-01,"F","HE",2023
2021-11-02,"F","HE",2036
2021-11-03,"F","HE",2018
2021-11-04,"F","HE",2063
2021-11-05,"F","HE",2061
2021-11-06,"F","HE",2036
2021-11-07,"F","HE",2030
2021-11-08,"F","HE",2023
2021-11-09,"F","HE",1993
2021-11-10,"F","HE",2037
2021-11-11,"F","HE",2059
2021-11-12,"F","HE",2061
2021-11-13,"F","HE",2048
2021-11-14,"F","HE",2065
2021-11-15,"F","HE",2055
2021-11-16,"F","HE",2039
2021-11-17,"F","HE",2086
2021-11-18,"F","HE",2079
2021-11-19,"F","HE",2088
2021-11-20,"F","HE",2082
2021-11-21,"F","HE",2140
2021-11-22,"F","HE",2108
2021-11-23,"F","HE",2082
2021-11-24,"F","HE",2094
2021-11-25,"F","HE",2087
2021-11-26,"F","HE",2062
2021-11-27,"F","HE",2084
2021-11-28,"F","HE",2116
2021-11-29,"F","HE",2099
2021-11-30,"F","HE",2084
2021-12-01,"F","HE",2075
2021-12-02,"F","HE",2109
2021-12-03,"F","HE",2105
2021-12-04,"F","HE",2129
2021-12-05,"F","HE",2076
2021-12-06,"F","HE",2126
2021-12-07,"F","HE",2087
2021-12-08,"F","HE",2103
2021-12-09,"F","HE",2116
2021-12-10,"F","HE",2116
2021-12-11,"F","HE",2116
2021-12-12,"F","HE",2115
2021-12-13,"F","HE",2103
2021-12-14,"F","HE",2146
2021-12-15,"F","HE",2115
2021-12-16,"F","HE",2105
2021-12-17,"F","HE",2128
2021-12-18,"F","HE",2133
2021-12-19,"F","HE",2124
2021-12-20,"F","HE",2159
2021-12-21,"F","HE",2149
2021-12-22,"F","HE",2174
2021-12-23,"F","HE",2123
2021-12-24,"F","HE",2166
2021-12-25,"F","HE",2159
2021-12-26,"F","HE",2117
2021-12-27,"F","HE",2115
2021-12-28,"F","HE",2182
2021-12-29,"F","HE",2140
2021-12-30,"F","HE",2102
2022-01-02,"F","HE",2173
2022-01-03,"F","HE",2173
2022-01-04,"F","HE",2150
2022-01-05,"F","HE",2189
2022-01-06,"F","HE",2177
2022-01-07,"F","HE",2191
2022-01-08,"F","HE",2180
2022-01-09,"F","HE",2201
2022-01-10,"F","HE",2167
2022-01-11,"F","HE",2188
2022-01-12,"F","HE",2173
2022-01-13,"F","HE",2175
2022-01-14,"F","HE",2202
2022-01-15,"F","HE",2196
2022-01-16,"F","HE",2175
2022-01-17,"F","HE",2152
2022-01-18,"F","HE",2192
2022-01-19,"F","HE",2169
2022-01-20,"F","HE",2214
2022-01-21,"F","HE",2141
2022-01-22,"F","HE",2185
2022-01-23,"F","HE",2205
2022-01-24,"F","HE",2140
2022-01-25,"F","HE",2154
2022-01-26,"F","HE",2151
2022-01-27,"F","HE",2191
2022-01-28,"F","HE",2221
2022-01-29,"F","HE",2207
2022-01-30,"F","HE",2179
2022-01-31,"F","HE",2171
2022-02-01,"F","HE",2220
2022-02-02,"F","HE",2163
2022-02-03,"F","HE",2163
2022-02-04,"F","HE",2127
2022-02-05,"F","HE",2157
2022-02-06,"F","HE",2173
2022-02-07,"F","HE",2147
2022-02-08,"F","HE",2154
2022-02-09,"F","HE",2121
2022-02-10,"F","HE",2169
2022-02-11,"F","HE",2199
2022-02-12,"F","HE",2182
2022-02-13,"F","HE",2184
2022-02-14,"F","HE",2180
2022-02-15,"F","HE",2177
2022-02-16,"F","HE",2171
2022-02-17,"F","HE",2210
2022-02-18,"F","HE",2238
2022-02-19,"F","HE",2217
2022-02-20,"F","HE",2150
2022-02-21,"F","HE",2175
2022-02-22,"F","HE",2179
2022-02-23,"F","HE",2196
2022-02-24,"F","HE",2163
2022-02-25,"F","HE",2190
2022-02-26,"F","HE",2212
2022-02-27,"F","HE",2186
2022-02-28,"F","HE",2199
2022-03-01,"F","HE",2201
2022-03-02,"F","HE",2215
2022-03-03,"F","HE",2229
2022-03-04,"F","HE",2166
2022-03-05,"F","HE",2207
2022-03-06,"F","HE",2212
2022-03-07,"F","HE",2190
2022-03-08,"F","HE",2223
2022-03-09,"F","HE",2147
2022-03-10,"F","HE",2156
2022-03-11,"F","HE",2140
2022-03-12,"F","HE",2152
2022-03-13,"F","HE",2139
2022-03-14,"F","HE",2148
2022-03-15,"F","HE",2140
2022-03-16,"F","HE",2170
2022-03-17,"F","HE",2177
2022-03-18,"F","HE",2150
2022-03-19,"F","HE",2172
2022-03-20,"F","HE",2173
2022-03-21,"F","HE",2140
2022-03-22,"F","HE",2182
2022-03-23,"F","HE",2170
2022-03-24,"F","HE",2141
2022-03-25,"F","HE",2128
2022-03-26,"F","HE",2157
2022-03-27,"F","HE",2151
2022-03-28,"F","HE",2141
2022-03-29,"F","HE",2147
2022-03-30,"F","HE",2163
2022-03-31,"F","HE",2178
2022-04-01,"F","HE",2141
2022-04-02,"F","HE",2155
2022-04-03,"F","HE",2158
2022-04-04,"F","HE",2143
2022-04-05,"F","HE",2145
2022-04-06,"F","HE",2081
2022-04-07,"F","HE",2096
2022-04-08,"F","HE",2101
2022-04-09,"F","HE",2082
2022-04-10,"F","HE",2084
2022-04-11,"F","HE",2114
2022-04-12,"F","HE",2039
2022-04-13,"F","HE",2040
2022-04-14,"F","HE",2066
2022-04-15,"F","HE",2064
2022-04-16,"F","HE",2005
2022-04-17,"F","HE",1997
2022-04-18,"F","HE",2042
2022-04-19,"F","HE",2064
2022-04-20,"F","HE",2107
2022-04-21,"F","HE",2128
2022-04-22,"F","HE",2082
2022-04-23,"F","HE",2093
2022-04-24,"F","HE",2082
2022-04-25,"F","HE",2093
2022-04-26,"F","HE",2083
2022-04-27,"F","HE",2140
2022-04-28,"F","HE",2147
2022-04-29,"F","HE",2046
2022-04-30,"F","HE",2148
2022-05-01,"F","HE",2087
2022-05-02,"F","HE",2084
2022-05-03,"F","HE",2108
2022-05-04,"F","HE",2066
2022-05-05,"F","HE",2064
2022-05-06,"F","HE",2073
2022-05-07,"F","HE",2118
2022-05-08,"F","HE",2108
2022-05-09,"F","HE",2136
2022-05-10,"F","HE",2118
2022-05-11,"F","HE",2125
2022-05-12,"F","HE",2145
2022-05-13,"F","HE",2145
2022-05-14,"F","HE",2145
2022-05-15,"F","HE",2167
2022-05-16,"F","HE",2166
2022-05-17,"F","HE",2129
2022-05-18,"F","HE",2125
2022-05-19,"F","HE",2166
2022-05-20,"F","HE",2178
2022-05-21,"F","HE",2180
2022-05-22,"F","HE",2232
2022-05-23,"F","HE",2185
2022-05-24,"F","HE",2179
2022-05-25,"F","HE",2152
2022-05-26,"F","HE",2207
2022-05-27,"F","HE",2197
2022-05-28,"F","HE",2184
2022-05-29,"F","HE",2220
2022-05-30,"F","HE",2217
2022-05-31,"F","HE",2188
2022-06-01,"F","HE",2181
2022-06-02,"F","HE",2152
2022-06-03,"F","HE",2147
2022-06-04,"F","HE",2177
2022-06-05,"F","HE",2206
2022-06-06,"F","HE",2188
2022-06-07,"F","HE",2196
2022-06-08,"F","HE",2199
2022-06-09,"F","HE",2201
2022-06-10,"F","HE",2195
2022-06-11,"F","HE",2186
2022-06-12,"F","HE",2182
2022-06-13,"F","HE",2137
2022-06-14,"F","HE",2171
2022-06-15,"F","HE",2160
2022-06-16,"F","HE",2194
2022-06-17,"F","HE",2141
2022-06-18,"F","HE",2185
2022-06-19,"F","HE",2208
2022-06-20,"F","HE",2220
2022-06-21,"F","HE",2185
2022-06-22,"F","HE",2234
2022-06-23,"F","HE",2235
2022-06-24,"F","HE",2210
2022-06-25,"F","HE",2227
2022-06-26,"F","HE",2226
2022-06-27,"F","HE",2216
2022-06-28,"F","HE",2211
2022-06-29,"F","HE",2248
2022-06-30,"F","HE",2246
2022-07-01,"F","HE",2259
2022-07-02,"F","HE",2216
2022-07-03,"F","HE",2216
2022-07-04,"F","HE",2229
2022-07-05,"F","HE",2213
2022-07-06,"F","HE",2236
2022-07-07,"F","HE",2213
2022-07-08,"F","HE",2220
2022-07-09,"F","HE",2201
2022-07-10,"F","HE",2209
2022-07-11,"F","HE",2212
2022-07-12,"F","HE",2236
2022-07-13,"F","HE",2226
2022-07-14,"F","HE",2248
2022-07-15,"F","HE",2252
2022-07-16,"F","HE",2221
2022-07-17,"F","HE",2220
2022-07-18,"F","HE",2217
2022-07-19,"F","HE",2227
2022-07-20,"F","HE",2280
2022-07-21,"F","HE",2221
2022-07-22,"F","HE",2200
2022-07-23,"F","HE",2162
2022-07-24,"F","HE",2266
2022-07-25,"F","HE",2219
2022-07-26,"F","HE",2258
2022-07-27,"F","HE",2231
2022-07-28,"F","HE",2267
2022-07-29,"F","HE",2243
2022-07-30,"F","HE",2246
2022-07-31,"F","HE",2233
2022-08-01,"F","HE",2261
2022-08-02,"F","HE",2219
2022-08-03,"F","HE",2263
2022-08-04,"F","HE",2282
2022-08-05,"F","HE",2268
2022-08-06,"F","HE",2310
2022-08-07,"F","HE",2301
2022-08-08,"F","HE",2212
2022-08-09,"F","HE",2262
2022-08-10,"F","HE",2231
2022-08-11,"F","HE",2207
2022-08-12,"F","HE",2219
2022-08-13,"F","HE",2216
2022-08-14,"F","HE",2213
2022-08-15,"F","HE",2213
2022-08-16,"F","HE",2244
2022-08-17,"F","HE",2162
2022-08-18,"F","HE",2158
2022-08-19,"F","HE",2217
2022-08-20,"F","HE",2206
2022-08-21,"F","HE",2199
2022-08-22,"F","HE",2268
2022-08-23,"F","HE",2250
2022-08-24,"F","HE",2270
2022-08-25,"F","HE",2287
2022-08-26,"F","HE",2227
2022-08-27,"F","HE",2297
2022-08-28,"F","HE",2324
2022-08-29,"F","HE",2288
2022-08-30,"F","HE",2339
2022-08-31,"F","HE",2262
2022-09-01,"F","HE",2272
2022-09-02,"F","HE",2316
2022-09-03,"F","HE",2314
2022-09-04,"F","HE",2326
2022-09-05,"F","HE",2269
2022-09-06,"F","HE",2323
2022-09-07,"F","HE",2299
2022-09-08,"F","HE",2298
2022-09-09,"F","HE",2320
2022-09-10,"F","HE",2309
2022-09-11,"F","HE",2370
2022-09-12,"F","HE",2361
2022-09-13,"F","HE",2346
2022-09-14,"F","HE",2402
2022-09-15,"F","HE",2400
2022-09-16,"F","HE",2430
2022-09-17,"F","HE",2374
2022-09-18,"F","HE",2379
2022-09-19,"F","HE",2339
2022-09-20,"F","HE",2362
2022-09-21,"F","HE",2319
2022-09-22,"F","HE",2349
2022-09-23,"F","HE",2409
2022-09-24,"F","HE",2316
2022-09-25,"F","HE",2370
2022-09-26,"F","HE",2393
2022-09-27,"F","HE",2418
2022-09-28,"F","HE",2400
2022-09-29,"F","HE",2436
2022-09-30,"F","HE",2410
2022-10-01,"F","HE",2406
2022-10-02,"F","HE",2478
2022-10-03,"F","HE",2490
2022-10-04,"F","HE",2433
2022-10-05,"F","HE",2451
2022-10-06,"F","HE",2407
2022-10-07,"F","HE",2403
2022-10-08,"F","HE",2434
2022-10-09,"F","HE",2466
2022-10-10,"F","HE",2439
2022-10-11,"F","HE",2454
2022-10-12,"F","HE",2421
2022-10-13,"F","HE",2489
2022-10-14,"F","HE",2423
2022-10-15,"F","HE",2478
2022-10-16,"F","HE",2435
2022-10-17,"F","HE",2484
2022-10-18,"F","HE",2423
2022-10-19,"F","HE",2469
2022-10-20,"F","HE",2434
2022-10-21,"F","HE",2461
2022-10-22,"F","HE",2472
2022-10-23,"F","HE",2452
2022-10-24,"F","HE",2447
2022-10-25,"F","HE",2487
2022-10-26,"F","HE",2449
2022-10-27,"F","HE",2478
2022-10-28,"F","HE",2465
2022-10-29,"F","HE",2428
2022-10-30,"F","HE",2488
2022-10-31,"F","HE",2430
2022-11-01,"F","HE",2459
2022-11-02,"F","HE",2466
2022-11-03,"F","HE",2446
2022-11-04,"F","HE",2476
2022-11-05,"F","HE",2526
2022-11-06,"F","HE",2495
2022-11-07,"F","HE",2501
2022-11-08,"F","HE",2477
2022-11-09,"F","HE",2440
2022-11-10,"F","HE",2506
2022-11-11,"F","HE",2479
2022-11-12,"F","HE",2514
2022-11-13,"F","HE",2534
2022-11-14,"F","HE",2477
2022-11-15,"F","HE",2538
2022-11-16,"F","HE",2483
2022-11-17,"F","HE",2513
2022-11-18,"F","HE",2522
2022-11-19,"F","HE",2528
2022-11-20,"F","HE",2567
2022-11-21,"F","HE",2563
2022-11-22,"F","HE",2529
2022-11-23,"F","HE",2531
2022-11-24,"F","HE",2536
2022-11-25,"F","HE",2585
2022-11-26,"F","HE",2554
2022-11-27,"F","HE",2561
2022-11-28,"F","HE",2555
2022-11-29,"F","HE",2543
2022-11-30,"F","HE",2510
2022-12-01,"F","HE",2539
2022-12-02,"F","HE",2527
2022-12-03,"F","HE",2504
2022-12-04,"F","HE",2540
2022-12-05,"F","HE",2536
2022-12-06,"F","HE",2569
2022-12-07,"F","HE",2555
2022-12-08,"F","HE",2566
2022-12-09,"F","HE",2590
2022-12-10,"F","HE",2590
2022-12-11,"F","HE",2567
2022-12-12,"F","HE",2552
2022-12-13,"F","HE",2556
2022-12-14,"F","HE",2608
2022-12-15,"F","HE",2584
2022-12-16,"F","HE",2583
2022-12-17,"F","HE",2561
2022-12-18,"F","HE",2545
2022-12-19,"F","HE",2560
2022-12-20,"F","HE",2620
2022-12-21,"F","HE",2588
2022-12-22,"F","HE",2616
2022-12-23,"F","HE",2601
2022-12-24,"F","HE",2598
2022-12-25,"F","HE",2645
2022-12-26,"F","HE",2577
2022-12-27,"F","HE",2581
2022-12-28,"F","HE",2663
2022-12-29,"F","HE",2616
2022-12-30,"F","HE",2596
2023-01-02,"F","HE",2648
2023-01-03,"F","HE",2633
2023-01-04,"F","HE",2612
2023-01-05,"F","HE",2672
2023-01-06,"F","HE",2593
2023-01-07,"F","HE",2610
2023-01-08,"F","HE",2608
2023-01-09,"F","HE",2616
2023-01-10,"F","HE",2595
2023-01-11,"F","HE",2683
2023-01-12,"F","HE",2628
2023-01-13,"F","HE",2611
2023-01-14,"F","HE",2617
2023-01-15,"F","HE",2595
2023-01-16,"F","HE",2558
2023-01-17,"F","HE",2616
2023-01-18,"F","HE",2610
2023-01-19,"F","HE",2629
2023-01-20,"F","HE",2653
2023-01-21,"F","HE",2617
2023-01-22,"F","HE",2635
2023-01-23,"F","HE",2638
2023-01-24,"F","HE",2605
2023-01-25,"F","HE",2603
2023-01-26,"F","HE",2645
2023-01-27,"F","HE",2606
2023-01-28,"F","HE",2656
2023-01-29,"F","HE",2644
2023-01-30,"F","HE",2625
2023-01-31,"F","HE",2634
2023-02-01,"F","HE",2646
2023-02-02,"F","HE",2596
2023-02-03,"F","HE",2587
2023-02-04,"F","HE",2594
2023-02-05,"F","HE",2574
2023-02-06,"F","HE",2586
2023-02-07,"F","HE",2612
2023-02-08,"F","HE",2547
2023-02-09,"F","HE",2547
2023-02-10,"F","HE",2599
2023-02-11,"F","HE",2592
2023-02-12,"F","HE",2642
2023-02-13,"F","HE",2659
2023-02-14,"F","HE",2655
2023-02-15,"F","HE",2612
2023-02-16,"F","HE",2598
2023-02-17,"F","HE",2653
2023-02-18,"F","HE",2670
2023-02-19,"F","HE",2631
2023-02-20,"F","HE",2607
2023-02-21,"F","HE",2632
2023-02-22,"F","HE",2640
2023-02-23,"F","HE",2633
2023-02-24,"F","HE",2591
2023-02-25,"F","HE",2635
2023-02-26,"F","HE",2537
2023-02-27,"F","HE",2597
2023-02-28,"F","HE",2612
2023-03-01,"F","HE",2651
2023-03-02,"F","HE",2623
2023-03-03,"F","HE",2574
2023-03-04,"F","HE",2629
2023-03-05,"F","HE",2653
2023-03-06,"F","HE",2642
2023-03-07,"F","HE",2599
2023-03-08,"F","HE",2593
2023-03-09,"F","HE",2561
2023-03-10,"F","HE",2561
2023-03-11,"F","HE",2544
2023-03-12,"F","HE",2528
2023-03-13,"F","HE",2524
2023-03-14,"F","HE",2583
2023-03-15,"F","HE",2520
2023-03-16,"F","HE",2563
2023-03-17,"F","HE",2549
2023-03-18,"F","HE",2553
2023-03-19,"F","HE",2561
2023-03-20,"F","HE",2583
2023-03-21,"F","HE",2483
2023-03-22,"F","HE",2578
2023-03-23,"F","HE",2558
2023-03-24,"F","HE",2489
2023-03-25,"F","HE",2524
2023-03-26,"F","HE",2528
2023-03-27,"F","HE",2544
2023-03-28,"F","HE",2486
2023-03-29,"F","HE",2524
2023-03-30,"F","HE",2529
2023-03-31,"F","HE",2572
2023-04-01,"F","HE",2506
2023-04-02,"F","HE",2562
2023-04-03,"F","HE",2526
2023-04-04,"F","HE",2551
2023-04-05,"F","HE",2557
2023-04-06,"F","HE",2531
2023-04-07,"F","HE",2485
2023-04-08,"F","HE",2456
2023-04-09,"F","HE",2513
2023-04-10,"F","HE",2487
2023-04-11,"F","HE",2492
2023-04-12,"F","HE",2425
2023-04-13,"F","HE",2455
2023-04-14,"F","HE",2483
2023-04-15,"F","HE",2493
2023-04-16,"F","HE",2476
2023-04-17,"F","HE",2455
2023-04-18,"F","HE",2475
2023-04-19,"F","HE",2571
2023-04-20,"F","HE",2529
2023-04-21,"F","HE",2539
2023-04-22,"F","HE",2494
2023-04-23,"F","HE",2524
2023-04-24,"F","HE",2521
2023-04-25,"F","HE",2518
2023-04-26,"F","HE",2498
2023-04-27,"F","HE",2548
2023-04-28,"F","HE",2540
2023-04-29,"F","HE",2462
2023-04-30,"F","HE",2572
2023-05-01,"F","HE",2500
2023-05-02,"F","HE",2473
2023-05-03,"F","HE",2552
2023-05-04,"F","HE",2494
2023-05-05,"F","HE",2554
2023-05-06,"F","HE",2511
2023-05-07,"F","HE",2510
2023-05-08,"F","HE",2552
2023-05-09,"F","HE",2527
2023-05-10,"F","HE",2520
2023-05-11,"F","HE",2532
2023-05-12,"F","HE",2592
2023-05-13,"F","HE",2575
2023-05-14,"F","HE",2579
2023-05-15,"F","HE",2568
2023-05-16,"F","HE",2552
2023-05-17,"F","HE",2533
2023-05-18,"F","HE",2586
2023-05-19,"F","HE",2603
2023-05-20,"F","HE",2582
2023-05-21,"F","HE",2567
2023-05-22,"F","HE",2602
2023-05-23,"F","HE",2529
2023-05-24,"F","HE",2623
2023-05-25,"F","HE",2542
2023-05-26,"F","HE",2610
2023-05-27,"F","HE",2580
2023-05-28,"F","HE",2638
2023-05-29,"F","HE",2583
2023-05-30,"F","HE",2608
2023-05-31,"F","HE",2583
2023-06-01,"F","HE",2583
2023-06-02,"F","HE",2575
2023-06-03,"F","HE",2565
2023-06-04,"F","HE",2606
2023-06-05,"F","HE",2593
2023-06-06,"F","HE",2561
2023-06-07,"F","HE",2576
2023-06-08,"F","HE",2593
2023-06-09,"F","HE",2617
2023-06-10,"F","HE",2581
2023-06-11,"F","HE",2569
2023-06-12,"F","HE",2562
2023-06-13,"F","HE",2584
2023-06-14,"F","HE",2576
2023-06-15,"F","HE",2552
2023-06-16,"F","HE",2592
2023-06-17,"F","HE",2621
2023-06-18,"F","HE",2615
2023-06-19,"F","HE",2663
2023-06-20,"F","HE",2649
2023-06-21,"F","HE",2614
2023-06-22,"F","HE",2648
2023-06-23,"F","HE",2668
2023-06-24,"F","HE",2642
2023-06-25,"F","HE",2680
2023-06-26,"F","HE",2619
2023-06-27,"F","HE",2640
2023-06-28,"F","HE",2676
2023-06-29,"F","HE",2675
2023-06-30,"F","HE",2655
2023-07-01,"F","HE",2646
2023-07-02,"F","HE",2633
2023-07-03,"F","HE",2627
2023-07-04,"F","HE",2628
2023-07-05,"F","HE",2653
2023-07-06,"F","HE",2664
2023-07-07,"F","HE",2599
2023-07-08,"F","HE",2638
2023-07-09,"F","HE",2589
2023-07-10,"F","HE",2606
2023-07-11,"F","HE",2607
2023-07-12,"F","HE",2630
2023-07-13,"F","HE",2598
2023-07-14,"F","HE",2643
2023-07-15,"F","HE",2661
2023-07-16,"F","HE",2652
2023-07-17,"F","HE",2619
2023-07-18,"F","HE",2618
2023-07-19,"F","HE",2635
2023-07-20,"F","HE",2627
2023-07-21,"F","HE",2615
2023-07-22,"F","HE",2600
2023-07-23,"F","HE",2583
2023-07-24,"F","HE",2633
2023-07-25,"F","HE",2606
2023-07-26,"F","HE",2630
2023-07-27,"F","HE",2602
2023-07-28,"F","HE",2592
2023-07-29,"F","HE",2600
2023-07-30,"F","HE",2608
2023-07-31,"F","HE",2630
2023-08-01,"F","HE",2653
2023-08-02,"F","HE",2629
2023-08-03,"F","HE",2632
2023-08-04,"F","HE",2699
2023-08-05,"F","HE",2637
2023-08-06,"F","HE",2638
2023-08-07,"F","HE",2616
2023-08-08,"F","HE",2651
2023-08-09,"F","HE",2609
2023-08-10,"F","HE",2632
2023-08-11,"F","HE",2613
2023-08-12,"F","HE",2593
2023-08-13,"F","HE",2587
2023-08-14,"F","HE",2622
2023-08-15,"F","HE",2571
2023-08-16,"F","HE",2619
2023-08-17,"F","HE",2617
2023-08-18,"F","HE",2576
2023-08-19,"F","HE",2609
2023-08-20,"F","HE",2604
2023-08-21,"F","HE",2591
2023-08-22,"F","HE",2642
2023-08-23,"F","HE",2691
2023-08-24,"F","HE",2653
2023-08-25,"F","HE",2662
2023-08-26,"F","HE",2619
2023-08-27,"F","HE",2675
2023-08-28,"F","HE",2683
2023-08-29,"F","HE",2654
2023-08-30,"F","HE",2744
2023-08-31,"F","HE",2645
2023-09-01,"F","HE",2663
2023-09-02,"F","HE",2686
2023-09-03,"F","HE",2647
2023-09-04,"F","HE",2726
2023-09-05,"F","HE",2654
2023-09-06,"F","HE",2687
2023-09-07,"F","HE",2687
2023-09-08,"F","HE",2717
2023-09-09,"F","HE",2734
2023-09-10,"F","HE",2689
2023-09-11,"F","HE",2778
2023-09-12,"F","HE",2697
2023-09-13,"F","HE",2730
2023-09-14,"F","HE",2747
2023-09-15,"F","HE",2774
2023-09-16,"F","HE",2775
2023-09-17,"F","HE",2785
2023-09-18,"F","HE",2701
2023-09-19,"F","HE",2741
2023-09-20,"F","HE",2732
2023-09-21,"F","HE",2734
2023-09-22,"F","HE",2706
2023-09-23,"F","HE",2734
2023-09-24,"F","HE",2704
2023-09-25,"F","HE",2733
2023-09-26,"F","HE",2770
2023-09-27,"F","HE",2747
2023-09-28,"F","HE",2775
2023-09-29,"F","HE",2831
2023-09-30,"F","HE",2768
2023-10-01,"F","HE",2834
2023-10-02,"F","HE",2803
2023-10-03,"F","HE",2828
2023-10-04,"F","HE",2814
2023-10-05,"F","HE",2791
2023-10-06,"F","HE",2805
2023-10-07,"F","HE",2804
2023-10-08,"F","HE",2799
2023-10-09,"F","HE",2779
2023-10-10,"F","HE",2818
2023-10-11,"F","HE",2768
2023-10-12,"F","HE",2769
2023-10-13,"F","HE",2813
2023-10-14,"F","HE",2808
2023-10-15,"F","HE",2815
2023-10-16,"F","HE",2815
2023-10-17,"F","HE",2799
2023-10-18,"F","HE",2777
2023-10-19,"F","HE",2827
2023-10-20,"F","HE",2793
2023-10-21,"F","HE",2861
2023-10-22,"F","HE",2819
2023-10-23,"F","HE",2814
2023-10-24,"F","HE",2828
2023-10-25,"F","HE",2806
2023-10-26,"F","HE",2814
2023-10-27,"F","HE",2872
2023-10-28,"F","HE",2778
2023-10-29,"F","HE",2797
2023-10-30,"F","HE",2827
2023-10-31,"F","HE",2814
2023-11-01,"F","HE",2815
2023-11-02,"F","HE",2817
2023-11-03,"F","HE",2805
2023-11-04,"F","HE",2813
2023-11-05,"F","HE",2876
2023-11-06,"F","HE",2865
2023-11-07,"F","HE",2839
2023-11-08,"F","HE",2840
2023-11-09,"F","HE",2822
2023-11-10,"F","HE",2866
2023-11-11,"F","HE",2807
2023-11-12,"F","HE",2872
2023-11-13,"F","HE",2836
2023-11-14,"F","HE",2859
2023-11-15,"F","HE",2841
2023-11-16,"F","HE",2830
2023-11-17,"F","HE",2849
2023-11-18,"F","HE",2835
2023-11-19,"F","HE",2835
2023-11-20,"F","HE",2896
2023-11-21,"F","HE",2880
2023-11-22,"F","HE",2828
2023-11-23,"F","HE",2850
2023-11-24,"F","HE",2871
2023-11-25,"F","HE",2859
2023-11-26,"F","HE",2809
2023-11-27,"F","HE",2835
2023-11-28,"F","HE",2849
2023-11-29,"F","HE",2876
2023-11-30,"F","HE",2822
2023-12-01,"F","HE",2863
2023-12-02,"F","HE",2883
2023-12-03,"F","HE",2808
2023-12-04,"F","HE",2878
2023-12-05,"F","HE",2840
2023-12-06,"F","HE",2814
2023-12-07,"F","HE",2877
2023-12-08,"F","HE",2841
2023-12-09,"F","HE",2879
2023-12-10,"F","HE",2898
2023-12-11,"F","HE",2867
2023-12-12,"F","HE",2825
2023-12-13,"F","HE",2871
2023-12-14,"F","HE",2864
2023-12-15,"F","HE",2899
2023-12-16,"F","HE",2880
2023-12-17,"F","HE",2899
2023-12-18,"F","HE",2872
2023-12-19,"F","HE",2874
2023-12-20,"F","HE",2887
2023-12-21,"F","HE",2919
2023-12-22,"F","HE",2890
2023-12-23,"F","HE",2850
2023-12-24,"F","HE",2915
2023-12-25,"F","HE",2910
2023-12-26,"F","HE",2868
2023-12-27,"F","HE",2850
2023-12-28,"F","HE",2946
2023-12-29,"F","HE",2878
2023-12-30,"F","HE",2894
2021-01-02,"A","BE",906
2021-01-03,"A","BE",931
2021-01-04,"A","BE",907
2021-01-05,"A","BE",907
2021-01-06,"A","BE",925
2021-01-07,"A","BE",885
2021-01-08,"A","BE",917
2021-01-09,"A","BE",897
2021-01-10,"A","BE",913
2021-01-11,"A","BE",907
2021-01-12,"A","BE",895
2021-01-13,"A","BE",881
2021-01-14,"A","BE",893
2021-01-15,"A","BE",894
2021-01-16,"A","BE",901
2021-01-17,"A","BE",912
2021-01-18,"A","BE",902
2021-01-19,"A","BE",899
2021-01-20,"A","BE",896
2021-01-21,"A","BE",897
2021-01-22,"A","BE",884
2021-01-23,"A","BE",905
2021-01-24,"A","BE",871
2021-01-25,"A","BE",880
2021-01-26,"A","BE",877
2021-01-27,"A","BE",897
2021-01-28,"A","BE",890
2021-01-29,"A","BE",899
2021-01-30,"A","BE",892
2021-01-31,"A","BE",908
2021-02-01,"A","BE",906
2021-02-02,"A","BE",892
2021-02-03,"A","BE",861
2021-02-04,"A","BE",870
2021-02-05,"A","BE",877
2021-02-06,"A","BE",877
2021-02-07,"A","BE",875
2021-02-08,"A","BE",890
2021-02-09,"A","BE",880
2021-02-10,"A","BE",868
2021-02-11,"A","BE",865
2021-02-12,"A","BE",874
2021-02-13,"A","BE",893
2021-02-14,"A","BE",889
2021-02-15,"A","BE",895
2021-02-16,"A","BE",885
2021-02-17,"A","BE",890
2021-02-18,"A","BE",889
2021-02-19,"A","BE",886
2021-02-20,"A","BE",871
2021-02-21,"A","BE",875
2021-02-22,"A","BE",877
2021-02-23,"A","BE",888
2021-02-24,"A","BE",875
2021-02-25,"A","BE",886
2021-02-26,"A","BE",870
2021-02-27,"A","BE",895
2021-02-28,"A","BE",891
2021-03-01,"A","BE",888
2021-03-02,"A","BE",887
2021-03-03,"A","BE",890
2021-03-04,"A","BE",868
2021-03-05,"A","BE",863
2021-03-06,"A","BE",882
2021-03-07,"A","BE",873
2021-03-08,"A","BE",852
2021-03-09,"A","BE",838
2021-03-10,"A","BE",844
2021-03-11,"A","BE",839
2021-03-12,"A","BE",829
2021-03-13,"A","BE",836
2021-03-14,"A","BE",845
2021-03-15,"A","BE",823
2021-03-16,"A","BE",828
2021-03-17,"A","BE",837
2021-03-18,"A","BE",818
2021-03-19,"A","BE",815
2021-03-20,"A","BE",797
2021-03-21,"A","BE",801
2021-03-22,"A","BE",806
2021-03-23,"A","BE",802
2021-03-24,"A","BE",788
2021-03-25,"A","BE",804
2021-03-26,"A","BE",785
2021-03-27,"A","BE",812
2021-03-28,"A","BE",800
2021-03-29,"A","BE",801
2021-03-30,"A","BE",782
2021-03-31,"A","BE",791
2021-04-01,"A","BE",798
2021-04-02,"A","BE",801
2021-04-03,"A","BE",811
2021-04-04,"A","BE",797
2021-04-05,"A","BE",780
2021-04-06,"A","BE",777
2021-04-07,"A","BE",787
2021-04-08,"A","BE",753
2021-04-09,"A","BE",744
2021-04-10,"A","BE",746
2021-04-11,"A","BE",742
2021-04-12,"A","BE",738
2021-04-13,"A","BE",736
2021-04-14,"A","BE",737
2021-04-15,"A","BE",734
2021-04-16,"A","BE",734
2021-04-17,"A","BE",739
2021-04-18,"A","BE",738
2021-04-19,"A","BE",742
2021-04-20,"A","BE",773
2021-04-21,"A","BE",751
2021-04-22,"A","BE",757
2021-04-23,"A","BE",772
2021-04-24,"A","BE",759
2021-04-25,"A","BE",753
2021-04-26,"A","BE",743
2021-04-27,"A","BE",740
2021-04-28,"A","BE",746
2021-04-29,"A","BE",749
2021-04-30,"A","BE",758
2021-05-01,"A","BE",732
2021-05-02,"A","BE",743
2021-05-03,"A","BE",747
2021-05-04,"A","BE",746
2021-05-05,"A","BE",764
2021-05-06,"A","BE",761
2021-05-07,"A","BE",752
2021-05-08,"A","BE",771
2021-05-09,"A","BE",745
2021-05-10,"A","BE",769
2021-05-11,"A","BE",747
2021-05-12,"A","BE",762
2021-05-13,"A","BE",785
2021-05-14,"A","BE",773
2021-05-15,"A","BE",773
2021-05-16,"A","BE",779
2021-05-17,"A","BE",765
2021-05-18,"A","BE",757
2021-05-19,"A","BE",775
2021-05-20,"A","BE",770
2021-05-21,"A","BE",793
2021-05-22,"A","BE",784
2021-05-23,"A","BE",789
2021-05-24,"A","BE",782
2021-05-25,"A","BE",790
2021-05-26,"A","BE",787
2021-05-27,"A","BE",793
2021-05-28,"A","BE",778
2021-05-29,"A","BE",775
2021-05-30,"A","BE",784
2021-05-31,"A","BE",770
2021-06-01,"A","BE",786
2021-06-02,"A","BE",761
2021-06-03,"A","BE",765
2021-06-04,"A","BE",757
2021-06-05,"A","BE",759
2021-06-06,"A","BE",762
2021-06-07,"A","BE",751
2021-06-08,"A","BE",745
2021-06-09,"A","BE",772
2021-06-10,"A","BE",758
2021-06-11,"A","BE",770
2021-06-12,"A","BE",750
2021-06-13,"A","BE",729
2021-06-14,"A","BE",741
2021-06-15,"A","BE",740
2021-06-16,"A","BE",751
2021-06-17,"A","BE",769
2021-06-18,"A","BE",742
2021-06-19,"A","BE",761
2021-06-20,"A","BE",733
2021-06-21,"A","BE",760
2021-06-22,"A","BE",744
2021-06-23,"A","BE",757
2021-06-24,"A","BE",757
2021-06-25,"A","BE",743
2021-06-26,"A","BE",747
2021-06-27,"A","BE",756
2021-06-28,"A","BE",784
2021-06-29,"A","BE",797
2021-06-30,"A","BE",757
2021-07-01,"A","BE",744
2021-07-02,"A","BE",768
2021-07-03,"A","BE",752
2021-07-04,"A","BE",750
2021-07-05,"A","BE",747
2021-07-06,"A","BE",784
2021-07-07,"A","BE",735
2021-07-08,"A","BE",732
2021-07-09,"A","BE",729
2021-07-10,"A","BE",720
2021-07-11,"A","BE",737
2021-07-12,"A","BE",723
2021-07-13,"A","BE",743
2021-07-14,"A","BE",736
2021-07-15,"A","BE",743
2021-07-16,"A","BE",723
2021-07-17,"A","BE",717
2021-07-18,"A","BE",714
2021-07-19,"A","BE",734
2021-07-20,"A","BE",726
2021-07-21,"A","BE",725
2021-07-22,"A","BE",724
2021-07-23,"A","BE",709
2021-07-24,"A","BE",691
2021-07-25,"A","BE",692
2021-07-26,"A","BE",712
2021-07-27,"A","BE",694
2021-07-28,"A","BE",714
2021-07-29,"A","BE",699
2021-07-30,"A","BE",687
2021-07-31,"A","BE",706
2021-08-01,"A","BE",696
2021-08-02,"A","BE",706
2021-08-03,"A","BE",703
2021-08-04,"A","BE",714
2021-08-05,"A","BE",730
2021-08-06,"A","BE",719
2021-08-07,"A","BE",711
2021-08-08,"A","BE",683
2021-08-09,"A","BE",699
2021-08-10,"A","BE",668
2021-08-11,"A","BE",673
2021-08-12,"A","BE",670
2021-08-13,"A","BE",663
2021-08-14,"A","BE",678
2021-08-15,"A","BE",661
2021-08-16,"A","BE",649
2021-08-17,"A","BE",674
2021-08-18,"A","BE",648
2021-08-19,"A","BE",665
2021-08-20,"A","BE",649
2021-08-21,"A","BE",680
2021-08-22,"A","BE",667
2021-08-23,"A","BE",692
2021-08-24,"A","BE",692
2021-08-25,"A","BE",683
2021-08-26,"A","BE",667
2021-08-27,"A","BE",691
2021-08-28,"A","BE",691
2021-08-29,"A","BE",692
2021-08-30,"A","BE",689
2021-08-31,"A","BE",699
2021-09-01,"A","BE",683
2021-09-02,"A","BE",691
2021-09-03,"A","BE",682
2021-09-04,"A","BE",697
2021-09-05,"A","BE",673
2021-09-06,"A","BE",693
2021-09-07,"A","BE",692
2021-09-08,"A","BE",704
2021-09-09,"A","BE",692
2021-09-10,"A","BE",700
2021-09-11,"A","BE",705
2021-09-12,"A","BE",712
2021-09-13,"A","BE",726
2021-09-14,"A","BE",728
2021-09-15,"A","BE",725
2021-09-16,"A","BE",730
2021-09-17,"A","BE",723
2021-09-18,"A","BE",719
2021-09-19,"A","BE",714
2021-09-20,"A","BE",704
2021-09-21,"A","BE",695
2021-09-22,"A","BE",694
2021-09-23,"A","BE",694
2021-09-24,"A","BE",693
2021-09-25,"A","BE",685
2021-09-26,"A","BE",700
2021-09-27,"A","BE",717
2021-09-28,"A","BE",728
2021-09-29,"A","BE",713
2021-09-30,"A","BE",709
2021-10-01,"A","BE",743
2021-10-02,"A","BE",730
2021-10-03,"A","BE",730
2021-10-04,"A","BE",737
2021-10-05,"A","BE",729
2021-10-06,"A","BE",729
2021-10-07,"A","BE",741
2021-10-08,"A","BE",721
2021-10-09,"A","BE",717
2021-10-10,"A","BE",723
2021-10-11,"A","BE",730
2021-10-12,"A","BE",723
2021-10-13,"A","BE",707
2021-10-14,"A","BE",710
2021-10-15,"A","BE",686
2021-10-16,"A","BE",733
2021-10-17,"A","BE",717
2021-10-18,"A","BE",703
2021-10-19,"A","BE",707
2021-10-20,"A","BE",733
2021-10-21,"A","BE",710
2021-10-22,"A","BE",718
2021-10-23,"A","BE",712
2021-10-24,"A","BE",721
2021-10-25,"A","BE",707
2021-10-26,"A","BE",707
2021-10-27,"A","BE",713
2021-10-28,"A","BE",698
2021-10-29,"A","BE",677
2021-10-30,"A","BE",697
2021-10-31,"A","BE",691
2021-11-01,"A","BE",722
2021-11-02,"A","BE",727
2021-11-03,"A","BE",710
2021-11-04,"A","BE",714
2021-11-05,"A","BE",727
2021-11-06,"A","BE",719
2021-11-07,"A","BE",712
2021-11-08,"A","BE",710
2021-11-09,"A","BE",714
2021-11-10,"A","BE",711
2021-11-11,"A","BE",714
2021-11-12,"A","BE",722
2021-11-13,"A","BE",730
2021-11-14,"A","BE",715
2021-11-15,"A","BE",726
2021-11-16,"A","BE",704
2021-11-17,"A","BE",753
2021-11-18,"A","BE",729
2021-11-19,"A","BE",710
2021-11-20,"A","BE",739
2021-11-21,"A","BE",747
2021-11-22,"A","BE",742
2021-11-23,"A","BE",720
2021-11-24,"A","BE",731
2021-11-25,"A","BE",738
2021-11-26,"A","BE",714
2021-11-27,"A","BE",714
2021-11-28,"A","BE",734
2021-11-29,"A","BE",735
2021-11-30,"A","BE",713
2021-12-01,"A","BE",698
2021-12-02,"A","BE",712
2021-12-03,"A","BE",709
2021-12-04,"A","BE",708
2021-12-05,"A","BE",717
2021-12-06,"A","BE",721
2021-12-07,"A","BE",712
2021-12-08,"A","BE",711
2021-12-09,"A","BE",726
2021-12-10,"A","BE",706
2021-12-11,"A","BE",730
2021-12-12,"A","BE",713
2021-12-13,"A","BE",701
2021-12-14,"A","BE",731
2021-12-15,"A","BE",720
2021-12-16,"A","BE",698
2021-12-17,"A","BE",719
2021-12-18,"A","BE",718
2021-12-19,"A","BE",723
2021-12-20,"A","BE",715
2021-12-21,"A","BE",729
2021-12-22,"A","BE",723
2021-12-23,"A","BE",708
2021-12-24,"A","BE",725
2021-12-25,"A","BE",725
2021-12-26,"A","BE",724
2021-12-27,"A","BE",730
2021-12-28,"A","BE",725
2021-12-29,"A","BE",698
2021-12-30,"A","BE",685
2022-01-02,"A","BE",697
2022-01-03,"A","BE",720
2022-01-04,"A","BE",704
2022-01-05,"A","BE",717
2022-01-06,"A","BE",719
2022-01-07,"A","BE",698
2022-01-08,"A","BE",709
2022-01-09,"A","BE",725
2022-01-10,"A","BE",718
2022-01-11,"A","BE",702
2022-01-12,"A","BE",700
2022-01-13,"A","BE",686
2022-01-14,"A","BE",693
2022-01-15,"A","BE",670
2022-01-16,"A","BE",711
2022-01-17,"A","BE",717
2022-01-18,"A","BE",700
2022-01-19,"A","BE",687
2022-01-20,"A","BE",707
2022-01-21,"A","BE",691
2022-01-22,"A","BE",687
2022-01-23,"A","BE",658
2022-01-24,"A","BE",675
2022-01-25,"A","BE",674
2022-01-26,"A","BE",690
2022-01-27,"A","BE",668
2022-01-28,"A","BE",708
2022-01-29,"A","BE",685
2022-01-30,"A","BE",666
2022-01-31,"A","BE",663
2022-02-01,"A","BE",687
2022-02-02,"A","BE",667
2022-02-03,"A","BE",671
2022-02-04,"A","BE",674
2022-02-05,"A","BE",658
2022-02-06,"A","BE",648
2022-02-07,"A","BE",648
2022-02-08,"A","BE",650
2022-02-09,"A","BE",641
2022-02-10,"A","BE",664
2022-02-11,"A","BE",658
2022-02-12,"A","BE",663
2022-02-13,"A","BE",684
2022-02-14,"A","BE",654
2022-02-15,"A","BE",669
2022-02-16,"A","BE",668
2022-02-17,"A","BE",672
2022-02-18,"A","BE",661
2022-02-19,"A","BE",666
2022-02-20,"A","BE",654
2022-02-21,"A","BE",649
2022-02-22,"A","BE",662
2022-02-23,"A","BE",663
2022-02-24,"A","BE",666
2022-02-25,"A","BE",655
2022-02-26,"A","BE",666
2022-02-27,"A","BE",663
2022-02-28,"A","BE",671
2022-03-01,"A","BE",657
2022-03-02,"A","BE",654
2022-03-03,"A","BE",677
2022-03-04,"A","BE",661
2022-03-05,"A","BE",654
2022-03-06,"A","BE",654
2022-03-07,"A","BE",639
2022-03-08,"A","BE",620
2022-03-09,"A","BE",628
2022-03-10,"A","BE",620
2022-03-11,"A","BE",623
2022-03-12,"A","BE",602
2022-03-13,"A","BE",621
2022-03-14,"A","BE",599
2022-03-15,"A","BE",607
2022-03-16,"A","BE",596
2022-03-17,"A","BE",594
2022-03-18,"A","BE",607
2022-03-19,"A","BE",594
2022-03-20,"A","BE",580
2022-03-21,"A","BE",585
2022-03-22,"A","BE",574
2022-03-23,"A","BE",596
2022-03-24,"A","BE",596
2022-03-25,"A","BE",575
2022-03-26,"A","BE",561
2022-03-27,"A","BE",572
2022-03-28,"A","BE",562
2022-03-29,"A","BE",577
2022-03-30,"A","BE",570
2022-03-31,"A","BE",557
2022-04-01,"A","BE",572
2022-04-02,"A","BE",555
2022-04-03,"A","BE",576
2022-04-04,"A","BE",562
2022-04-05,"A","BE",549
2022-04-06,"A","BE",561
2022-04-07,"A","BE",545
2022-04-08,"A","BE",527
2022-04-09,"A","BE",521
2022-04-10,"A","BE",494
2022-04-11,"A","BE",506
2022-04-12,"A","BE",506
2022-04-13,"A","BE",519
2022-04-14,"A","BE",509
2022-04-15,"A","BE",510
2022-04-16,"A","BE",479
2022-04-17,"A","BE",505
2022-04-18,"A","BE",497
2022-04-19,"A","BE",521
2022-04-20,"A","BE",526
2022-04-21,"A","BE",514
2022-04-22,"A","BE",552
2022-04-23,"A","BE",526
2022-04-24,"A","BE",523
2022-04-25,"A","BE",517
2022-04-26,"A","BE",515
2022-04-27,"A","BE",508
2022-04-28,"A","BE",508
2022-04-29,"A","BE",514
2022-04-30,"A","BE",495
2022-05-01,"A","BE",501
2022-05-02,"A","BE",497
2022-05-03,"A","BE",491
2022-05-04,"A","BE",520
2022-05-05,"A","BE",523
2022-05-06,"A","BE",506
2022-05-07,"A","BE",511
2022-05-08,"A","BE",490
2022-05-09,"A","BE",514
2022-05-10,"A","BE",519
2022-05-11,"A","BE",511
2022-05-12,"A","BE",551
2022-05-13,"A","BE",520
2022-05-14,"A","BE",521
2022-05-15,"A","BE",546
2022-05-16,"A","BE",522
2022-05-17,"A","BE",505
2022-05-18,"A","BE",517
2022-05-19,"A","BE",522
2022-05-20,"A","BE",535
2022-05-21,"A","BE",522
2022-05-22,"A","BE",540
2022-05-23,"A","BE",526
2022-05-24,"A","BE",523
2022-05-25,"A","BE",519
2022-05-26,"A","BE",548
2022-05-27,"A","BE",545
2022-05-28,"A","BE",508
2022-05-29,"A","BE",517
2022-05-30,"A","BE",541
2022-05-31,"A","BE",518
2022-06-01,"A","BE",527
2022-06-02,"A","BE",509
2022-06-03,"A","BE",503
2022-06-04,"A","BE",510
2022-06-05,"A","BE",489
2022-06-06,"A","BE",505
2022-06-07,"A","BE",510
2022-06-08,"A","BE",505
2022-06-09,"A","BE",519
2022-06-10,"A","BE",497
2022-06-11,"A","BE",492
2022-06-12,"A","BE",491
2022-06-13,"A","BE",488
2022-06-14,"A","BE",485
2022-06-15,"A","BE",477
2022-06-16,"A","BE",469
2022-06-17,"A","BE",500
2022-06-18,"A","BE",509
2022-06-19,"A","BE",499
2022-06-20,"A","BE",484
2022-06-21,"A","BE",490
2022-06-22,"A","BE",485
2022-06-23,"A","BE",499
2022-06-24,"A","BE",483
2022-06-25,"A","BE",487
2022-06-26,"A","BE",472
2022-06-27,"A","BE",502
2022-06-28,"A","BE",514
2022-06-29,"A","BE",504
2022-06-30,"A","BE",501
2022-07-01,"A","BE",504
2022-07-02,"A","BE",478
2022-07-03,"A","BE",478
2022-07-04,"A","BE",463
2022-07-05,"A","BE",468
2022-07-06,"A","BE",511
2022-07-07,"A","BE",479
2022-07-08,"A","BE",457
2022-07-09,"A","BE",459
2022-07-10,"A","BE",445
2022-07-11,"A","BE",459
2022-07-12,"A","BE",466
2022-07-13,"A","BE",448
2022-07-14,"A","BE",495
2022-07-15,"A","BE",477
2022-07-16,"A","BE",457
2022-07-17,"A","BE",445
2022-07-18,"A","BE",442
2022-07-19,"A","BE",464
2022-07-20,"A","BE",454
2022-07-21,"A","BE",436
2022-07-22,"A","BE",460
2022-07-23,"A","BE",447
2022-07-24,"A","BE",446
2022-07-25,"A","BE",444
2022-07-26,"A","BE",447
2022-07-27,"A","BE",415
2022-07-28,"A","BE",440
2022-07-29,"A","BE",446
2022-07-30,"A","BE",426
2022-07-31,"A","BE",425
2022-08-01,"A","BE",434
2022-08-02,"A","BE",449
2022-08-03,"A","BE",461
2022-08-04,"A","BE",447
2022-08-05,"A","BE",456
2022-08-06,"A","BE",470
2022-08-07,"A","BE",442
2022-08-08,"A","BE",456
2022-08-09,"A","BE",436
2022-08-10,"A","BE",435
2022-08-11,"A","BE",435
2022-08-12,"A","BE",415
2022-08-13,"A","BE",419
2022-08-14,"A","BE",420
2022-08-15,"A","BE",404
2022-08-16,"A","BE",416
2022-08-17,"A","BE",420
2022-08-18,"A","BE",416
2022-08-19,"A","BE",433
2022-08-20,"A","BE",378
2022-08-21,"A","BE",432
2022-08-22,"A","BE",434
2022-08-23,"A","BE",455
2022-08-24,"A","BE",462
2022-08-25,"A","BE",456
2022-08-26,"A","BE",458
2022-08-27,"A","BE",450
2022-08-28,"A","BE",437
2022-08-29,"A","BE",457
2022-08-30,"A","BE",438
2022-08-31,"A","BE",462
2022-09-01,"A","BE",455
2022-09-02,"A","BE",445
2022-09-03,"A","BE",455
2022-09-04,"A","BE",454
2022-09-05,"A","BE",442
2022-09-06,"A","BE",451
2022-09-07,"A","BE",438
2022-09-08,"A","BE",442
2022-09-09,"A","BE",475
2022-09-10,"A","BE",461
2022-09-11,"A","BE",430
2022-09-12,"A","BE",468
2022-09-13,"A","BE",501
2022-09-14,"A","BE",491
2022-09-15,"A","BE",500
2022-09-16,"A","BE",492
2022-09-17,"A","BE",470
2022-09-18,"A","BE",484
2022-09-19,"A","BE",478
2022-09-20,"A","BE",440
2022-09-21,"A","BE",483
2022-09-22,"A","BE",451
2022-09-23,"A","BE",444
2022-09-24,"A","BE",445
2022-09-25,"A","BE",443
2022-09-26,"A","BE",464
2022-09-27,"A","BE",476
2022-09-28,"A","BE",474
2022-09-29,"A","BE",443
2022-09-30,"A","BE",477
2022-10-01,"A","BE",510
2022-10-02,"A","BE",485
2022-10-03,"A","BE",515
2022-10-04,"A","BE",496
2022-10-05,"A","BE",489
2022-10-06,"A","BE",494
2022-10-07,"A","BE",484
2022-10-08,"A","BE",510
2022-10-09,"A","BE",502
2022-10-10,"A","BE",474
2022-10-11,"A","BE",479
2022-10-12,"A","BE",482
2022-10-13,"A","BE",489
2022-10-14,"A","BE",477
2022-10-15,"A","BE",471
2022-10-16,"A","BE",474
2022-10-17,"A","BE",482
2022-10-18,"A","BE",465
2022-10-19,"A","BE",496
2022-10-20,"A","BE",495
2022-10-21,"A","BE",478
2022-10-22,"A","BE",490
2022-10-23,"A","BE",506
2022-10-24,"A","BE",498
2022-10-25,"A","BE",465
2022-10-26,"A","BE",473
2022-10-27,"A","BE",496
2022-10-28,"A","BE",477
2022-10-29,"A","BE",467
2022-10-30,"A","BE",477
2022-10-31,"A","BE",472
2022-11-01,"A","BE",477
2022-11-02,"A","BE",490
2022-11-03,"A","BE",493
2022-11-04,"A","BE",495
2022-11-05,"A","BE",490
2022-11-06,"A","BE",490
2022-11-07,"A","BE",490
2022-11-08,"A","BE",482
2022-11-09,"A","BE",480
2022-11-10,"A","BE",474
2022-11-11,"A","BE",477
2022-11-12,"A","BE",486
2022-11-13,"A","BE",498
2022-11-14,"A","BE",495
2022-11-15,"A","BE",490
2022-11-16,"A","BE",483
2022-11-17,"A","BE",509
2022-11-18,"A","BE",490
2022-11-19,"A","BE",502
2022-11-20,"A","BE",509
2022-11-21,"A","BE",520
2022-11-22,"A","BE",527
2022-11-23,"A","BE",502
2022-11-24,"A","BE",486
2022-11-25,"A","BE",513
2022-11-26,"A","BE",484
2022-11-27,"A","BE",482
2022-11-28,"A","BE",481
2022-11-29,"A","BE",491
2022-11-30,"A","BE",499
2022-12-01,"A","BE",469
2022-12-02,"A","BE",483
2022-12-03,"A","BE",471
2022-12-04,"A","BE",483
2022-12-05,"A","BE",499
2022-12-06,"A","BE",468
2022-12-07,"A","BE",491
2022-12-08,"A","BE",491
2022-12-09,"A","BE",488
2022-12-10,"A","BE",486
2022-12-11,"A","BE",497
2022-12-12,"A","BE",487
2022-12-13,"A","BE",511
2022-12-14,"A","BE",490
2022-12-15,"A","BE",495
2022-12-16,"A","BE",505
2022-12-17,"A","BE",492
2022-12-18,"A","BE",498
2022-12-19,"A","BE",507
2022-12-20,"A","BE",515
2022-12-21,"A","BE",503
2022-12-22,"A","BE",509
2022-12-23,"A","BE",486
2022-12-24,"A","BE",502
2022-12-25,"A","BE",494
2022-12-26,"A","BE",507
2022-12-27,"A","BE",510
2022-12-28,"A","BE",487
2022-12-29,"A","BE",496
2022-12-30,"A","BE",488
2023-01-02,"A","BE",486
2023-01-03,"A","BE",507
2023-01-04,"A","BE",487
2023-01-05,"A","BE",495
2023-01-06,"A","BE",494
2023-01-07,"A","BE",499
2023-01-08,"A","BE",501
2023-01-09,"A","BE",511
2023-01-10,"A","BE",503
2023-01-11,"A","BE",486
2023-01-12,"A","BE",481
2023-01-13,"A","BE",491
2023-01-14,"A","BE",482
2023-01-15,"A","BE",464
2023-01-16,"A","BE",501
2023-01-17,"A","BE",484
2023-01-18,"A","BE",470
2023-01-19,"A","BE",480
2023-01-20,"A","BE",474
2023-01-21,"A","BE",490
2023-01-22,"A","BE",456
2023-01-23,"A","BE",444
2023-01-24,"A","BE",474
2023-01-25,"A","BE",440
2023-01-26,"A","BE",474
2023-01-27,"A","BE",462
2023-01-28,"A","BE",487
2023-01-29,"A","BE",467
2023-01-30,"A","BE",486
2023-01-31,"A","BE",456
2023-02-01,"A","BE",435
2023-02-02,"A","BE",413
2023-02-03,"A","BE",455
2023-02-04,"A","BE",445
2023-02-05,"A","BE",448
2023-02-06,"A","BE",420
2023-02-07,"A","BE",440
2023-02-08,"A","BE",431
2023-02-09,"A","BE",447
2023-02-10,"A","BE",457
2023-02-11,"A","BE",411
2023-02-12,"A","BE",447
2023-02-13,"A","BE",476
2023-02-14,"A","BE",467
2023-02-15,"A","BE",441
2023-02-16,"A","BE",428
2023-02-17,"A","BE",450
2023-02-18,"A","BE",442
2023-02-19,"A","BE",446
2023-02-20,"A","BE",425
2023-02-21,"A","BE",409
2023-02-22,"A","BE",434
2023-02-23,"A","BE",453
2023-02-24,"A","BE",451
2023-02-25,"A","BE",438
2023-02-26,"A","BE",428
2023-02-27,"A","BE",448
2023-02-28,"A","BE",423
2023-03-01,"A","BE",456
2023-03-02,"A","BE",451
2023-03-03,"A","BE",448
2023-03-04,"A","BE",400
2023-03-05,"A","BE",401
2023-03-06,"A","BE",449
2023-03-07,"A","BE",420
2023-03-08,"A","BE",413
2023-03-09,"A","BE",381
2023-03-10,"A","BE",391
2023-03-11,"A","BE",387
2023-03-12,"A","BE",377
2023-03-13,"A","BE",387
2023-03-14,"A","BE",375
2023-03-15,"A","BE",363
2023-03-16,"A","BE",381
2023-03-17,"A","BE",369
2023-03-18,"A","BE",380
2023-03-19,"A","BE",391
2023-03-20,"A","BE",348
2023-03-21,"A","BE",367
2023-03-22,"A","BE",341
2023-03-23,"A","BE",391
2023-03-24,"A","BE",365
2023-03-25,"A","BE",344
2023-03-26,"A","BE",335
2023-03-27,"A","BE",353
2023-03-28,"A","BE",357
2023-03-29,"A","BE",336
2023-03-30,"A","BE",338
2023-03-31,"A","BE",345
2023-04-01,"A","BE",345
2023-04-02,"A","BE",333
2023-04-03,"A","BE",322
2023-04-04,"A","BE",337
2023-04-05,"A","BE",351
2023-04-06,"A","BE",337
2023-04-07,"A","BE",307
2023-04-08,"A","BE",310
2023-04-09,"A","BE",299
2023-04-10,"A","BE",297
2023-04-11,"A","BE",296
2023-04-12,"A","BE",277
2023-04-13,"A","BE",306
2023-04-14,"A","BE",264
2023-04-15,"A","BE",308
2023-04-16,"A","BE",274
2023-04-17,"A","BE",274
2023-04-18,"A","BE",251
2023-04-19,"A","BE",266
2023-04-20,"A","BE",296
2023-04-21,"A","BE",286
2023-04-22,"A","BE",291
2023-04-23,"A","BE",278
2023-04-24,"A","BE",290
2023-04-25,"A","BE",284
2023-04-26,"A","BE",264
2023-04-27,"A","BE",289
2023-04-28,"A","BE",272
2023-04-29,"A","BE",278
2023-04-30,"A","BE",269
2023-05-01,"A","BE",255
2023-05-02,"A","BE",260
2023-05-03,"A","BE",257
2023-05-04,"A","BE",282
2023-05-05,"A","BE",275
2023-05-06,"A","BE",268
2023-05-07,"A","BE",276
2023-05-08,"A","BE",268
2023-05-09,"A","BE",276
2023-05-10,"A","BE",267
2023-05-11,"A","BE",244
2023-05-12,"A","BE",296
2023-05-13,"A","BE",270
2023-05-14,"A","BE",265
2023-05-15,"A","BE",288
2023-05-16,"A","BE",271
2023-05-17,"A","BE",266
2023-05-18,"A","BE",289
2023-05-19,"A","BE",276
2023-05-20,"A","BE",265
2023-05-21,"A","BE",285
2023-05-22,"A","BE",288
2023-05-23,"A","BE",294
2023-05-24,"A","BE",279
2023-05-25,"A","BE",269
2023-05-26,"A","BE",307
2023-05-27,"A","BE",302
2023-05-28,"A","BE",284
2023-05-29,"A","BE",292
2023-05-30,"A","BE",282
2023-05-31,"A","BE",282
2023-06-01,"A","BE",292
2023-06-02,"A","BE",271
2023-06-03,"A","BE",271
2023-06-04,"A","BE",264
2023-06-05,"A","BE",245
2023-06-06,"A","BE",268
2023-06-07,"A","BE",252
2023-06-08,"A","BE",258
2023-06-09,"A","BE",286
2023-06-10,"A","BE",277
2023-06-11,"A","BE",268
2023-06-12,"A","BE",255
2023-06-13,"A","BE",241
2023-06-14,"A","BE",262
2023-06-15,"A","BE",236
2023-06-16,"A","BE",249
2023-06-17,"A","BE",279
2023-06-18,"A","BE",260
2023-06-19,"A","BE",268
2023-06-20,"A","BE",234
2023-06-21,"A","BE",248
2023-06-22,"A","BE",260
2023-06-23,"A","BE",277
2023-06-24,"A","BE",259
2023-06-25,"A","BE",249
2023-06-26,"A","BE",256
2023-06-27,"A","BE",264
2023-06-28,"A","BE",274
2023-06-29,"A","BE",276
2023-06-30,"A","BE",271
2023-07-01,"A","BE",263
2023-07-02,"A","BE",244
2023-07-03,"A","BE",275
2023-07-04,"A","BE",240
2023-07-05,"A","BE",270
2023-07-06,"A","BE",277
2023-07-07,"A","BE",255
2023-07-08,"A","BE",225
2023-07-09,"A","BE",235
2023-07-10,"A","BE",226
2023-07-11,"A","BE",216
2023-07-12,"A","BE",228
2023-07-13,"A","BE",246
2023-07-14,"A","BE",259
2023-07-15,"A","BE",241
2023-07-16,"A","BE",230
2023-07-17,"A","BE",223
2023-07-18,"A","BE",209
2023-07-19,"A","BE",234
2023-07-20,"A","BE",205
2023-07-21,"A","BE",209
2023-07-22,"A","BE",232
2023-07-23,"A","BE",208
2023-07-24,"A","BE",194
2023-07-25,"A","BE",216
2023-07-26,"A","BE",231
2023-07-27,"A","BE",180
2023-07-28,"A","BE",221
2023-07-29,"A","BE",196
2023-07-30,"A","BE",186
2023-07-31,"A","BE",193
2023-08-01,"A","BE",209
2023-08-02,"A","BE",239
2023-08-03,"A","BE",248
2023-08-04,"A","BE",208
2023-08-05,"A","BE",224
2023-08-06,"A","BE",244
2023-08-07,"A","BE",213
2023-08-08,"A","BE",209
2023-08-09,"A","BE",202
2023-08-10,"A","BE",206
2023-08-11,"A","BE",199
2023-08-12,"A","BE",195
2023-08-13,"A","BE",173
2023-08-14,"A","BE",175
2023-08-15,"A","BE",162
2023-08-16,"A","BE",186
2023-08-17,"A","BE",179
2023-08-18,"A","BE",175
2023-08-19,"A","BE",170
2023-08-20,"A","BE",137
2023-08-21,"A","BE",197
2023-08-22,"A","BE",193
2023-08-23,"A","BE",202
2023-08-24,"A","BE",201
2023-08-25,"A","BE",197
2023-08-26,"A","BE",222
2023-08-27,"A","BE",213
2023-08-28,"A","BE",202
2023-08-29,"A","BE",206
2023-08-30,"A","BE",242
2023-08-31,"A","BE",200
2023-09-01,"A","BE",218
2023-09-02,"A","BE",196
2023-09-03,"A","BE",223
2023-09-04,"A","BE",206
2023-09-05,"A","BE",195
2023-09-06,"A","BE",207
2023-09-07,"A","BE",206
2023-09-08,"A","BE",219
2023-09-09,"A","BE",225
2023-09-10,"A","BE",222
2023-09-11,"A","BE",227
2023-09-12,"A","BE",250
2023-09-13,"A","BE",264
2023-09-14,"A","BE",233
2023-09-15,"A","BE",255
2023-09-16,"A","BE",241
2023-09-17,"A","BE",232
2023-09-18,"A","BE",214
2023-09-19,"A","BE",239
2023-09-20,"A","BE",217
2023-09-21,"A","BE",227
2023-09-22,"A","BE",217
2023-09-23,"A","BE",227
2023-09-24,"A","BE",197
2023-09-25,"A","BE",231
2023-09-26,"A","BE",229
2023-09-27,"A","BE",227
2023-09-28,"A","BE",254
2023-09-29,"A","BE",225
2023-09-30,"A","BE",224
2023-10-01,"A","BE",265
2023-10-02,"A","BE",276
2023-10-03,"A","BE",289
2023-10-04,"A","BE",276
2023-10-05,"A","BE",252
2023-10-06,"A","BE",264
2023-10-07,"A","BE",263
2023-10-08,"A","BE",270
2023-10-09,"A","BE",258
2023-10-10,"A","BE",242
2023-10-11,"A","BE",269
2023-10-12,"A","BE",239
2023-10-13,"A","BE",250
2023-10-14,"A","BE",266
2023-10-15,"A","BE",239
2023-10-16,"A","BE",232
2023-10-17,"A","BE",259
2023-10-18,"A","BE",222
2023-10-19,"A","BE",244
2023-10-20,"A","BE",233
2023-10-21,"A","BE",244
2023-10-22,"A","BE",250
2023-10-23,"A","BE",291
2023-10-24,"A","BE",232
2023-10-25,"A","BE",235
2023-10-26,"A","BE",232
2023-10-27,"A","BE",260
2023-10-28,"A","BE",231
2023-10-29,"A","BE",211
2023-10-30,"A","BE",239
2023-10-31,"A","BE",212
2023-11-01,"A","BE",251
2023-11-02,"A","BE",253
2023-11-03,"A","BE",249
2023-11-04,"A","BE",217
2023-11-05,"A","BE",253
2023-11-06,"A","BE",228
2023-11-07,"A","BE",233
2023-11-08,"A","BE",243
2023-11-09,"A","BE",250
2023-11-10,"A","BE",231
2023-11-11,"A","BE",239
2023-11-12,"A","BE",224
2023-11-13,"A","BE",246
2023-11-14,"A","BE",246
2023-11-15,"A","BE",232
2023-11-16,"A","BE",237
2023-11-17,"A","BE",234
2023-11-18,"A","BE",239
2023-11-19,"A","BE",246
2023-11-20,"A","BE",265
2023-11-21,"A","BE",271
2023-11-22,"A","BE",247
2023-11-23,"A","BE",262
2023-11-24,"A","BE",247
2023-11-25,"A","BE",246
2023-11-26,"A","BE",256
2023-11-27,"A","BE",234
2023-11-28,"A","BE",244
2023-11-29,"A","BE",247
2023-11-30,"A","BE",229
2023-12-01,"A","BE",205
2023-12-02,"A","BE",232
2023-12-03,"A","BE",212
2023-12-04,"A","BE",230
2023-12-05,"A","BE",246
2023-12-06,"A","BE",228
2023-12-07,"A","BE",240
2023-12-08,"A","BE",230
2023-12-09,"A","BE",242
2023-12-10,"A","BE",243
2023-12-11,"A","BE",233
2023-12-12,"A","BE",224
2023-12-13,"A","BE",252
2023-12-14,"A","BE",248
2023-12-15,"A","BE",234
2023-12-16,"A","BE",233
2023-12-17,"A","BE",246
2023-12-18,"A","BE",246
2023-12-19,"A","BE",258
2023-12-20,"A","BE",235
2023-12-21,"A","BE",237
2023-12-22,"A","BE",237
2023-12-23,"A","BE",229
2023-12-24,"A","BE",225
2023-12-25,"A","BE",210
2023-12-26,"A","BE",254
2023-12-27,"A","BE",251
2023-12-28,"A","BE",250
2023-12-29,"A","BE",209
2023-12-30,"A","BE",241
2021-01-02,"B","BE",746
2021-01-03,"B","BE",765
2021-01-04,"B","BE",760
2021-01-05,"B","BE",765
2021-01-06,"B","BE",778
2021-01-07,"B","BE",766
2021-01-08,"B","BE",749
2021-01-09,"B","BE",748
2021-01-10,"B","BE",762
2021-01-11,"B","BE",773
2021-01-12,"B","BE",747
2021-01-13,"B","BE",741
2021-01-14,"B","BE",741
2021-01-15,"B","BE",723
2021-01-16,"B","BE",739
2021-01-17,"B","BE",752
2021-01-18,"B","BE",743
2021-01-19,"B","BE",745
2021-01-20,"B","BE",750
2021-01-21,"B","BE",753
2021-01-22,"B","BE",734
2021-01-23,"B","BE",747
2021-01-24,"B","BE",727
2021-01-25,"B","BE",735
2021-01-26,"B","BE",729
2021-01-27,"B","BE",739
2021-01-28,"B","BE",734
2021-01-29,"B","BE",734
2021-01-30,"B","BE",732
2021-01-31,"B","BE",717
2021-02-01,"B","BE",737
2021-02-02,"B","BE",727
2021-02-03,"B","BE",726
2021-02-04,"B","BE",725
2021-02-05,"B","BE",727
2021-02-06,"B","BE",723
2021-02-07,"B","BE",717
2021-02-08,"B","BE",730
2021-02-09,"B","BE",719
2021-02-10,"B","BE",718
2021-02-11,"B","BE",734
2021-02-12,"B","BE",734
2021-02-13,"B","BE",738
2021-02-14,"B","BE",717
2021-02-15,"B","BE",745
2021-02-16,"B","BE",734
2021-02-17,"B","BE",734
2021-02-18,"B","BE",742
2021-02-19,"B","BE",734
2021-02-20,"B","BE",714
2021-02-21,"B","BE",736
2021-02-22,"B","BE",731
2021-02-23,"B","BE",731
2021-02-24,"B","BE",724
2021-02-25,"B","BE",721
2021-02-26,"B","BE",726
2021-02-27,"B","BE",732
2021-02-28,"B","BE",716
2021-03-01,"B","BE",733
2021-03-02,"B","BE",723
2021-03-03,"B","BE",733
2021-03-04,"B","BE",719
2021-03-05,"B","BE",714
2021-03-06,"B","BE",722
2021-03-07,"B","BE",715
2021-03-08,"B","BE",719
2021-03-09,"B","BE",700
2021-03-10,"B","BE",694
2021-03-11,"B","BE",671
2021-03-12,"B","BE",672
2021-03-13,"B","BE",685
2021-03-14,"B","BE",673
2021-03-15,"B","BE",687
2021-03-16,"B","BE",680
2021-03-17,"B","BE",692
2021-03-18,"B","BE",686
2021-03-19,"B","BE",682
2021-03-20,"B","BE",675
2021-03-21,"B","BE",670
2021-03-22,"B","BE",651
2021-03-23,"B","BE",673
2021-03-24,"B","BE",677
2021-03-25,"B","BE",670
2021-03-26,"B","BE",656
2021-03-27,"B","BE",667
2021-03-28,"B","BE",667
2021-03-29,"B","BE",662
2021-03-30,"B","BE",655
2021-03-31,"B","BE",654
2021-04-01,"B","BE",651
2021-04-02,"B","BE",656
2021-04-03,"B","BE",655
2021-04-04,"B","BE",660
2021-04-05,"B","BE",654
2021-04-06,"B","BE",652
2021-04-07,"B","BE",630
2021-04-08,"B","BE",629
2021-04-09,"B","BE",627
2021-04-10,"B","BE",611
2021-04-11,"B","BE",625
2021-04-12,"B","BE",602
2021-04-13,"B","BE",605
2021-04-14,"B","BE",612
2021-04-15,"B","BE",591
2021-04-16,"B","BE",598
2021-04-17,"B","BE",613
2021-04-18,"B","BE",606
2021-04-19,"B","BE",628
2021-04-20,"B","BE",641
2021-04-21,"B","BE",608
2021-04-22,"B","BE",616
2021-04-23,"B","BE",620
2021-04-24,"B","BE",619
2021-04-25,"B","BE",608
2021-04-26,"B","BE",608
2021-04-27,"B","BE",626
2021-04-28,"B","BE",618
2021-04-29,"B","BE",613
2021-04-30,"B","BE",607
2021-05-01,"B","BE",611
2021-05-02,"B","BE",615
2021-05-03,"B","BE",607
2021-05-04,"B","BE",634
2021-05-05,"B","BE",609
2021-05-06,"B","BE",613
2021-05-07,"B","BE",630
2021-05-08,"B","BE",616
2021-05-09,"B","BE",619
2021-05-10,"B","BE",628
2021-05-11,"B","BE",615
2021-05-12,"B","BE",633
2021-05-13,"B","BE",631
2021-05-14,"B","BE",634
2021-05-15,"B","BE",640
2021-05-16,"B","BE",637
2021-05-17,"B","BE",622
2021-05-18,"B","BE",628
2021-05-19,"B","BE",641
2021-05-20,"B","BE",654
2021-05-21,"B","BE",644
2021-05-22,"B","BE",655
2021-05-23,"B","BE",651
2021-05-24,"B","BE",641
2021-05-25,"B","BE",636
2021-05-26,"B","BE",669
2021-05-27,"B","BE",660
2021-05-28,"B","BE",642
2021-05-29,"B","BE",638
2021-05-30,"B","BE",653
2021-05-31,"B","BE",639
2021-06-01,"B","BE",605
2021-06-02,"B","BE",631
2021-06-03,"B","BE",630
2021-06-04,"B","BE",619
2021-06-05,"B","BE",620
2021-06-06,"B","BE",634
2021-06-07,"B","BE",634
2021-06-08,"B","BE",616
2021-06-09,"B","BE",625
2021-06-10,"B","BE",622
2021-06-11,"B","BE",618
2021-06-12,"B","BE",629
2021-06-13,"B","BE",611
2021-06-14,"B","BE",606
2021-06-15,"B","BE",616
2021-06-16,"B","BE",613
2021-06-17,"B","BE",626
2021-06-18,"B","BE",620
2021-06-19,"B","BE",626
2021-06-20,"B","BE",614
2021-06-21,"B","BE",614
2021-06-22,"B","BE",618
2021-06-23,"B","BE",616
2021-06-24,"B","BE",628
2021-06-25,"B","BE",621
2021-06-26,"B","BE",619
2021-06-27,"B","BE",627
2021-06-28,"B","BE",636
2021-06-29,"B","BE",630
2021-06-30,"B","BE",625
2021-07-01,"B","BE",621
2021-07-02,"B","BE",623
2021-07-03,"B","BE",630
2021-07-04,"B","BE",612
2021-07-05,"B","BE",609
2021-07-06,"B","BE",640
2021-07-07,"B","BE",628
2021-07-08,"B","BE",618
2021-07-09,"B","BE",604
2021-07-10,"B","BE",600
2021-07-11,"B","BE",603
2021-07-12,"B","BE",608
2021-07-13,"B","BE",598
2021-07-14,"B","BE",624
2021-07-15,"B","BE",617
2021-07-16,"B","BE",618
2021-07-17,"B","BE",588
2021-07-18,"B","BE",586
2021-07-19,"B","BE",604
2021-07-20,"B","BE",594
2021-07-21,"B","BE",598
2021-07-22,"B","BE",600
2021-07-23,"B","BE",583
2021-07-24,"B","BE",584
2021-07-25,"B","BE",595
2021-07-26,"B","BE",597
2021-07-27,"B","BE",579
2021-07-28,"B","BE",579
2021-07-29,"B","BE",582
2021-07-30,"B","BE",579
2021-07-31,"B","BE",593
2021-08-01,"B","BE",588
2021-08-02,"B","BE",587
2021-08-03,"B","BE",600
2021-08-04,"B","BE",585
2021-08-05,"B","BE",600
2021-08-06,"B","BE",605
2021-08-07,"B","BE",607
2021-08-08,"B","BE",575
2021-08-09,"B","BE",580
2021-08-10,"B","BE",572
2021-08-11,"B","BE",566
2021-08-12,"B","BE",562
2021-08-13,"B","BE",550
2021-08-14,"B","BE",549
2021-08-15,"B","BE",549
2021-08-16,"B","BE",543
2021-08-17,"B","BE",552
2021-08-18,"B","BE",555
2021-08-19,"B","BE",551
2021-08-20,"B","BE",557
2021-08-21,"B","BE",577
2021-08-22,"B","BE",561
2021-08-23,"B","BE",577
2021-08-24,"B","BE",582
2021-08-25,"B","BE",592
2021-08-26,"B","BE",580
2021-08-27,"B","BE",581
2021-08-28,"B","BE",598
2021-08-29,"B","BE",589
2021-08-30,"B","BE",583
2021-08-31,"B","BE",599
2021-09-01,"B","BE",597
2021-09-02,"B","BE",595
2021-09-03,"B","BE",583
2021-09-04,"B","BE",597
2021-09-05,"B","BE",590
2021-09-06,"B","BE",613
2021-09-07,"B","BE",600
2021-09-08,"B","BE",609
2021-09-09,"B","BE",588
2021-09-10,"B","BE",599
2021-09-11,"B","BE",607
2021-09-12,"B","BE",614
2021-09-13,"B","BE",628
2021-09-14,"B","BE",616
2021-09-15,"B","BE",630
2021-09-16,"B","BE",635
2021-09-17,"B","BE",618
2021-09-18,"B","BE",600
2021-09-19,"B","BE",600
2021-09-20,"B","BE",614
2021-09-21,"B","BE",613
2021-09-22,"B","BE",608
2021-09-23,"B","BE",620
2021-09-24,"B","BE",608
2021-09-25,"B","BE",614
2021-09-26,"B","BE",616
2021-09-27,"B","BE",641
2021-09-28,"B","BE",624
2021-09-29,"B","BE",613
2021-09-30,"B","BE",625
2021-10-01,"B","BE",650
2021-10-02,"B","BE",632
2021-10-03,"B","BE",656
2021-10-04,"B","BE",648
2021-10-05,"B","BE",643
2021-10-06,"B","BE",641
2021-10-07,"B","BE",658
2021-10-08,"B","BE",643
2021-10-09,"B","BE",636
2021-10-10,"B","BE",620
2021-10-11,"B","BE",638
2021-10-12,"B","BE",642
2021-10-13,"B","BE",638
2021-10-14,"B","BE",633
2021-10-15,"B","BE",626
2021-10-16,"B","BE",628
2021-10-17,"B","BE",638
2021-10-18,"B","BE",622
2021-10-19,"B","BE",636
2021-10-20,"B","BE",641
2021-10-21,"B","BE",633
2021-10-22,"B","BE",658
2021-10-23,"B","BE",645
2021-10-24,"B","BE",656
2021-10-25,"B","BE",625
2021-10-26,"B","BE",646
2021-10-27,"B","BE",654
2021-10-28,"B","BE",631
2021-10-29,"B","BE",614
2021-10-30,"B","BE",609
2021-10-31,"B","BE",624
2021-11-01,"B","BE",620
2021-11-02,"B","BE",628
2021-11-03,"B","BE",637
2021-11-04,"B","BE",646
2021-11-05,"B","BE",637
2021-11-06,"B","BE",643
2021-11-07,"B","BE",648
2021-11-08,"B","BE",643
2021-11-09,"B","BE",627
2021-11-10,"B","BE",627
2021-11-11,"B","BE",638
2021-11-12,"B","BE",651
2021-11-13,"B","BE",635
2021-11-14,"B","BE",637
2021-11-15,"B","BE",639
2021-11-16,"B","BE",627
2021-11-17,"B","BE",647
2021-11-18,"B","BE",632
2021-11-19,"B","BE",622
2021-11-20,"B","BE",658
2021-11-21,"B","BE",660
2021-11-22,"B","BE",652
2021-11-23,"B","BE",648
2021-11-24,"B","BE",640
2021-11-25,"B","BE",636
2021-11-26,"B","BE",639
2021-11-27,"B","BE",635
2021-11-28,"B","BE",642
2021-11-29,"B","BE",626
2021-11-30,"B","BE",619
2021-12-01,"B","BE",621
2021-12-02,"B","BE",620
2021-12-03,"B","BE",625
2021-12-04,"B","BE",629
2021-12-05,"B","BE",624
2021-12-06,"B","BE",627
2021-12-07,"B","BE",648
2021-12-08,"B","BE",636
2021-12-09,"B","BE",639
2021-12-10,"B","BE",641
2021-12-11,"B","BE",626
2021-12-12,"B","BE",634
2021-12-13,"B","BE",643
2021-12-14,"B","BE",651
2021-12-15,"B","BE",653
2021-12-16,"B","BE",640
2021-12-17,"B","BE",636
2021-12-18,"B","BE",620
2021-12-19,"B","BE",641
2021-12-20,"B","BE",641
2021-12-21,"B","BE",636
2021-12-22,"B","BE",645
2021-12-23,"B","BE",636
2021-12-24,"B","BE",647
2021-12-25,"B","BE",641
2021-12-26,"B","BE",647
2021-12-27,"B","BE",648
2021-12-28,"B","BE",650
2021-12-29,"B","BE",648
2021-12-30,"B","BE",643
2022-01-02,"B","BE",640
2022-01-03,"B","BE",626
2022-01-04,"B","BE",636
2022-01-05,"B","BE",640
2022-01-06,"B","BE",647
2022-01-07,"B","BE",651
2022-01-08,"B","BE",654
2022-01-09,"B","BE",654
2022-01-10,"B","BE",648
2022-01-11,"B","BE",653
2022-01-12,"B","BE",639
2022-01-13,"B","BE",637
2022-01-14,"B","BE",651
2022-01-15,"B","BE",612
2022-01-16,"B","BE",653
2022-01-17,"B","BE",635
2022-01-18,"B","BE",630
2022-01-19,"B","BE",621
2022-01-20,"B","BE",636
2022-01-21,"B","BE",618
2022-01-22,"B","BE",636
2022-01-23,"B","BE",653
2022-01-24,"B","BE",629
2022-01-25,"B","BE",589
2022-01-26,"B","BE",599
2022-01-27,"B","BE",619
2022-01-28,"B","BE",621
2022-01-29,"B","BE",632
2022-01-30,"B","BE",616
2022-01-31,"B","BE",594
2022-02-01,"B","BE",625
2022-02-02,"B","BE",607
2022-02-03,"B","BE",577
2022-02-04,"B","BE",622
2022-02-05,"B","BE",581
2022-02-06,"B","BE",583
2022-02-07,"B","BE",595
2022-02-08,"B","BE",589
2022-02-09,"B","BE",587
2022-02-10,"B","BE",577
2022-02-11,"B","BE",573
2022-02-12,"B","BE",577
2022-02-13,"B","BE",627
2022-02-14,"B","BE",610
2022-02-15,"B","BE",631
2022-02-16,"B","BE",600
2022-02-17,"B","BE",610
2022-02-18,"B","BE",611
2022-02-19,"B","BE",601
2022-02-20,"B","BE",589
2022-02-21,"B","BE",592
2022-02-22,"B","BE",603
2022-02-23,"B","BE",617
2022-02-24,"B","BE",610
2022-02-25,"B","BE",608
2022-02-26,"B","BE",571
2022-02-27,"B","BE",618
2022-02-28,"B","BE",623
2022-03-01,"B","BE",615
2022-03-02,"B","BE",579
2022-03-03,"B","BE",585
2022-03-04,"B","BE",586
2022-03-05,"B","BE",592
2022-03-06,"B","BE",599
2022-03-07,"B","BE",589
2022-03-08,"B","BE",586
2022-03-09,"B","BE",565
2022-03-10,"B","BE",549
2022-03-11,"B","BE",545
2022-03-12,"B","BE",559
2022-03-13,"B","BE",546
2022-03-14,"B","BE",551
2022-03-15,"B","BE",540
2022-03-16,"B","BE",515
2022-03-17,"B","BE",524
2022-03-18,"B","BE",552
2022-03-19,"B","BE",529
2022-03-20,"B","BE",520
2022-03-21,"B","BE",553
2022-03-22,"B","BE",560
2022-03-23,"B","BE",550
2022-03-24,"B","BE",515
2022-03-25,"B","BE",527
2022-03-26,"B","BE",495
2022-03-27,"B","BE",503
2022-03-28,"B","BE",490
2022-03-29,"B","BE",495
2022-03-30,"B","BE",519
2022-03-31,"B","BE",511
2022-04-01,"B","BE",541
2022-04-02,"B","BE",533
2022-04-03,"B","BE",509
2022-04-04,"B","BE",517
2022-04-05,"B","BE",519
2022-04-06,"B","BE",484
2022-04-07,"B","BE",497
2022-04-08,"B","BE",483
2022-04-09,"B","BE",469
2022-04-10,"B","BE",457
2022-04-11,"B","BE",457
2022-04-12,"B","BE",456
2022-04-13,"B","BE",442
2022-04-14,"B","BE",461
2022-04-15,"B","BE",470
2022-04-16,"B","BE",437
2022-04-17,"B","BE",452
2022-04-18,"B","BE",437
2022-04-19,"B","BE",442
2022-04-20,"B","BE",460
2022-04-21,"B","BE",464
2022-04-22,"B","BE",480
2022-04-23,"B","BE",466
2022-04-24,"B","BE",488
2022-04-25,"B","BE",462
2022-04-26,"B","BE",466
2022-04-27,"B","BE",465
2022-04-28,"B","BE",470
2022-04-29,"B","BE",434
2022-04-30,"B","BE",451
2022-05-01,"B","BE",449
2022-05-02,"B","BE",459
2022-05-03,"B","BE",460
2022-05-04,"B","BE",462
2022-05-05,"B","BE",451
2022-05-06,"B","BE",461
2022-05-07,"B","BE",473
2022-05-08,"B","BE",465
2022-05-09,"B","BE",444
2022-05-10,"B","BE",480
2022-05-11,"B","BE",465
2022-05-12,"B","BE",474
2022-05-13,"B","BE",471
2022-05-14,"B","BE",486
2022-05-15,"B","BE",493
2022-05-16,"B","BE",470
2022-05-17,"B","BE",504
2022-05-18,"B","BE",483
2022-05-19,"B","BE",487
2022-05-20,"B","BE",501
2022-05-21,"B","BE",509
2022-05-22,"B","BE",503
2022-05-23,"B","BE",475
2022-05-24,"B","BE",486
2022-05-25,"B","BE",491
2022-05-26,"B","BE",520
2022-05-27,"B","BE",490
2022-05-28,"B","BE",496
2022-05-29,"B","BE",491
2022-05-30,"B","BE",499
2022-05-31,"B","BE",462
2022-06-01,"B","BE",472
2022-06-02,"B","BE",492
2022-06-03,"B","BE",476
2022-06-04,"B","BE",456
2022-06-05,"B","BE",476
2022-06-06,"B","BE",476
2022-06-07,"B","BE",486
2022-06-08,"B","BE",488
2022-06-09,"B","BE",486
2022-06-10,"B","BE",469
2022-06-11,"B","BE",488
2022-06-12,"B","BE",480
2022-06-13,"B","BE",457
2022-06-14,"B","BE",434
2022-06-15,"B","BE",475
2022-06-16,"B","BE",454
2022-06-17,"B","BE",485
2022-06-18,"B","BE",457
2022-06-19,"B","BE",469
2022-06-20,"B","BE",460
2022-06-21,"B","BE",467
2022-06-22,"B","BE",453
2022-06-23,"B","BE",472
2022-06-24,"B","BE",471
2022-06-25,"B","BE",468
2022-06-26,"B","BE",478
2022-06-27,"B","BE",474
2022-06-28,"B","BE",468
2022-06-29,"B","BE",493
2022-06-30,"B","BE",493
2022-07-01,"B","BE",489
2022-07-02,"B","BE",483
2022-07-03,"B","BE",478
2022-07-04,"B","BE",488
2022-07-05,"B","BE",479
2022-07-06,"B","BE",484
2022-07-07,"B","BE",476
2022-07-08,"B","BE",472
2022-07-09,"B","BE",450
2022-07-10,"B","BE",453
2022-07-11,"B","BE",467
2022-07-12,"B","BE",489
2022-07-13,"B","BE",481
2022-07-14,"B","BE",470
2022-07-15,"B","BE",451
2022-07-16,"B","BE",460
2022-07-17,"B","BE",449
2022-07-18,"B","BE",441
2022-07-19,"B","BE",450
2022-07-20,"B","BE",443
2022-07-21,"B","BE",457
2022-07-22,"B","BE",458
2022-07-23,"B","BE",449
2022-07-24,"B","BE",440
2022-07-25,"B","BE",450
2022-07-26,"B","BE",446
2022-07-27,"B","BE",436
2022-07-28,"B","BE",433
2022-07-29,"B","BE",412
2022-07-30,"B","BE",426
2022-07-31,"B","BE",447
2022-08-01,"B","BE",450
2022-08-02,"B","BE",420
2022-08-03,"B","BE",463
2022-08-04,"B","BE",456
2022-08-05,"B","BE",471
2022-08-06,"B","BE",452
2022-08-07,"B","BE",436
2022-08-08,"B","BE",420
2022-08-09,"B","BE",453
2022-08-10,"B","BE",398
2022-08-11,"B","BE",428
2022-08-12,"B","BE",435
2022-08-13,"B","BE",419
2022-08-14,"B","BE",428
2022-08-15,"B","BE",405
2022-08-16,"B","BE",395
2022-08-17,"B","BE",417
2022-08-18,"B","BE",420
2022-08-19,"B","BE",418
2022-08-20,"B","BE",421
2022-08-21,"B","BE",420
2022-08-22,"B","BE",396
2022-08-23,"B","BE",439
2022-08-24,"B","BE",441
2022-08-25,"B","BE",441
2022-08-26,"B","BE",410
2022-08-27,"B","BE",441
2022-08-28,"B","BE",446
2022-08-29,"B","BE",450
2022-08-30,"B","BE",433
2022-08-31,"B","BE",463
2022-09-01,"B","BE",461
2022-09-02,"B","BE",451
2022-09-03,"B","BE",460
2022-09-04,"B","BE",462
2022-09-05,"B","BE",434
2022-09-06,"B","BE",457
2022-09-07,"B","BE",450
2022-09-08,"B","BE",448
2022-09-09,"B","BE",489
2022-09-10,"B","BE",446
2022-09-11,"B","BE",469
2022-09-12,"B","BE",457
2022-09-13,"B","BE",462
2022-09-14,"B","BE",464
2022-09-15,"B","BE",507
2022-09-16,"B","BE",461
2022-09-17,"B","BE",471
2022-09-18,"B","BE",484
2022-09-19,"B","BE",448
2022-09-20,"B","BE",463
2022-09-21,"B","BE",483
2022-09-22,"B","BE",480
2022-09-23,"B","BE",475
2022-09-24,"B","BE",461
2022-09-25,"B","BE",434
2022-09-26,"B","BE",482
2022-09-27,"B","BE",480
2022-09-28,"B","BE",490
2022-09-29,"B","BE",492
2022-09-30,"B","BE",472
2022-10-01,"B","BE",478
2022-10-02,"B","BE",500
2022-10-03,"B","BE",530
2022-10-04,"B","BE",500
2022-10-05,"B","BE",519
2022-10-06,"B","BE",506
2022-10-07,"B","BE",468
2022-10-08,"B","BE",497
2022-10-09,"B","BE",536
2022-10-10,"B","BE",502
2022-10-11,"B","BE",486
2022-10-12,"B","BE",501
2022-10-13,"B","BE",505
2022-10-14,"B","BE",493
2022-10-15,"B","BE",491
2022-10-16,"B","BE",488
2022-10-17,"B","BE",504
2022-10-18,"B","BE",497
2022-10-19,"B","BE",485
2022-10-20,"B","BE",504
2022-10-21,"B","BE",492
2022-10-22,"B","BE",514
2022-10-23,"B","BE",522
2022-10-24,"B","BE",498
2022-10-25,"B","BE",497
2022-10-26,"B","BE",484
2022-10-27,"B","BE",489
2022-10-28,"B","BE",490
2022-10-29,"B","BE",474
2022-10-30,"B","BE",496
2022-10-31,"B","BE",491
2022-11-01,"B","BE",500
2022-11-02,"B","BE",508
2022-11-03,"B","BE",501
2022-11-04,"B","BE",512
2022-11-05,"B","BE",504
2022-11-06,"B","BE",502
2022-11-07,"B","BE",510
2022-11-08,"B","BE",486
2022-11-09,"B","BE",522
2022-11-10,"B","BE",483
2022-11-11,"B","BE",502
2022-11-12,"B","BE",546
2022-11-13,"B","BE",505
2022-11-14,"B","BE",495
2022-11-15,"B","BE",505
2022-11-16,"B","BE",481
2022-11-17,"B","BE",513
2022-11-18,"B","BE",511
2022-11-19,"B","BE",512
2022-11-20,"B","BE",501
2022-11-21,"B","BE",502
2022-11-22,"B","BE",506
2022-11-23,"B","BE",497
2022-11-24,"B","BE",507
2022-11-25,"B","BE",504
2022-11-26,"B","BE",485
2022-11-27,"B","BE",519
2022-11-28,"B","BE",520
2022-11-29,"B","BE",524
2022-11-30,"B","BE",509
2022-12-01,"B","BE",503
2022-12-02,"B","BE",512
2022-12-03,"B","BE",501
2022-12-04,"B","BE",499
2022-12-05,"B","BE",489
2022-12-06,"B","BE",504
2022-12-07,"B","BE",509
2022-12-08,"B","BE",508
2022-12-09,"B","BE",500
2022-12-10,"B","BE",499
2022-12-11,"B","BE",490
2022-12-12,"B","BE",499
2022-12-13,"B","BE",493
2022-12-14,"B","BE",519
2022-12-15,"B","BE",528
2022-12-16,"B","BE",503
2022-12-17,"B","BE",483
2022-12-18,"B","BE",490
2022-12-19,"B","BE",510
2022-12-20,"B","BE",503
2022-12-21,"B","BE",528
2022-12-22,"B","BE",506
2022-12-23,"B","BE",486
2022-12-24,"B","BE",523
2022-12-25,"B","BE",500
2022-12-26,"B","BE",503
2022-12-27,"B","BE",501
2022-12-28,"B","BE",482
2022-12-29,"B","BE",492
2022-12-30,"B","BE",488
2023-01-02,"B","BE",480
2023-01-03,"B","BE",481
2023-01-04,"B","BE",499
2023-01-05,"B","BE",488
2023-01-06,"B","BE",499
2023-01-07,"B","BE",501
2023-01-08,"B","BE",490
2023-01-09,"B","BE",490
2023-01-10,"B","BE",508
2023-01-11,"B","BE",513
2023-01-12,"B","BE",490
2023-01-13,"B","BE",497
2023-01-14,"B","BE",509
2023-01-15,"B","BE",449
2023-01-16,"B","BE",513
2023-01-17,"B","BE",495
2023-01-18,"B","BE",486
2023-01-19,"B","BE",471
2023-01-20,"B","BE",476
2023-01-21,"B","BE",491
2023-01-22,"B","BE",473
2023-01-23,"B","BE",471
2023-01-24,"B","BE",471
2023-01-25,"B","BE",458
2023-01-26,"B","BE",455
2023-01-27,"B","BE",446
2023-01-28,"B","BE",472
2023-01-29,"B","BE",481
2023-01-30,"B","BE",451
2023-01-31,"B","BE",438
2023-02-01,"B","BE",435
2023-02-02,"B","BE",467
2023-02-03,"B","BE",459
2023-02-04,"B","BE",476
2023-02-05,"B","BE",443
2023-02-06,"B","BE",438
2023-02-07,"B","BE",463
2023-02-08,"B","BE",433
2023-02-09,"B","BE",443
2023-02-10,"B","BE",441
2023-02-11,"B","BE",467
2023-02-12,"B","BE",436
2023-02-13,"B","BE",458
2023-02-14,"B","BE",460
2023-02-15,"B","BE",479
2023-02-16,"B","BE",445
2023-02-17,"B","BE",460
2023-02-18,"B","BE",483
2023-02-19,"B","BE",474
2023-02-20,"B","BE",417
2023-02-21,"B","BE",437
2023-02-22,"B","BE",479
2023-02-23,"B","BE",476
2023-02-24,"B","BE",472
2023-02-25,"B","BE",465
2023-02-26,"B","BE",434
2023-02-27,"B","BE",454
2023-02-28,"B","BE",457
2023-03-01,"B","BE",479
2023-03-02,"B","BE",442
2023-03-03,"B","BE",471
2023-03-04,"B","BE",443
2023-03-05,"B","BE",438
2023-03-06,"B","BE",471
2023-03-07,"B","BE",442
2023-03-08,"B","BE",423
2023-03-09,"B","BE",442
2023-03-10,"B","BE",431
2023-03-11,"B","BE",414
2023-03-12,"B","BE",430
2023-03-13,"B","BE",401
2023-03-14,"B","BE",410
2023-03-15,"B","BE",415
2023-03-16,"B","BE",370
2023-03-17,"B","BE",376
2023-03-18,"B","BE",416
2023-03-19,"B","BE",394
2023-03-20,"B","BE",373
2023-03-21,"B","BE",398
2023-03-22,"B","BE",410
2023-03-23,"B","BE",430
2023-03-24,"B","BE",381
2023-03-25,"B","BE",385
2023-03-26,"B","BE",363
2023-03-27,"B","BE",372
2023-03-28,"B","BE",348
2023-03-29,"B","BE",365
2023-03-30,"B","BE",395
2023-03-31,"B","BE",388
2023-04-01,"B","BE",387
2023-04-02,"B","BE",378
2023-04-03,"B","BE",351
2023-04-04,"B","BE",399
2023-04-05,"B","BE",364
2023-04-06,"B","BE",347
2023-04-07,"B","BE",347
2023-04-08,"B","BE",329
2023-04-09,"B","BE",316
2023-04-10,"B","BE",294
2023-04-11,"B","BE",335
2023-04-12,"B","BE",325
2023-04-13,"B","BE",299
2023-04-14,"B","BE",335
2023-04-15,"B","BE",328
2023-04-16,"B","BE",271
2023-04-17,"B","BE",350
2023-04-18,"B","BE",303
2023-04-19,"B","BE",299
2023-04-20,"B","BE",298
2023-04-21,"B","BE",329
2023-04-22,"B","BE",346
2023-04-23,"B","BE",333
2023-04-24,"B","BE",330
2023-04-25,"B","BE",290
2023-04-26,"B","BE",320
2023-04-27,"B","BE",320
2023-04-28,"B","BE",322
2023-04-29,"B","BE",324
2023-04-30,"B","BE",318
2023-05-01,"B","BE",323
2023-05-02,"B","BE",333
2023-05-03,"B","BE",310
2023-05-04,"B","BE",318
2023-05-05,"B","BE",315
2023-05-06,"B","BE",318
2023-05-07,"B","BE",323
2023-05-08,"B","BE",325
2023-05-09,"B","BE",335
2023-05-10,"B","BE",337
2023-05-11,"B","BE",306
2023-05-12,"B","BE",332
2023-05-13,"B","BE",331
2023-05-14,"B","BE",350
2023-05-15,"B","BE",335
2023-05-16,"B","BE",337
2023-05-17,"B","BE",326
2023-05-18,"B","BE",287
2023-05-19,"B","BE",343
2023-05-20,"B","BE",368
2023-05-21,"B","BE",365
2023-05-22,"B","BE",332
2023-05-23,"B","BE",299
2023-05-24,"B","BE",333
2023-05-25,"B","BE",338
2023-05-26,"B","BE",370
2023-05-27,"B","BE",346
2023-05-28,"B","BE",319
2023-05-29,"B","BE",322
2023-05-30,"B","BE",324
2023-05-31,"B","BE",314
2023-06-01,"B","BE",320
2023-06-02,"B","BE",309
2023-06-03,"B","BE",333
2023-06-04,"B","BE",309
2023-06-05,"B","BE",319
2023-06-06,"B","BE",330
2023-06-07,"B","BE",312
2023-06-08,"B","BE",307
2023-06-09,"B","BE",318
2023-06-10,"B","BE",331
2023-06-11,"B","BE",312
2023-06-12,"B","BE",321
2023-06-13,"B","BE",337
2023-06-14,"B","BE",298
2023-06-15,"B","BE",299
2023-06-16,"B","BE",287
2023-06-17,"B","BE",334
2023-06-18,"B","BE",302
2023-06-19,"B","BE",296
2023-06-20,"B","BE",303
2023-06-21,"B","BE",305
2023-06-22,"B","BE",298
2023-06-23,"B","BE",305
2023-06-24,"B","BE",303
2023-06-25,"B","BE",300
2023-06-26,"B","BE",299
2023-06-27,"B","BE",341
2023-06-28,"B","BE",300
2023-06-29,"B","BE",342
2023-06-30,"B","BE",330
2023-07-01,"B","BE",309
2023-07-02,"B","BE",302
2023-07-03,"B","BE",323
2023-07-04,"B","BE",307
2023-07-05,"B","BE",298
2023-07-06,"B","BE",307
2023-07-07,"B","BE",313
2023-07-08,"B","BE",312
2023-07-09,"B","BE",302
2023-07-10,"B","BE",285
2023-07-11,"B","BE",305
2023-07-12,"B","BE",317
2023-07-13,"B","BE",307
2023-07-14,"B","BE",317
2023-07-15,"B","BE",289
2023-07-16,"B","BE",305
2023-07-17,"B","BE",286
2023-07-18,"B","BE",283
2023-07-19,"B","BE",282
2023-07-20,"B","BE",281
2023-07-21,"B","BE",286
2023-07-22,"B","BE",277
2023-07-23,"B","BE",269
2023-07-24,"B","BE",273
2023-07-25,"B","BE",282
2023-07-26,"B","BE",297
2023-07-27,"B","BE",274
2023-07-28,"B","BE",290
2023-07-29,"B","BE",240
2023-07-30,"B","BE",275
2023-07-31,"B","BE",268
2023-08-01,"B","BE",266
2023-08-02,"B","BE",267
2023-08-03,"B","BE",270
2023-08-04,"B","BE",261
2023-08-05,"B","BE",307
2023-08-06,"B","BE",267
2023-08-07,"B","BE",254
2023-08-08,"B","BE",250
2023-08-09,"B","BE",284
2023-08-10,"B","BE",253
2023-08-11,"B","BE",268
2023-08-12,"B","BE",259
2023-08-13,"B","BE",238
2023-08-14,"B","BE",270
2023-08-15,"B","BE",238
2023-08-16,"B","BE",232
2023-08-17,"B","BE",267
2023-08-18,"B","BE",250
2023-08-19,"B","BE",240
2023-08-20,"B","BE",250
2023-08-21,"B","BE",240
2023-08-22,"B","BE",247
2023-08-23,"B","BE",307
2023-08-24,"B","BE",271
2023-08-25,"B","BE",300
2023-08-26,"B","BE",267
2023-08-27,"B","BE",285
2023-08-28,"B","BE",264
2023-08-29,"B","BE",296
2023-08-30,"B","BE",283
2023-08-31,"B","BE",284
2023-09-01,"B","BE",296
2023-09-02,"B","BE",295
2023-09-03,"B","BE",303
2023-09-04,"B","BE",293
2023-09-05,"B","BE",298
2023-09-06,"B","BE",319
2023-09-07,"B","BE",299
2023-09-08,"B","BE",306
2023-09-09,"B","BE",328
2023-09-10,"B","BE",293
2023-09-11,"B","BE",305
2023-09-12,"B","BE",300
2023-09-13,"B","BE",305
2023-09-14,"B","BE",334
2023-09-15,"B","BE",360
2023-09-16,"B","BE",315
2023-09-17,"B","BE",322
2023-09-18,"B","BE",354
2023-09-19,"B","BE",290
2023-09-20,"B","BE",322
2023-09-21,"B","BE",333
2023-09-22,"B","BE",337
2023-09-23,"B","BE",317
2023-09-24,"B","BE",334
2023-09-25,"B","BE",275
2023-09-26,"B","BE",323
2023-09-27,"B","BE",339
2023-09-28,"B","BE",344
2023-09-29,"B","BE",325
2023-09-30,"B","BE",328
2023-10-01,"B","BE",341
2023-10-02,"B","BE",379
2023-10-03,"B","BE",358
2023-10-04,"B","BE",369
2023-10-05,"B","BE",382
2023-10-06,"B","BE",374
2023-10-07,"B","BE",339
2023-10-08,"B","BE",367
2023-10-09,"B","BE",389
2023-10-10,"B","BE",364
2023-10-11,"B","BE",363
2023-10-12,"B","BE",346
2023-10-13,"B","BE",340
2023-10-14,"B","BE",398
2023-10-15,"B","BE",355
2023-10-16,"B","BE",347
2023-10-17,"B","BE",342
2023-10-18,"B","BE",361
2023-10-19,"B","BE",339
2023-10-20,"B","BE",363
2023-10-21,"B","BE",350
2023-10-22,"B","BE",370
2023-10-23,"B","BE",375
2023-10-24,"B","BE",341
2023-10-25,"B","BE",327
2023-10-26,"B","BE",343
2023-10-27,"B","BE",378
2023-10-28,"B","BE",340
2023-10-29,"B","BE",325
2023-10-30,"B","BE",355
2023-10-31,"B","BE",339
2023-11-01,"B","BE",345
2023-11-02,"B","BE",363
2023-11-03,"B","BE",347
2023-11-04,"B","BE",343
2023-11-05,"B","BE",385
2023-11-06,"B","BE",370
2023-11-07,"B","BE",379
2023-11-08,"B","BE",316
2023-11-09,"B","BE",394
2023-11-10,"B","BE",362
2023-11-11,"B","BE",370
2023-11-12,"B","BE",398
2023-11-13,"B","BE",377
2023-11-14,"B","BE",378
2023-11-15,"B","BE",353
2023-11-16,"B","BE",353
2023-11-17,"B","BE",388
2023-11-18,"B","BE",371
2023-11-19,"B","BE",382
2023-11-20,"B","BE",388
2023-11-21,"B","BE",366
2023-11-22,"B","BE",352
2023-11-23,"B","BE",383
2023-11-24,"B","BE",392
2023-11-25,"B","BE",351
2023-11-26,"B","BE",345
2023-11-27,"B","BE",377
2023-11-28,"B","BE",389
2023-11-29,"B","BE",384
2023-11-30,"B","BE",383
2023-12-01,"B","BE",371
2023-12-02,"B","BE",392
2023-12-03,"B","BE",366
2023-12-04,"B","BE",364
2023-12-05,"B","BE",351
2023-12-06,"B","BE",385
2023-12-07,"B","BE",402
2023-12-08,"B","BE",364
2023-12-09,"B","BE",348
2023-12-10,"B","BE",380
2023-12-11,"B","BE",348
2023-12-12,"B","BE",352
2023-12-13,"B","BE",376
2023-12-14,"B","BE",384
2023-12-15,"B","BE",379
2023-12-16,"B","BE",382
2023-12-17,"B","BE",338
2023-12-18,"B","BE",382
2023-12-19,"B","BE",389
2023-12-20,"B","BE",361
2023-12-21,"B","BE",382
2023-12-22,"B","BE",390
2023-12-23,"B","BE",377
2023-12-24,"B","BE",359
2023-12-25,"B","BE",371
2023-12-26,"B","BE",404
2023-12-27,"B","BE",376
2023-12-28,"B","BE",357
2023-12-29,"B","BE",385
2023-12-30,"B","BE",376
2021-01-02,"C","BE",3130
2021-01-03,"C","BE",3174
2021-01-04,"C","BE",3177
2021-01-05,"C","BE",3157
2021-01-06,"C","BE",3227
2021-01-07,"C","BE",3196
2021-01-08,"C","BE",3168
2021-01-09,"C","BE",3145
2021-01-10,"C","BE",3166
2021-01-11,"C","BE",3269
2021-01-12,"C","BE",3168
2021-01-13,"C","BE",3074
2021-01-14,"C","BE",3161
2021-01-15,"C","BE",3109
2021-01-16,"C","BE",3113
2021-01-17,"C","BE",3123
2021-01-18,"C","BE",3188
2021-01-19,"C","BE",3136
2021-01-20,"C","BE",3138
2021-01-21,"C","BE",3114
2021-01-22,"C","BE",3066
2021-01-23,"C","BE",3102
2021-01-24,"C","BE",3000
2021-01-25,"C","BE",3098
2021-01-26,"C","BE",3029
2021-01-27,"C","BE",3131
2021-01-28,"C","BE",3072
2021-01-29,"C","BE",3112
2021-01-30,"C","BE",3153
2021-01-31,"C","BE",3009
2021-02-01,"C","BE",3040
2021-02-02,"C","BE",3059
2021-02-03,"C","BE",2995
2021-02-04,"C","BE",3021
2021-02-05,"C","BE",2988
2021-02-06,"C","BE",2984
2021-02-07,"C","BE",2970
2021-02-08,"C","BE",3015
2021-02-09,"C","BE",3004
2021-02-10,"C","BE",3028
2021-02-11,"C","BE",3092
2021-02-12,"C","BE",2970
2021-02-13,"C","BE",3088
2021-02-14,"C","BE",3063
2021-02-15,"C","BE",3156
2021-02-16,"C","BE",3066
2021-02-17,"C","BE",3132
2021-02-18,"C","BE",3110
2021-02-19,"C","BE",3083
2021-02-20,"C","BE",3058
2021-02-21,"C","BE",3028
2021-02-22,"C","BE",3079
2021-02-23,"C","BE",3062
2021-02-24,"C","BE",3061
2021-02-25,"C","BE",3052
2021-02-26,"C","BE",3057
2021-02-27,"C","BE",3066
2021-02-28,"C","BE",3024
2021-03-01,"C","BE",3141
2021-03-02,"C","BE",3059
2021-03-03,"C","BE",3049
2021-03-04,"C","BE",2997
2021-03-05,"C","BE",2998
2021-03-06,"C","BE",3003
2021-03-07,"C","BE",2988
2021-03-08,"C","BE",2980
2021-03-09,"C","BE",2893
2021-03-10,"C","BE",2843
2021-03-11,"C","BE",2862
2021-03-12,"C","BE",2855
2021-03-13,"C","BE",2900
2021-03-14,"C","BE",2883
2021-03-15,"C","BE",2840
2021-03-16,"C","BE",2847
2021-03-17,"C","BE",2914
2021-03-18,"C","BE",2840
2021-03-19,"C","BE",2838
2021-03-20,"C","BE",2822
2021-03-21,"C","BE",2768
2021-03-22,"C","BE",2815
2021-03-23,"C","BE",2805
2021-03-24,"C","BE",2863
2021-03-25,"C","BE",2747
2021-03-26,"C","BE",2713
2021-03-27,"C","BE",2799
2021-03-28,"C","BE",2790
2021-03-29,"C","BE",2747
2021-03-30,"C","BE",2761
2021-03-31,"C","BE",2760
2021-04-01,"C","BE",2720
2021-04-02,"C","BE",2745
2021-04-03,"C","BE",2675
2021-04-04,"C","BE",2661
2021-04-05,"C","BE",2678
2021-04-06,"C","BE",2660
2021-04-07,"C","BE",2613
2021-04-08,"C","BE",2514
2021-04-09,"C","BE",2541
2021-04-10,"C","BE",2516
2021-04-11,"C","BE",2531
2021-04-12,"C","BE",2496
2021-04-13,"C","BE",2388
2021-04-14,"C","BE",2470
2021-04-15,"C","BE",2475
2021-04-16,"C","BE",2449
2021-04-17,"C","BE",2373
2021-04-18,"C","BE",2469
2021-04-19,"C","BE",2470
2021-04-20,"C","BE",2559
2021-04-21,"C","BE",2503
2021-04-22,"C","BE",2512
2021-04-23,"C","BE",2527
2021-04-24,"C","BE",2531
2021-04-25,"C","BE",2435
2021-04-26,"C","BE",2459
2021-04-27,"C","BE",2516
2021-04-28,"C","BE",2448
2021-04-29,"C","BE",2504
2021-04-30,"C","BE",2491
2021-05-01,"C","BE",2455
2021-05-02,"C","BE",2547
2021-05-03,"C","BE",2522
2021-05-04,"C","BE",2483
2021-05-05,"C","BE",2473
2021-05-06,"C","BE",2482
2021-05-07,"C","BE",2560
2021-05-08,"C","BE",2460
2021-05-09,"C","BE",2514
2021-05-10,"C","BE",2525
2021-05-11,"C","BE",2524
2021-05-12,"C","BE",2558
2021-05-13,"C","BE",2521
2021-05-14,"C","BE",2540
2021-05-15,"C","BE",2582
2021-05-16,"C","BE",2592
2021-05-17,"C","BE",2618
2021-05-18,"C","BE",2601
2021-05-19,"C","BE",2619
2021-05-20,"C","BE",2644
2021-05-21,"C","BE",2702
2021-05-22,"C","BE",2700
2021-05-23,"C","BE",2614
2021-05-24,"C","BE",2616
2021-05-25,"C","BE",2656
2021-05-26,"C","BE",2711
2021-05-27,"C","BE",2698
2021-05-28,"C","BE",2624
2021-05-29,"C","BE",2586
2021-05-30,"C","BE",2590
2021-05-31,"C","BE",2534
2021-06-01,"C","BE",2560
2021-06-02,"C","BE",2560
2021-06-03,"C","BE",2573
2021-06-04,"C","BE",2550
2021-06-05,"C","BE",2481
2021-06-06,"C","BE",2577
2021-06-07,"C","BE",2505
2021-06-08,"C","BE",2564
2021-06-09,"C","BE",2612
2021-06-10,"C","BE",2493
2021-06-11,"C","BE",2529
2021-06-12,"C","BE",2461
2021-06-13,"C","BE",2448
2021-06-14,"C","BE",2531
2021-06-15,"C","BE",2523
2021-06-16,"C","BE",2492
2021-06-17,"C","BE",2571
2021-06-18,"C","BE",2514
2021-06-19,"C","BE",2529
2021-06-20,"C","BE",2466
2021-06-21,"C","BE",2442
2021-06-22,"C","BE",2624
2021-06-23,"C","BE",2602
2021-06-24,"C","BE",2555
2021-06-25,"C","BE",2516
2021-06-26,"C","BE",2595
2021-06-27,"C","BE",2520
2021-06-28,"C","BE",2643
2021-06-29,"C","BE",2650
2021-06-30,"C","BE",2610
2021-07-01,"C","BE",2593
2021-07-02,"C","BE",2567
2021-07-03,"C","BE",2537
2021-07-04,"C","BE",2590
2021-07-05,"C","BE",2493
2021-07-06,"C","BE",2615
2021-07-07,"C","BE",2513
2021-07-08,"C","BE",2450
2021-07-09,"C","BE",2468
2021-07-10,"C","BE",2439
2021-07-11,"C","BE",2505
2021-07-12,"C","BE",2555
2021-07-13,"C","BE",2527
2021-07-14,"C","BE",2511
2021-07-15,"C","BE",2527
2021-07-16,"C","BE",2512
2021-07-17,"C","BE",2478
2021-07-18,"C","BE",2423
2021-07-19,"C","BE",2479
2021-07-20,"C","BE",2498
2021-07-21,"C","BE",2502
2021-07-22,"C","BE",2447
2021-07-23,"C","BE",2416
2021-07-24,"C","BE",2390
2021-07-25,"C","BE",2441
2021-07-26,"C","BE",2495
2021-07-27,"C","BE",2419
2021-07-28,"C","BE",2382
2021-07-29,"C","BE",2496
2021-07-30,"C","BE",2364
2021-07-31,"C","BE",2443
2021-08-01,"C","BE",2407
2021-08-02,"C","BE",2541
2021-08-03,"C","BE",2549
2021-08-04,"C","BE",2556
2021-08-05,"C","BE",2550
2021-08-06,"C","BE",2482
2021-08-07,"C","BE",2459
2021-08-08,"C","BE",2430
2021-08-09,"C","BE",2364
2021-08-10,"C","BE",2368
2021-08-11,"C","BE",2350
2021-08-12,"C","BE",2278
2021-08-13,"C","BE",2250
2021-08-14,"C","BE",2264
2021-08-15,"C","BE",2269
2021-08-16,"C","BE",2250
2021-08-17,"C","BE",2239
2021-08-18,"C","BE",2298
2021-08-19,"C","BE",2285
2021-08-20,"C","BE",2303
2021-08-21,"C","BE",2359
2021-08-22,"C","BE",2400
2021-08-23,"C","BE",2429
2021-08-24,"C","BE",2427
2021-08-25,"C","BE",2495
2021-08-26,"C","BE",2412
2021-08-27,"C","BE",2450
2021-08-28,"C","BE",2467
2021-08-29,"C","BE",2530
2021-08-30,"C","BE",2517
2021-08-31,"C","BE",2541
2021-09-01,"C","BE",2486
2021-09-02,"C","BE",2565
2021-09-03,"C","BE",2556
2021-09-04,"C","BE",2503
2021-09-05,"C","BE",2476
2021-09-06,"C","BE",2520
2021-09-07,"C","BE",2543
2021-09-08,"C","BE",2563
2021-09-09,"C","BE",2555
2021-09-10,"C","BE",2629
2021-09-11,"C","BE",2610
2021-09-12,"C","BE",2614
2021-09-13,"C","BE",2696
2021-09-14,"C","BE",2736
2021-09-15,"C","BE",2725
2021-09-16,"C","BE",2734
2021-09-17,"C","BE",2666
2021-09-18,"C","BE",2680
2021-09-19,"C","BE",2631
2021-09-20,"C","BE",2672
2021-09-21,"C","BE",2613
2021-09-22,"C","BE",2611
2021-09-23,"C","BE",2638
2021-09-24,"C","BE",2600
2021-09-25,"C","BE",2573
2021-09-26,"C","BE",2671
2021-09-27,"C","BE",2681
2021-09-28,"C","BE",2736
2021-09-29,"C","BE",2707
2021-09-30,"C","BE",2693
2021-10-01,"C","BE",2753
2021-10-02,"C","BE",2869
2021-10-03,"C","BE",2867
2021-10-04,"C","BE",2869
2021-10-05,"C","BE",2766
2021-10-06,"C","BE",2815
2021-10-07,"C","BE",2817
2021-10-08,"C","BE",2899
2021-10-09,"C","BE",2810
2021-10-10,"C","BE",2787
2021-10-11,"C","BE",2777
2021-10-12,"C","BE",2787
2021-10-13,"C","BE",2851
2021-10-14,"C","BE",2866
2021-10-15,"C","BE",2760
2021-10-16,"C","BE",2743
2021-10-17,"C","BE",2868
2021-10-18,"C","BE",2673
2021-10-19,"C","BE",2785
2021-10-20,"C","BE",2828
2021-10-21,"C","BE",2799
2021-10-22,"C","BE",2849
2021-10-23,"C","BE",2864
2021-10-24,"C","BE",2814
2021-10-25,"C","BE",2778
2021-10-26,"C","BE",2836
2021-10-27,"C","BE",2839
2021-10-28,"C","BE",2758
2021-10-29,"C","BE",2706
2021-10-30,"C","BE",2754
2021-10-31,"C","BE",2746
2021-11-01,"C","BE",2788
2021-11-02,"C","BE",2851
2021-11-03,"C","BE",2850
2021-11-04,"C","BE",2873
2021-11-05,"C","BE",2867
2021-11-06,"C","BE",2842
2021-11-07,"C","BE",2890
2021-11-08,"C","BE",2806
2021-11-09,"C","BE",2762
2021-11-10,"C","BE",2753
2021-11-11,"C","BE",2844
2021-11-12,"C","BE",2829
2021-11-13,"C","BE",2869
2021-11-14,"C","BE",2812
2021-11-15,"C","BE",2862
2021-11-16,"C","BE",2879
2021-11-17,"C","BE",2896
2021-11-18,"C","BE",2835
2021-11-19,"C","BE",2908
2021-11-20,"C","BE",2910
2021-11-21,"C","BE",2914
2021-11-22,"C","BE",2953
2021-11-23,"C","BE",2875
2021-11-24,"C","BE",2940
2021-11-25,"C","BE",2904
2021-11-26,"C","BE",2952
2021-11-27,"C","BE",2893
2021-11-28,"C","BE",2955
2021-11-29,"C","BE",2872
2021-11-30,"C","BE",2795
2021-12-01,"C","BE",2829
2021-12-02,"C","BE",2838
2021-12-03,"C","BE",2918
2021-12-04,"C","BE",2831
2021-12-05,"C","BE",2840
2021-12-06,"C","BE",2945
2021-12-07,"C","BE",2878
2021-12-08,"C","BE",2865
2021-12-09,"C","BE",2863
2021-12-10,"C","BE",2933
2021-12-11,"C","BE",2866
2021-12-12,"C","BE",2866
2021-12-13,"C","BE",2887
2021-12-14,"C","BE",2900
2021-12-15,"C","BE",2940
2021-12-16,"C","BE",2875
2021-12-17,"C","BE",2946
2021-12-18,"C","BE",2843
2021-12-19,"C","BE",2887
2021-12-20,"C","BE",2931
2021-12-21,"C","BE",2922
2021-12-22,"C","BE",2915
2021-12-23,"C","BE",2856
2021-12-24,"C","BE",2880
2021-12-25,"C","BE",2914
2021-12-26,"C","BE",2896
2021-12-27,"C","BE",2885
2021-12-28,"C","BE",2879
2021-12-29,"C","BE",2883
2021-12-30,"C","BE",2849
2022-01-02,"C","BE",2823
2022-01-03,"C","BE",2889
2022-01-04,"C","BE",2787
2022-01-05,"C","BE",2865
2022-01-06,"C","BE",2968
2022-01-07,"C","BE",2885
2022-01-08,"C","BE",2829
2022-01-09,"C","BE",2881
2022-01-10,"C","BE",2922
2022-01-11,"C","BE",2904
2022-01-12,"C","BE",2861
2022-01-13,"C","BE",2782
2022-01-14,"C","BE",2779
2022-01-15,"C","BE",2761
2022-01-16,"C","BE",2779
2022-01-17,"C","BE",2801
2022-01-18,"C","BE",2797
2022-01-19,"C","BE",2749
2022-01-20,"C","BE",2819
2022-01-21,"C","BE",2842
2022-01-22,"C","BE",2736
2022-01-23,"C","BE",2782
2022-01-24,"C","BE",2778
2022-01-25,"C","BE",2658
2022-01-26,"C","BE",2662
2022-01-27,"C","BE",2752
2022-01-28,"C","BE",2758
2022-01-29,"C","BE",2751
2022-01-30,"C","BE",2709
2022-01-31,"C","BE",2706
2022-02-01,"C","BE",2751
2022-02-02,"C","BE",2657
2022-02-03,"C","BE",2626
2022-02-04,"C","BE",2584
2022-02-05,"C","BE",2552
2022-02-06,"C","BE",2641
2022-02-07,"C","BE",2612
2022-02-08,"C","BE",2671
2022-02-09,"C","BE",2655
2022-02-10,"C","BE",2634
2022-02-11,"C","BE",2695
2022-02-12,"C","BE",2677
2022-02-13,"C","BE",2668
2022-02-14,"C","BE",2736
2022-02-15,"C","BE",2691
2022-02-16,"C","BE",2685
2022-02-17,"C","BE",2721
2022-02-18,"C","BE",2686
2022-02-19,"C","BE",2637
2022-02-20,"C","BE",2600
2022-02-21,"C","BE",2632
2022-02-22,"C","BE",2593
2022-02-23,"C","BE",2615
2022-02-24,"C","BE",2684
2022-02-25,"C","BE",2621
2022-02-26,"C","BE",2570
2022-02-27,"C","BE",2631
2022-02-28,"C","BE",2520
2022-03-01,"C","BE",2599
2022-03-02,"C","BE",2626
2022-03-03,"C","BE",2527
2022-03-04,"C","BE",2575
2022-03-05,"C","BE",2623
2022-03-06,"C","BE",2535
2022-03-07,"C","BE",2516
2022-03-08,"C","BE",2428
2022-03-09,"C","BE",2447
2022-03-10,"C","BE",2400
2022-03-11,"C","BE",2428
2022-03-12,"C","BE",2396
2022-03-13,"C","BE",2386
2022-03-14,"C","BE",2411
2022-03-15,"C","BE",2416
2022-03-16,"C","BE",2336
2022-03-17,"C","BE",2381
2022-03-18,"C","BE",2330
2022-03-19,"C","BE",2320
2022-03-20,"C","BE",2320
2022-03-21,"C","BE",2352
2022-03-22,"C","BE",2280
2022-03-23,"C","BE",2357
2022-03-24,"C","BE",2291
2022-03-25,"C","BE",2227
2022-03-26,"C","BE",2172
2022-03-27,"C","BE",2256
2022-03-28,"C","BE",2178
2022-03-29,"C","BE",2203
2022-03-30,"C","BE",2224
2022-03-31,"C","BE",2280
2022-04-01,"C","BE",2201
2022-04-02,"C","BE",2216
2022-04-03,"C","BE",2170
2022-04-04,"C","BE",2228
2022-04-05,"C","BE",2206
2022-04-06,"C","BE",2114
2022-04-07,"C","BE",2131
2022-04-08,"C","BE",2055
2022-04-09,"C","BE",1895
2022-04-10,"C","BE",2097
2022-04-11,"C","BE",1895
2022-04-12,"C","BE",1954
2022-04-13,"C","BE",1887
2022-04-14,"C","BE",1872
2022-04-15,"C","BE",1855
2022-04-16,"C","BE",1926
2022-04-17,"C","BE",1803
2022-04-18,"C","BE",1916
2022-04-19,"C","BE",1941
2022-04-20,"C","BE",1999
2022-04-21,"C","BE",1923
2022-04-22,"C","BE",1979
2022-04-23,"C","BE",2012
2022-04-24,"C","BE",1937
2022-04-25,"C","BE",1889
2022-04-26,"C","BE",1948
2022-04-27,"C","BE",1965
2022-04-28,"C","BE",1974
2022-04-29,"C","BE",1946
2022-04-30,"C","BE",1840
2022-05-01,"C","BE",1810
2022-05-02,"C","BE",1928
2022-05-03,"C","BE",1863
2022-05-04,"C","BE",1860
2022-05-05,"C","BE",1874
2022-05-06,"C","BE",1962
2022-05-07,"C","BE",1940
2022-05-08,"C","BE",1863
2022-05-09,"C","BE",1985
2022-05-10,"C","BE",1911
2022-05-11,"C","BE",1950
2022-05-12,"C","BE",1966
2022-05-13,"C","BE",1953
2022-05-14,"C","BE",1995
2022-05-15,"C","BE",2005
2022-05-16,"C","BE",2021
2022-05-17,"C","BE",1919
2022-05-18,"C","BE",1942
2022-05-19,"C","BE",2010
2022-05-20,"C","BE",2036
2022-05-21,"C","BE",2040
2022-05-22,"C","BE",2035
2022-05-23,"C","BE",2078
2022-05-24,"C","BE",1962
2022-05-25,"C","BE",2005
2022-05-26,"C","BE",2041
2022-05-27,"C","BE",2012
2022-05-28,"C","BE",1944
2022-05-29,"C","BE",1974
2022-05-30,"C","BE",1978
2022-05-31,"C","BE",1918
2022-06-01,"C","BE",2016
2022-06-02,"C","BE",1958
2022-06-03,"C","BE",1866
2022-06-04,"C","BE",1904
2022-06-05,"C","BE",1825
2022-06-06,"C","BE",1913
2022-06-07,"C","BE",1966
2022-06-08,"C","BE",1910
2022-06-09,"C","BE",1944
2022-06-10,"C","BE",1770
2022-06-11,"C","BE",1859
2022-06-12,"C","BE",1843
2022-06-13,"C","BE",1803
2022-06-14,"C","BE",1771
2022-06-15,"C","BE",1805
2022-06-16,"C","BE",1864
2022-06-17,"C","BE",1841
2022-06-18,"C","BE",1896
2022-06-19,"C","BE",1866
2022-06-20,"C","BE",1840
2022-06-21,"C","BE",1894
2022-06-22,"C","BE",1932
2022-06-23,"C","BE",1948
2022-06-24,"C","BE",1813
2022-06-25,"C","BE",1797
2022-06-26,"C","BE",1895
2022-06-27,"C","BE",1845
2022-06-28,"C","BE",1920
2022-06-29,"C","BE",1967
2022-06-30,"C","BE",1860
2022-07-01,"C","BE",1902
2022-07-02,"C","BE",1814
2022-07-03,"C","BE",1898
2022-07-04,"C","BE",1856
2022-07-05,"C","BE",1842
2022-07-06,"C","BE",1900
2022-07-07,"C","BE",1896
2022-07-08,"C","BE",1744
2022-07-09,"C","BE",1773
2022-07-10,"C","BE",1655
2022-07-11,"C","BE",1842
2022-07-12,"C","BE",1862
2022-07-13,"C","BE",1777
2022-07-14,"C","BE",1835
2022-07-15,"C","BE",1804
2022-07-16,"C","BE",1763
2022-07-17,"C","BE",1706
2022-07-18,"C","BE",1684
2022-07-19,"C","BE",1849
2022-07-20,"C","BE",1734
2022-07-21,"C","BE",1727
2022-07-22,"C","BE",1638
2022-07-23,"C","BE",1723
2022-07-24,"C","BE",1682
2022-07-25,"C","BE",1638
2022-07-26,"C","BE",1823
2022-07-27,"C","BE",1703
2022-07-28,"C","BE",1597
2022-07-29,"C","BE",1693
2022-07-30,"C","BE",1684
2022-07-31,"C","BE",1663
2022-08-01,"C","BE",1644
2022-08-02,"C","BE",1682
2022-08-03,"C","BE",1793
2022-08-04,"C","BE",1760
2022-08-05,"C","BE",1707
2022-08-06,"C","BE",1765
2022-08-07,"C","BE",1755
2022-08-08,"C","BE",1567
2022-08-09,"C","BE",1676
2022-08-10,"C","BE",1706
2022-08-11,"C","BE",1635
2022-08-12,"C","BE",1548
2022-08-13,"C","BE",1571
2022-08-14,"C","BE",1612
2022-08-15,"C","BE",1492
2022-08-16,"C","BE",1520
2022-08-17,"C","BE",1531
2022-08-18,"C","BE",1548
2022-08-19,"C","BE",1501
2022-08-20,"C","BE",1432
2022-08-21,"C","BE",1536
2022-08-22,"C","BE",1592
2022-08-23,"C","BE",1689
2022-08-24,"C","BE",1689
2022-08-25,"C","BE",1701
2022-08-26,"C","BE",1647
2022-08-27,"C","BE",1691
2022-08-28,"C","BE",1639
2022-08-29,"C","BE",1698
2022-08-30,"C","BE",1734
2022-08-31,"C","BE",1761
2022-09-01,"C","BE",1719
2022-09-02,"C","BE",1783
2022-09-03,"C","BE",1764
2022-09-04,"C","BE",1822
2022-09-05,"C","BE",1698
2022-09-06,"C","BE",1775
2022-09-07,"C","BE",1717
2022-09-08,"C","BE",1734
2022-09-09,"C","BE",1762
2022-09-10,"C","BE",1709
2022-09-11,"C","BE",1773
2022-09-12,"C","BE",1812
2022-09-13,"C","BE",1868
2022-09-14,"C","BE",1891
2022-09-15,"C","BE",1828
2022-09-16,"C","BE",1862
2022-09-17,"C","BE",1864
2022-09-18,"C","BE",1815
2022-09-19,"C","BE",1722
2022-09-20,"C","BE",1844
2022-09-21,"C","BE",1833
2022-09-22,"C","BE",1753
2022-09-23,"C","BE",1764
2022-09-24,"C","BE",1721
2022-09-25,"C","BE",1740
2022-09-26,"C","BE",1766
2022-09-27,"C","BE",1905
2022-09-28,"C","BE",1907
2022-09-29,"C","BE",1882
2022-09-30,"C","BE",1840
2022-10-01,"C","BE",1935
2022-10-02,"C","BE",1945
2022-10-03,"C","BE",2044
2022-10-04,"C","BE",2051
2022-10-05,"C","BE",1975
2022-10-06,"C","BE",1985
2022-10-07,"C","BE",1962
2022-10-08,"C","BE",2001
2022-10-09,"C","BE",1991
2022-10-10,"C","BE",1886
2022-10-11,"C","BE",1857
2022-10-12,"C","BE",1925
2022-10-13,"C","BE",1929
2022-10-14,"C","BE",2017
2022-10-15,"C","BE",1906
2022-10-16,"C","BE",1879
2022-10-17,"C","BE",1928
2022-10-18,"C","BE",1936
2022-10-19,"C","BE",1913
2022-10-20,"C","BE",1989
2022-10-21,"C","BE",1976
2022-10-22,"C","BE",1990
2022-10-23,"C","BE",1955
2022-10-24,"C","BE",1985
2022-10-25,"C","BE",1876
2022-10-26,"C","BE",1904
2022-10-27,"C","BE",1907
2022-10-28,"C","BE",1893
2022-10-29,"C","BE",1843
2022-10-30,"C","BE",1936
2022-10-31,"C","BE",1814
2022-11-01,"C","BE",1845
2022-11-02,"C","BE",1954
2022-11-03,"C","BE",1941
2022-11-04,"C","BE",1935
2022-11-05,"C","BE",1990
2022-11-06,"C","BE",1903
2022-11-07,"C","BE",2010
2022-11-08,"C","BE",1870
2022-11-09,"C","BE",1945
2022-11-10,"C","BE",1850
2022-11-11,"C","BE",1918
2022-11-12,"C","BE",1858
2022-11-13,"C","BE",2030
2022-11-14,"C","BE",1934
2022-11-15,"C","BE",1904
2022-11-16,"C","BE",1945
2022-11-17,"C","BE",1997
2022-11-18,"C","BE",1903
2022-11-19,"C","BE",1956
2022-11-20,"C","BE",2022
2022-11-21,"C","BE",1961
2022-11-22,"C","BE",1962
2022-11-23,"C","BE",1913
2022-11-24,"C","BE",2027
2022-11-25,"C","BE",1902
2022-11-26,"C","BE",1919
2022-11-27,"C","BE",1957
2022-11-28,"C","BE",1966
2022-11-29,"C","BE",1983
2022-11-30,"C","BE",1935
2022-12-01,"C","BE",1869
2022-12-02,"C","BE",1929
2022-12-03,"C","BE",1924
2022-12-04,"C","BE",1971
2022-12-05,"C","BE",1926
2022-12-06,"C","BE",1923
2022-12-07,"C","BE",1920
2022-12-08,"C","BE",1896
2022-12-09,"C","BE",1968
2022-12-10,"C","BE",1963
2022-12-11,"C","BE",1903
2022-12-12,"C","BE",1932
2022-12-13,"C","BE",1906
2022-12-14,"C","BE",1922
2022-12-15,"C","BE",1919
2022-12-16,"C","BE",1977
2022-12-17,"C","BE",1881
2022-12-18,"C","BE",1859
2022-12-19,"C","BE",1924
2022-12-20,"C","BE",1962
2022-12-21,"C","BE",1914
2022-12-22,"C","BE",1889
2022-12-23,"C","BE",1868
2022-12-24,"C","BE",1941
2022-12-25,"C","BE",1959
2022-12-26,"C","BE",1913
2022-12-27,"C","BE",2008
2022-12-28,"C","BE",1968
2022-12-29,"C","BE",1969
2022-12-30,"C","BE",1861
2023-01-02,"C","BE",1984
2023-01-03,"C","BE",2084
2023-01-04,"C","BE",1987
2023-01-05,"C","BE",1996
2023-01-06,"C","BE",2021
2023-01-07,"C","BE",1950
2023-01-08,"C","BE",1870
2023-01-09,"C","BE",1856
2023-01-10,"C","BE",1928
2023-01-11,"C","BE",1910
2023-01-12,"C","BE",1968
2023-01-13,"C","BE",1908
2023-01-14,"C","BE",1907
2023-01-15,"C","BE",1834
2023-01-16,"C","BE",1751
2023-01-17,"C","BE",1897
2023-01-18,"C","BE",1842
2023-01-19,"C","BE",1832
2023-01-20,"C","BE",1804
2023-01-21,"C","BE",1910
2023-01-22,"C","BE",1706
2023-01-23,"C","BE",1806
2023-01-24,"C","BE",1820
2023-01-25,"C","BE",1769
2023-01-26,"C","BE",1747
2023-01-27,"C","BE",1873
2023-01-28,"C","BE",1762
2023-01-29,"C","BE",1782
2023-01-30,"C","BE",1709
2023-01-31,"C","BE",1747
2023-02-01,"C","BE",1775
2023-02-02,"C","BE",1685
2023-02-03,"C","BE",1754
2023-02-04,"C","BE",1614
2023-02-05,"C","BE",1672
2023-02-06,"C","BE",1600
2023-02-07,"C","BE",1644
2023-02-08,"C","BE",1653
2023-02-09,"C","BE",1605
2023-02-10,"C","BE",1556
2023-02-11,"C","BE",1640
2023-02-12,"C","BE",1730
2023-02-13,"C","BE",1672
2023-02-14,"C","BE",1683
2023-02-15,"C","BE",1691
2023-02-16,"C","BE",1769
2023-02-17,"C","BE",1745
2023-02-18,"C","BE",1713
2023-02-19,"C","BE",1674
2023-02-20,"C","BE",1661
2023-02-21,"C","BE",1678
2023-02-22,"C","BE",1611
2023-02-23,"C","BE",1598
2023-02-24,"C","BE",1692
2023-02-25,"C","BE",1637
2023-02-26,"C","BE",1649
2023-02-27,"C","BE",1627
2023-02-28,"C","BE",1658
2023-03-01,"C","BE",1600
2023-03-02,"C","BE",1617
2023-03-03,"C","BE",1539
2023-03-04,"C","BE",1624
2023-03-05,"C","BE",1587
2023-03-06,"C","BE",1594
2023-03-07,"C","BE",1629
2023-03-08,"C","BE",1446
2023-03-09,"C","BE",1479
2023-03-10,"C","BE",1347
2023-03-11,"C","BE",1388
2023-03-12,"C","BE",1482
2023-03-13,"C","BE",1382
2023-03-14,"C","BE",1493
2023-03-15,"C","BE",1340
2023-03-16,"C","BE",1414
2023-03-17,"C","BE",1398
2023-03-18,"C","BE",1360
2023-03-19,"C","BE",1296
2023-03-20,"C","BE",1327
2023-03-21,"C","BE",1323
2023-03-22,"C","BE",1263
2023-03-23,"C","BE",1184
2023-03-24,"C","BE",1283
2023-03-25,"C","BE",1217
2023-03-26,"C","BE",1163
2023-03-27,"C","BE",1255
2023-03-28,"C","BE",1243
2023-03-29,"C","BE",1248
2023-03-30,"C","BE",1247
2023-03-31,"C","BE",1199
2023-04-01,"C","BE",1140
2023-04-02,"C","BE",1140
2023-04-03,"C","BE",1206
2023-04-04,"C","BE",1140
2023-04-05,"C","BE",1200
2023-04-06,"C","BE",1061
2023-04-07,"C","BE",1093
2023-04-08,"C","BE",894
2023-04-09,"C","BE",949
2023-04-10,"C","BE",973
2023-04-11,"C","BE",984
2023-04-12,"C","BE",854
2023-04-13,"C","BE",951
2023-04-14,"C","BE",934
2023-04-15,"C","BE",845
2023-04-16,"C","BE",898
2023-04-17,"C","BE",843
2023-04-18,"C","BE",913
2023-04-19,"C","BE",921
2023-04-20,"C","BE",1071
2023-04-21,"C","BE",904
2023-04-22,"C","BE",962
2023-04-23,"C","BE",988
2023-04-24,"C","BE",954
2023-04-25,"C","BE",981
2023-04-26,"C","BE",892
2023-04-27,"C","BE",915
2023-04-28,"C","BE",979
2023-04-29,"C","BE",820
2023-04-30,"C","BE",878
2023-05-01,"C","BE",897
2023-05-02,"C","BE",906
2023-05-03,"C","BE",890
2023-05-04,"C","BE",849
2023-05-05,"C","BE",950
2023-05-06,"C","BE",925
2023-05-07,"C","BE",868
2023-05-08,"C","BE",833
2023-05-09,"C","BE",915
2023-05-10,"C","BE",893
2023-05-11,"C","BE",943
2023-05-12,"C","BE",790
2023-05-13,"C","BE",946
2023-05-14,"C","BE",1038
2023-05-15,"C","BE",1045
2023-05-16,"C","BE",954
2023-05-17,"C","BE",948
2023-05-18,"C","BE",941
2023-05-19,"C","BE",1021
2023-05-20,"C","BE",990
2023-05-21,"C","BE",1084
2023-05-22,"C","BE",1032
2023-05-23,"C","BE",1030
2023-05-24,"C","BE",911
2023-05-25,"C","BE",932
2023-05-26,"C","BE",991
2023-05-27,"C","BE",1042
2023-05-28,"C","BE",944
2023-05-29,"C","BE",943
2023-05-30,"C","BE",974
2023-05-31,"C","BE",906
2023-06-01,"C","BE",887
2023-06-02,"C","BE",926
2023-06-03,"C","BE",861
2023-06-04,"C","BE",883
2023-06-05,"C","BE",854
2023-06-06,"C","BE",857
2023-06-07,"C","BE",887
2023-06-08,"C","BE",858
2023-06-09,"C","BE",931
2023-06-10,"C","BE",767
2023-06-11,"C","BE",891
2023-06-12,"C","BE",877
2023-06-13,"C","BE",717
2023-06-14,"C","BE",757
2023-06-15,"C","BE",737
2023-06-16,"C","BE",729
2023-06-17,"C","BE",848
2023-06-18,"C","BE",810
2023-06-19,"C","BE",806
2023-06-20,"C","BE",783
2023-06-21,"C","BE",757
2023-06-22,"C","BE",847
2023-06-23,"C","BE",871
2023-06-24,"C","BE",721
2023-06-25,"C","BE",737
2023-06-26,"C","BE",756
2023-06-27,"C","BE",875
2023-06-28,"C","BE",975
2023-06-29,"C","BE",828
2023-06-30,"C","BE",846
2023-07-01,"C","BE",785
2023-07-02,"C","BE",709
2023-07-03,"C","BE",847
2023-07-04,"C","BE",743
2023-07-05,"C","BE",763
2023-07-06,"C","BE",796
2023-07-07,"C","BE",898
2023-07-08,"C","BE",629
2023-07-09,"C","BE",696
2023-07-10,"C","BE",595
2023-07-11,"C","BE",671
2023-07-12,"C","BE",766
2023-07-13,"C","BE",712
2023-07-14,"C","BE",711
2023-07-15,"C","BE",708
2023-07-16,"C","BE",592
2023-07-17,"C","BE",654
2023-07-18,"C","BE",603
2023-07-19,"C","BE",720
2023-07-20,"C","BE",736
2023-07-21,"C","BE",584
2023-07-22,"C","BE",501
2023-07-23,"C","BE",624
2023-07-24,"C","BE",562
2023-07-25,"C","BE",515
2023-07-26,"C","BE",592
2023-07-27,"C","BE",511
2023-07-28,"C","BE",528
2023-07-29,"C","BE",551
2023-07-30,"C","BE",453
2023-07-31,"C","BE",530
2023-08-01,"C","BE",460
2023-08-02,"C","BE",496
2023-08-03,"C","BE",631
2023-08-04,"C","BE",590
2023-08-05,"C","BE",637
2023-08-06,"C","BE",576
2023-08-07,"C","BE",549
2023-08-08,"C","BE",466
2023-08-09,"C","BE",404
2023-08-10,"C","BE",497
2023-08-11,"C","BE",391
2023-08-12,"C","BE",304
2023-08-13,"C","BE",344
2023-08-14,"C","BE",464
2023-08-15,"C","BE",279
2023-08-16,"C","BE",263
2023-08-17,"C","BE",417
2023-08-18,"C","BE",301
2023-08-19,"C","BE",358
2023-08-20,"C","BE",377
2023-08-21,"C","BE",460
2023-08-22,"C","BE",438
2023-08-23,"C","BE",618
2023-08-24,"C","BE",548
2023-08-25,"C","BE",564
2023-08-26,"C","BE",557
2023-08-27,"C","BE",611
2023-08-28,"C","BE",521
2023-08-29,"C","BE",537
2023-08-30,"C","BE",560
2023-08-31,"C","BE",604
2023-09-01,"C","BE",584
2023-09-02,"C","BE",613
2023-09-03,"C","BE",625
2023-09-04,"C","BE",726
2023-09-05,"C","BE",572
2023-09-06,"C","BE",669
2023-09-07,"C","BE",603
2023-09-08,"C","BE",696
2023-09-09,"C","BE",635
2023-09-10,"C","BE",655
2023-09-11,"C","BE",623
2023-09-12,"C","BE",740
2023-09-13,"C","BE",676
2023-09-14,"C","BE",812
2023-09-15,"C","BE",737
2023-09-16,"C","BE",858
2023-09-17,"C","BE",703
2023-09-18,"C","BE",667
2023-09-19,"C","BE",682
2023-09-20,"C","BE",633
2023-09-21,"C","BE",711
2023-09-22,"C","BE",689
2023-09-23,"C","BE",702
2023-09-24,"C","BE",632
2023-09-25,"C","BE",546
2023-09-26,"C","BE",636
2023-09-27,"C","BE",814
2023-09-28,"C","BE",716
2023-09-29,"C","BE",713
2023-09-30,"C","BE",776
2023-10-01,"C","BE",868
2023-10-02,"C","BE",894
2023-10-03,"C","BE",937
2023-10-04,"C","BE",935
2023-10-05,"C","BE",864
2023-10-06,"C","BE",842
2023-10-07,"C","BE",929
2023-10-08,"C","BE",790
2023-10-09,"C","BE",830
2023-10-10,"C","BE",732
2023-10-11,"C","BE",816
2023-10-12,"C","BE",789
2023-10-13,"C","BE",796
2023-10-14,"C","BE",838
2023-10-15,"C","BE",794
2023-10-16,"C","BE",795
2023-10-17,"C","BE",760
2023-10-18,"C","BE",771
2023-10-19,"C","BE",857
2023-10-20,"C","BE",795
2023-10-21,"C","BE",889
2023-10-22,"C","BE",872
2023-10-23,"C","BE",876
2023-10-24,"C","BE",903
2023-10-25,"C","BE",790
2023-10-26,"C","BE",888
2023-10-27,"C","BE",875
2023-10-28,"C","BE",758
2023-10-29,"C","BE",721
2023-10-30,"C","BE",735
2023-10-31,"C","BE",744
2023-11-01,"C","BE",816
2023-11-02,"C","BE",907
2023-11-03,"C","BE",930
2023-11-04,"C","BE",841
2023-11-05,"C","BE",920
2023-11-06,"C","BE",918
2023-11-07,"C","BE",854
2023-11-08,"C","BE",793
2023-11-09,"C","BE",893
2023-11-10,"C","BE",816
2023-11-11,"C","BE",795
2023-11-12,"C","BE",821
2023-11-13,"C","BE",1034
2023-11-14,"C","BE",822
2023-11-15,"C","BE",842
2023-11-16,"C","BE",884
2023-11-17,"C","BE",934
2023-11-18,"C","BE",861
2023-11-19,"C","BE",904
2023-11-20,"C","BE",989
2023-11-21,"C","BE",998
2023-11-22,"C","BE",933
2023-11-23,"C","BE",885
2023-11-24,"C","BE",940
2023-11-25,"C","BE",871
2023-11-26,"C","BE",954
2023-11-27,"C","BE",923
2023-11-28,"C","BE",909
2023-11-29,"C","BE",801
2023-11-30,"C","BE",846
2023-12-01,"C","BE",864
2023-12-02,"C","BE",959
2023-12-03,"C","BE",887
2023-12-04,"C","BE",874
2023-12-05,"C","BE",900
2023-12-06,"C","BE",874
2023-12-07,"C","BE",924
2023-12-08,"C","BE",892
2023-12-09,"C","BE",957
2023-12-10,"C","BE",927
2023-12-11,"C","BE",963
2023-12-12,"C","BE",919
2023-12-13,"C","BE",967
2023-12-14,"C","BE",992
2023-12-15,"C","BE",946
2023-12-16,"C","BE",965
2023-12-17,"C","BE",898
2023-12-18,"C","BE",886
2023-12-19,"C","BE",887
2023-12-20,"C","BE",890
2023-12-21,"C","BE",883
2023-12-22,"C","BE",955
2023-12-23,"C","BE",825
2023-12-24,"C","BE",983
2023-12-25,"C","BE",1085
2023-12-26,"C","BE",928
2023-12-27,"C","BE",947
2023-12-28,"C","BE",891
2023-12-29,"C","BE",938
2023-12-30,"C","BE",930
2021-01-02,"D","BE",1396
2021-01-03,"D","BE",1401
2021-01-04,"D","BE",1385
2021-01-05,"D","BE",1408
2021-01-06,"D","BE",1397
2021-01-07,"D","BE",1394
2021-01-08,"D","BE",1422
2021-01-09,"D","BE",1418
2021-01-10,"D","BE",1395
2021-01-11,"D","BE",1408
2021-01-12,"D","BE",1396
2021-01-13,"D","BE",1390
2021-01-14,"D","BE",1385
2021-01-15,"D","BE",1363
2021-01-16,"D","BE",1384
2021-01-17,"D","BE",1402
2021-01-18,"D","BE",1377
2021-01-19,"D","BE",1365
2021-01-20,"D","BE",1394
2021-01-21,"D","BE",1388
2021-01-22,"D","BE",1366
2021-01-23,"D","BE",1398
2021-01-24,"D","BE",1369
2021-01-25,"D","BE",1373
2021-01-26,"D","BE",1341
2021-01-27,"D","BE",1358
2021-01-28,"D","BE",1381
2021-01-29,"D","BE",1368
2021-01-30,"D","BE",1346
2021-01-31,"D","BE",1366
2021-02-01,"D","BE",1359
2021-02-02,"D","BE",1355
2021-02-03,"D","BE",1332
2021-02-04,"D","BE",1347
2021-02-05,"D","BE",1339
2021-02-06,"D","BE",1326
2021-02-07,"D","BE",1314
2021-02-08,"D","BE",1309
2021-02-09,"D","BE",1329
2021-02-10,"D","BE",1321
2021-02-11,"D","BE",1343
2021-02-12,"D","BE",1352
2021-02-13,"D","BE",1363
2021-02-14,"D","BE",1355
2021-02-15,"D","BE",1355
2021-02-16,"D","BE",1350
2021-02-17,"D","BE",1362
2021-02-18,"D","BE",1363
2021-02-19,"D","BE",1360
2021-02-20,"D","BE",1317
2021-02-21,"D","BE",1352
2021-02-22,"D","BE",1349
2021-02-23,"D","BE",1359
2021-02-24,"D","BE",1344
2021-02-25,"D","BE",1334
2021-02-26,"D","BE",1345
2021-02-27,"D","BE",1339
2021-02-28,"D","BE",1346
2021-03-01,"D","BE",1367
2021-03-02,"D","BE",1332
2021-03-03,"D","BE",1361
2021-03-04,"D","BE",1306
2021-03-05,"D","BE",1319
2021-03-06,"D","BE",1323
2021-03-07,"D","BE",1348
2021-03-08,"D","BE",1320
2021-03-09,"D","BE",1316
2021-03-10,"D","BE",1273
2021-03-11,"D","BE",1252
2021-03-12,"D","BE",1294
2021-03-13,"D","BE",1290
2021-03-14,"D","BE",1263
2021-03-15,"D","BE",1274
2021-03-16,"D","BE",1278
2021-03-17,"D","BE",1320
2021-03-18,"D","BE",1273
2021-03-19,"D","BE",1246
2021-03-20,"D","BE",1240
2021-03-21,"D","BE",1282
2021-03-22,"D","BE",1268
2021-03-23,"D","BE",1245
2021-03-24,"D","BE",1236
2021-03-25,"D","BE",1223
2021-03-26,"D","BE",1211
2021-03-27,"D","BE",1214
2021-03-28,"D","BE",1226
2021-03-29,"D","BE",1233
2021-03-30,"D","BE",1241
2021-03-31,"D","BE",1242
2021-04-01,"D","BE",1239
2021-04-02,"D","BE",1221
2021-04-03,"D","BE",1224
2021-04-04,"D","BE",1228
2021-04-05,"D","BE",1192
2021-04-06,"D","BE",1200
2021-04-07,"D","BE",1198
2021-04-08,"D","BE",1170
2021-04-09,"D","BE",1160
2021-04-10,"D","BE",1130
2021-04-11,"D","BE",1136
2021-04-12,"D","BE",1122
2021-04-13,"D","BE",1135
2021-04-14,"D","BE",1105
2021-04-15,"D","BE",1139
2021-04-16,"D","BE",1118
2021-04-17,"D","BE",1115
2021-04-18,"D","BE",1131
2021-04-19,"D","BE",1126
2021-04-20,"D","BE",1163
2021-04-21,"D","BE",1152
2021-04-22,"D","BE",1171
2021-04-23,"D","BE",1155
2021-04-24,"D","BE",1154
2021-04-25,"D","BE",1152
2021-04-26,"D","BE",1119
2021-04-27,"D","BE",1128
2021-04-28,"D","BE",1145
2021-04-29,"D","BE",1149
2021-04-30,"D","BE",1129
2021-05-01,"D","BE",1132
2021-05-02,"D","BE",1134
2021-05-03,"D","BE",1125
2021-05-04,"D","BE",1114
2021-05-05,"D","BE",1133
2021-05-06,"D","BE",1131
2021-05-07,"D","BE",1158
2021-05-08,"D","BE",1137
2021-05-09,"D","BE",1141
2021-05-10,"D","BE",1165
2021-05-11,"D","BE",1121
2021-05-12,"D","BE",1160
2021-05-13,"D","BE",1186
2021-05-14,"D","BE",1180
2021-05-15,"D","BE",1153
2021-05-16,"D","BE",1188
2021-05-17,"D","BE",1173
2021-05-18,"D","BE",1172
2021-05-19,"D","BE",1200
2021-05-20,"D","BE",1195
2021-05-21,"D","BE",1203
2021-05-22,"D","BE",1224
2021-05-23,"D","BE",1177
2021-05-24,"D","BE",1190
2021-05-25,"D","BE",1190
2021-05-26,"D","BE",1207
2021-05-27,"D","BE",1200
2021-05-28,"D","BE",1174
2021-05-29,"D","BE",1172
2021-05-30,"D","BE",1187
2021-05-31,"D","BE",1181
2021-06-01,"D","BE",1171
2021-06-02,"D","BE",1160
2021-06-03,"D","BE",1158
2021-06-04,"D","BE",1169
2021-06-05,"D","BE",1140
2021-06-06,"D","BE",1164
2021-06-07,"D","BE",1174
2021-06-08,"D","BE",1186
2021-06-09,"D","BE",1166
2021-06-10,"D","BE",1182
2021-06-11,"D","BE",1170
2021-06-12,"D","BE",1165
2021-06-13,"D","BE",1144
2021-06-14,"D","BE",1163
2021-06-15,"D","BE",1170
2021-06-16,"D","BE",1150
2021-06-17,"D","BE",1186
2021-06-18,"D","BE",1157
2021-06-19,"D","BE",1180
2021-06-20,"D","BE",1142
2021-06-21,"D","BE",1156
2021-06-22,"D","BE",1196
2021-06-23,"D","BE",1147
2021-06-24,"D","BE",1206
2021-06-25,"D","BE",1181
2021-06-26,"D","BE",1183
2021-06-27,"D","BE",1188
2021-06-28,"D","BE",1193
2021-06-29,"D","BE",1200
2021-06-30,"D","BE",1187
2021-07-01,"D","BE",1177
2021-07-02,"D","BE",1178
2021-07-03,"D","BE",1179
2021-07-04,"D","BE",1144
2021-07-05,"D","BE",1193
2021-07-06,"D","BE",1189
2021-07-07,"D","BE",1170
2021-07-08,"D","BE",1189
2021-07-09,"D","BE",1130
2021-07-10,"D","BE",1143
2021-07-11,"D","BE",1165
2021-07-12,"D","BE",1144
2021-07-13,"D","BE",1132
2021-07-14,"D","BE",1155
2021-07-15,"D","BE",1178
2021-07-16,"D","BE",1163
2021-07-17,"D","BE",1124
2021-07-18,"D","BE",1119
2021-07-19,"D","BE",1166
2021-07-20,"D","BE",1142
2021-07-21,"D","BE",1148
2021-07-22,"D","BE",1130
2021-07-23,"D","BE",1124
2021-07-24,"D","BE",1137
2021-07-25,"D","BE",1156
2021-07-26,"D","BE",1126
2021-07-27,"D","BE",1099
2021-07-28,"D","BE",1128
2021-07-29,"D","BE",1114
2021-07-30,"D","BE",1118
2021-07-31,"D","BE",1127
2021-08-01,"D","BE",1127
2021-08-02,"D","BE",1105
2021-08-03,"D","BE",1124
2021-08-04,"D","BE",1145
2021-08-05,"D","BE",1136
2021-08-06,"D","BE",1156
2021-08-07,"D","BE",1133
2021-08-08,"D","BE",1135
2021-08-09,"D","BE",1124
2021-08-10,"D","BE",1098
2021-08-11,"D","BE",1077
2021-08-12,"D","BE",1107
2021-08-13,"D","BE",1076
2021-08-14,"D","BE",1077
2021-08-15,"D","BE",1082
2021-08-16,"D","BE",1078
2021-08-17,"D","BE",1063
2021-08-18,"D","BE",1064
2021-08-19,"D","BE",1059
2021-08-20,"D","BE",1087
2021-08-21,"D","BE",1076
2021-08-22,"D","BE",1094
2021-08-23,"D","BE",1137
2021-08-24,"D","BE",1135
2021-08-25,"D","BE",1131
2021-08-26,"D","BE",1149
2021-08-27,"D","BE",1158
2021-08-28,"D","BE",1133
2021-08-29,"D","BE",1143
2021-08-30,"D","BE",1145
2021-08-31,"D","BE",1128
2021-09-01,"D","BE",1143
2021-09-02,"D","BE",1175
2021-09-03,"D","BE",1154
2021-09-04,"D","BE",1138
2021-09-05,"D","BE",1158
2021-09-06,"D","BE",1203
2021-09-07,"D","BE",1147
2021-09-08,"D","BE",1164
2021-09-09,"D","BE",1173
2021-09-10,"D","BE",1161
2021-09-11,"D","BE",1173
2021-09-12,"D","BE",1194
2021-09-13,"D","BE",1208
2021-09-14,"D","BE",1210
2021-09-15,"D","BE",1215
2021-09-16,"D","BE",1232
2021-09-17,"D","BE",1209
2021-09-18,"D","BE",1198
2021-09-19,"D","BE",1180
2021-09-20,"D","BE",1184
2021-09-21,"D","BE",1163
2021-09-22,"D","BE",1193
2021-09-23,"D","BE",1205
2021-09-24,"D","BE",1165
2021-09-25,"D","BE",1179
2021-09-26,"D","BE",1154
2021-09-27,"D","BE",1201
2021-09-28,"D","BE",1204
2021-09-29,"D","BE",1179
2021-09-30,"D","BE",1255
2021-10-01,"D","BE",1256
2021-10-02,"D","BE",1253
2021-10-03,"D","BE",1274
2021-10-04,"D","BE",1283
2021-10-05,"D","BE",1248
2021-10-06,"D","BE",1248
2021-10-07,"D","BE",1288
2021-10-08,"D","BE",1255
2021-10-09,"D","BE",1248
2021-10-10,"D","BE",1236
2021-10-11,"D","BE",1236
2021-10-12,"D","BE",1201
2021-10-13,"D","BE",1219
2021-10-14,"D","BE",1222
2021-10-15,"D","BE",1249
2021-10-16,"D","BE",1212
2021-10-17,"D","BE",1234
2021-10-18,"D","BE",1237
2021-10-19,"D","BE",1230
2021-10-20,"D","BE",1228
2021-10-21,"D","BE",1246
2021-10-22,"D","BE",1256
2021-10-23,"D","BE",1256
2021-10-24,"D","BE",1229
2021-10-25,"D","BE",1220
2021-10-26,"D","BE",1234
2021-10-27,"D","BE",1235
2021-10-28,"D","BE",1205
2021-10-29,"D","BE",1181
2021-10-30,"D","BE",1202
2021-10-31,"D","BE",1203
2021-11-01,"D","BE",1221
2021-11-02,"D","BE",1224
2021-11-03,"D","BE",1240
2021-11-04,"D","BE",1244
2021-11-05,"D","BE",1265
2021-11-06,"D","BE",1250
2021-11-07,"D","BE",1253
2021-11-08,"D","BE",1244
2021-11-09,"D","BE",1219
2021-11-10,"D","BE",1236
2021-11-11,"D","BE",1230
2021-11-12,"D","BE",1248
2021-11-13,"D","BE",1267
2021-11-14,"D","BE",1250
2021-11-15,"D","BE",1243
2021-11-16,"D","BE",1248
2021-11-17,"D","BE",1281
2021-11-18,"D","BE",1263
2021-11-19,"D","BE",1238
2021-11-20,"D","BE",1292
2021-11-21,"D","BE",1299
2021-11-22,"D","BE",1273
2021-11-23,"D","BE",1232
2021-11-24,"D","BE",1281
2021-11-25,"D","BE",1265
2021-11-26,"D","BE",1252
2021-11-27,"D","BE",1239
2021-11-28,"D","BE",1253
2021-11-29,"D","BE",1258
2021-11-30,"D","BE",1219
2021-12-01,"D","BE",1270
2021-12-02,"D","BE",1254
2021-12-03,"D","BE",1258
2021-12-04,"D","BE",1241
2021-12-05,"D","BE",1269
2021-12-06,"D","BE",1263
2021-12-07,"D","BE",1272
2021-12-08,"D","BE",1255
2021-12-09,"D","BE",1270
2021-12-10,"D","BE",1275
2021-12-11,"D","BE",1266
2021-12-12,"D","BE",1283
2021-12-13,"D","BE",1299
2021-12-14,"D","BE",1281
2021-12-15,"D","BE",1249
2021-12-16,"D","BE",1247
2021-12-17,"D","BE",1285
2021-12-18,"D","BE",1272
2021-12-19,"D","BE",1311
2021-12-20,"D","BE",1302
2021-12-21,"D","BE",1299
2021-12-22,"D","BE",1283
2021-12-23,"D","BE",1293
2021-12-24,"D","BE",1300
2021-12-25,"D","BE",1328
2021-12-26,"D","BE",1299
2021-12-27,"D","BE",1295
2021-12-28,"D","BE",1329
2021-12-29,"D","BE",1285
2021-12-30,"D","BE",1276
2022-01-02,"D","BE",1322
2022-01-03,"D","BE",1299
2022-01-04,"D","BE",1265
2022-01-05,"D","BE",1323
2022-01-06,"D","BE",1331
2022-01-07,"D","BE",1301
2022-01-08,"D","BE",1304
2022-01-09,"D","BE",1335
2022-01-10,"D","BE",1306
2022-01-11,"D","BE",1328
2022-01-12,"D","BE",1298
2022-01-13,"D","BE",1274
2022-01-14,"D","BE",1277
2022-01-15,"D","BE",1245
2022-01-16,"D","BE",1282
2022-01-17,"D","BE",1330
2022-01-18,"D","BE",1315
2022-01-19,"D","BE",1275
2022-01-20,"D","BE",1302
2022-01-21,"D","BE",1303
2022-01-22,"D","BE",1271
2022-01-23,"D","BE",1277
2022-01-24,"D","BE",1262
2022-01-25,"D","BE",1271
2022-01-26,"D","BE",1240
2022-01-27,"D","BE",1267
2022-01-28,"D","BE",1285
2022-01-29,"D","BE",1291
2022-01-30,"D","BE",1284
2022-01-31,"D","BE",1282
2022-02-01,"D","BE",1300
2022-02-02,"D","BE",1292
2022-02-03,"D","BE",1256
2022-02-04,"D","BE",1232
2022-02-05,"D","BE",1251
2022-02-06,"D","BE",1253
2022-02-07,"D","BE",1236
2022-02-08,"D","BE",1247
2022-02-09,"D","BE",1246
2022-02-10,"D","BE",1277
2022-02-11,"D","BE",1270
2022-02-12,"D","BE",1306
2022-02-13,"D","BE",1277
2022-02-14,"D","BE",1259
2022-02-15,"D","BE",1295
2022-02-16,"D","BE",1281
2022-02-17,"D","BE",1287
2022-02-18,"D","BE",1306
2022-02-19,"D","BE",1267
2022-02-20,"D","BE",1285
2022-02-21,"D","BE",1269
2022-02-22,"D","BE",1244
2022-02-23,"D","BE",1295
2022-02-24,"D","BE",1270
2022-02-25,"D","BE",1253
2022-02-26,"D","BE",1289
2022-02-27,"D","BE",1289
2022-02-28,"D","BE",1263
2022-03-01,"D","BE",1267
2022-03-02,"D","BE",1257
2022-03-03,"D","BE",1269
2022-03-04,"D","BE",1275
2022-03-05,"D","BE",1243
2022-03-06,"D","BE",1280
2022-03-07,"D","BE",1240
2022-03-08,"D","BE",1248
2022-03-09,"D","BE",1253
2022-03-10,"D","BE",1220
2022-03-11,"D","BE",1237
2022-03-12,"D","BE",1230
2022-03-13,"D","BE",1226
2022-03-14,"D","BE",1214
2022-03-15,"D","BE",1214
2022-03-16,"D","BE",1242
2022-03-17,"D","BE",1207
2022-03-18,"D","BE",1216
2022-03-19,"D","BE",1181
2022-03-20,"D","BE",1211
2022-03-21,"D","BE",1178
2022-03-22,"D","BE",1193
2022-03-23,"D","BE",1205
2022-03-24,"D","BE",1173
2022-03-25,"D","BE",1205
2022-03-26,"D","BE",1143
2022-03-27,"D","BE",1171
2022-03-28,"D","BE",1119
2022-03-29,"D","BE",1166
2022-03-30,"D","BE",1185
2022-03-31,"D","BE",1168
2022-04-01,"D","BE",1182
2022-04-02,"D","BE",1161
2022-04-03,"D","BE",1163
2022-04-04,"D","BE",1182
2022-04-05,"D","BE",1180
2022-04-06,"D","BE",1165
2022-04-07,"D","BE",1109
2022-04-08,"D","BE",1085
2022-04-09,"D","BE",1121
2022-04-10,"D","BE",1102
2022-04-11,"D","BE",1066
2022-04-12,"D","BE",1113
2022-04-13,"D","BE",1079
2022-04-14,"D","BE",1068
2022-04-15,"D","BE",1079
2022-04-16,"D","BE",1087
2022-04-17,"D","BE",1067
2022-04-18,"D","BE",1095
2022-04-19,"D","BE",1067
2022-04-20,"D","BE",1119
2022-04-21,"D","BE",1127
2022-04-22,"D","BE",1122
2022-04-23,"D","BE",1104
2022-04-24,"D","BE",1131
2022-04-25,"D","BE",1110
2022-04-26,"D","BE",1098
2022-04-27,"D","BE",1081
2022-04-28,"D","BE",1093
2022-04-29,"D","BE",1105
2022-04-30,"D","BE",1068
2022-05-01,"D","BE",1078
2022-05-02,"D","BE",1089
2022-05-03,"D","BE",1096
2022-05-04,"D","BE",1055
2022-05-05,"D","BE",1108
2022-05-06,"D","BE",1112
2022-05-07,"D","BE",1093
2022-05-08,"D","BE",1106
2022-05-09,"D","BE",1103
2022-05-10,"D","BE",1110
2022-05-11,"D","BE",1114
2022-05-12,"D","BE",1126
2022-05-13,"D","BE",1135
2022-05-14,"D","BE",1153
2022-05-15,"D","BE",1171
2022-05-16,"D","BE",1139
2022-05-17,"D","BE",1104
2022-05-18,"D","BE",1134
2022-05-19,"D","BE",1141
2022-05-20,"D","BE",1125
2022-05-21,"D","BE",1161
2022-05-22,"D","BE",1181
2022-05-23,"D","BE",1128
2022-05-24,"D","BE",1108
2022-05-25,"D","BE",1156
2022-05-26,"D","BE",1186
2022-05-27,"D","BE",1174
2022-05-28,"D","BE",1141
2022-05-29,"D","BE",1168
2022-05-30,"D","BE",1180
2022-05-31,"D","BE",1154
2022-06-01,"D","BE",1146
2022-06-02,"D","BE",1111
2022-06-03,"D","BE",1121
2022-06-04,"D","BE",1144
2022-06-05,"D","BE",1090
2022-06-06,"D","BE",1186
2022-06-07,"D","BE",1142
2022-06-08,"D","BE",1143
2022-06-09,"D","BE",1143
2022-06-10,"D","BE",1111
2022-06-11,"D","BE",1141
2022-06-12,"D","BE",1092
2022-06-13,"D","BE",1123
2022-06-14,"D","BE",1104
2022-06-15,"D","BE",1126
2022-06-16,"D","BE",1103
2022-06-17,"D","BE",1125
2022-06-18,"D","BE",1124
2022-06-19,"D","BE",1132
2022-06-20,"D","BE",1127
2022-06-21,"D","BE",1126
2022-06-22,"D","BE",1139
2022-06-23,"D","BE",1166
2022-06-24,"D","BE",1139
2022-06-25,"D","BE",1140
2022-06-26,"D","BE",1129
2022-06-27,"D","BE",1125
2022-06-28,"D","BE",1141
2022-06-29,"D","BE",1201
2022-06-30,"D","BE",1153
2022-07-01,"D","BE",1152
2022-07-02,"D","BE",1162
2022-07-03,"D","BE",1159
2022-07-04,"D","BE",1135
2022-07-05,"D","BE",1140
2022-07-06,"D","BE",1168
2022-07-07,"D","BE",1139
2022-07-08,"D","BE",1139
2022-07-09,"D","BE",1133
2022-07-10,"D","BE",1089
2022-07-11,"D","BE",1103
2022-07-12,"D","BE",1124
2022-07-13,"D","BE",1128
2022-07-14,"D","BE",1128
2022-07-15,"D","BE",1166
2022-07-16,"D","BE",1116
2022-07-17,"D","BE",1081
2022-07-18,"D","BE",1111
2022-07-19,"D","BE",1118
2022-07-20,"D","BE",1134
2022-07-21,"D","BE",1125
2022-07-22,"D","BE",1106
2022-07-23,"D","BE",1108
2022-07-24,"D","BE",1130
2022-07-25,"D","BE",1100
2022-07-26,"D","BE",1108
2022-07-27,"D","BE",1074
2022-07-28,"D","BE",1080
2022-07-29,"D","BE",1099
2022-07-30,"D","BE",1060
2022-07-31,"D","BE",1092
2022-08-01,"D","BE",1099
2022-08-02,"D","BE",1110
2022-08-03,"D","BE",1140
2022-08-04,"D","BE",1111
2022-08-05,"D","BE",1120
2022-08-06,"D","BE",1126
2022-08-07,"D","BE",1116
2022-08-08,"D","BE",1111
2022-08-09,"D","BE",1111
2022-08-10,"D","BE",1105
2022-08-11,"D","BE",1054
2022-08-12,"D","BE",1069
2022-08-13,"D","BE",1070
2022-08-14,"D","BE",1076
2022-08-15,"D","BE",1057
2022-08-16,"D","BE",1043
2022-08-17,"D","BE",1060
2022-08-18,"D","BE",1072
2022-08-19,"D","BE",1061
2022-08-20,"D","BE",1073
2022-08-21,"D","BE",1055
2022-08-22,"D","BE",1058
2022-08-23,"D","BE",1102
2022-08-24,"D","BE",1141
2022-08-25,"D","BE",1133
2022-08-26,"D","BE",1109
2022-08-27,"D","BE",1107
2022-08-28,"D","BE",1131
2022-08-29,"D","BE",1114
2022-08-30,"D","BE",1137
2022-08-31,"D","BE",1074
2022-09-01,"D","BE",1112
2022-09-02,"D","BE",1139
2022-09-03,"D","BE",1125
2022-09-04,"D","BE",1088
2022-09-05,"D","BE",1123
2022-09-06,"D","BE",1126
2022-09-07,"D","BE",1141
2022-09-08,"D","BE",1137
2022-09-09,"D","BE",1130
2022-09-10,"D","BE",1142
2022-09-11,"D","BE",1119
2022-09-12,"D","BE",1162
2022-09-13,"D","BE",1187
2022-09-14,"D","BE",1190
2022-09-15,"D","BE",1228
2022-09-16,"D","BE",1191
2022-09-17,"D","BE",1164
2022-09-18,"D","BE",1147
2022-09-19,"D","BE",1160
2022-09-20,"D","BE",1176
2022-09-21,"D","BE",1176
2022-09-22,"D","BE",1164
2022-09-23,"D","BE",1178
2022-09-24,"D","BE",1171
2022-09-25,"D","BE",1154
2022-09-26,"D","BE",1148
2022-09-27,"D","BE",1208
2022-09-28,"D","BE",1169
2022-09-29,"D","BE",1195
2022-09-30,"D","BE",1174
2022-10-01,"D","BE",1233
2022-10-02,"D","BE",1242
2022-10-03,"D","BE",1249
2022-10-04,"D","BE",1287
2022-10-05,"D","BE",1239
2022-10-06,"D","BE",1221
2022-10-07,"D","BE",1251
2022-10-08,"D","BE",1251
2022-10-09,"D","BE",1243
2022-10-10,"D","BE",1222
2022-10-11,"D","BE",1213
2022-10-12,"D","BE",1235
2022-10-13,"D","BE",1231
2022-10-14,"D","BE",1232
2022-10-15,"D","BE",1195
2022-10-16,"D","BE",1203
2022-10-17,"D","BE",1215
2022-10-18,"D","BE",1208
2022-10-19,"D","BE",1202
2022-10-20,"D","BE",1219
2022-10-21,"D","BE",1261
2022-10-22,"D","BE",1250
2022-10-23,"D","BE",1251
2022-10-24,"D","BE",1237
2022-10-25,"D","BE",1251
2022-10-26,"D","BE",1239
2022-10-27,"D","BE",1241
2022-10-28,"D","BE",1229
2022-10-29,"D","BE",1200
2022-10-30,"D","BE",1206
2022-10-31,"D","BE",1199
2022-11-01,"D","BE",1249
2022-11-02,"D","BE",1224
2022-11-03,"D","BE",1230
2022-11-04,"D","BE",1228
2022-11-05,"D","BE",1253
2022-11-06,"D","BE",1229
2022-11-07,"D","BE",1262
2022-11-08,"D","BE",1231
2022-11-09,"D","BE",1223
2022-11-10,"D","BE",1233
2022-11-11,"D","BE",1235
2022-11-12,"D","BE",1246
2022-11-13,"D","BE",1265
2022-11-14,"D","BE",1272
2022-11-15,"D","BE",1226
2022-11-16,"D","BE",1235
2022-11-17,"D","BE",1314
2022-11-18,"D","BE",1270
2022-11-19,"D","BE",1266
2022-11-20,"D","BE",1297
2022-11-21,"D","BE",1310
2022-11-22,"D","BE",1313
2022-11-23,"D","BE",1281
2022-11-24,"D","BE",1279
2022-11-25,"D","BE",1270
2022-11-26,"D","BE",1272
2022-11-27,"D","BE",1301
2022-11-28,"D","BE",1297
2022-11-29,"D","BE",1274
2022-11-30,"D","BE",1256
2022-12-01,"D","BE",1260
2022-12-02,"D","BE",1271
2022-12-03,"D","BE",1266
2022-12-04,"D","BE",1288
2022-12-05,"D","BE",1267
2022-12-06,"D","BE",1284
2022-12-07,"D","BE",1283
2022-12-08,"D","BE",1274
2022-12-09,"D","BE",1278
2022-12-10,"D","BE",1303
2022-12-11,"D","BE",1268
2022-12-12,"D","BE",1268
2022-12-13,"D","BE",1262
2022-12-14,"D","BE",1290
2022-12-15,"D","BE",1273
2022-12-16,"D","BE",1292
2022-12-17,"D","BE",1279
2022-12-18,"D","BE",1297
2022-12-19,"D","BE",1278
2022-12-20,"D","BE",1304
2022-12-21,"D","BE",1294
2022-12-22,"D","BE",1285
2022-12-23,"D","BE",1268
2022-12-24,"D","BE",1278
2022-12-25,"D","BE",1300
2022-12-26,"D","BE",1272
2022-12-27,"D","BE",1301
2022-12-28,"D","BE",1287
2022-12-29,"D","BE",1319
2022-12-30,"D","BE",1276
2023-01-02,"D","BE",1283
2023-01-03,"D","BE",1302
2023-01-04,"D","BE",1282
2023-01-05,"D","BE",1331
2023-01-06,"D","BE",1303
2023-01-07,"D","BE",1280
2023-01-08,"D","BE",1320
2023-01-09,"D","BE",1313
2023-01-10,"D","BE",1262
2023-01-11,"D","BE",1305
2023-01-12,"D","BE",1259
2023-01-13,"D","BE",1284
2023-01-14,"D","BE",1281
2023-01-15,"D","BE",1266
2023-01-16,"D","BE",1280
2023-01-17,"D","BE",1286
2023-01-18,"D","BE",1315
2023-01-19,"D","BE",1245
2023-01-20,"D","BE",1240
2023-01-21,"D","BE",1282
2023-01-22,"D","BE",1239
2023-01-23,"D","BE",1269
2023-01-24,"D","BE",1270
2023-01-25,"D","BE",1231
2023-01-26,"D","BE",1232
2023-01-27,"D","BE",1245
2023-01-28,"D","BE",1322
2023-01-29,"D","BE",1255
2023-01-30,"D","BE",1271
2023-01-31,"D","BE",1231
2023-02-01,"D","BE",1289
2023-02-02,"D","BE",1253
2023-02-03,"D","BE",1238
2023-02-04,"D","BE",1223
2023-02-05,"D","BE",1215
2023-02-06,"D","BE",1260
2023-02-07,"D","BE",1213
2023-02-08,"D","BE",1228
2023-02-09,"D","BE",1258
2023-02-10,"D","BE",1236
2023-02-11,"D","BE",1247
2023-02-12,"D","BE",1276
2023-02-13,"D","BE",1263
2023-02-14,"D","BE",1262
2023-02-15,"D","BE",1276
2023-02-16,"D","BE",1295
2023-02-17,"D","BE",1263
2023-02-18,"D","BE",1273
2023-02-19,"D","BE",1295
2023-02-20,"D","BE",1247
2023-02-21,"D","BE",1234
2023-02-22,"D","BE",1234
2023-02-23,"D","BE",1266
2023-02-24,"D","BE",1270
2023-02-25,"D","BE",1272
2023-02-26,"D","BE",1277
2023-02-27,"D","BE",1255
2023-02-28,"D","BE",1261
2023-03-01,"D","BE",1259
2023-03-02,"D","BE",1241
2023-03-03,"D","BE",1272
2023-03-04,"D","BE",1258
2023-03-05,"D","BE",1228
2023-03-06,"D","BE",1266
2023-03-07,"D","BE",1210
2023-03-08,"D","BE",1212
2023-03-09,"D","BE",1219
2023-03-10,"D","BE",1213
2023-03-11,"D","BE",1223
2023-03-12,"D","BE",1204
2023-03-13,"D","BE",1201
2023-03-14,"D","BE",1170
2023-03-15,"D","BE",1210
2023-03-16,"D","BE",1212
2023-03-17,"D","BE",1222
2023-03-18,"D","BE",1199
2023-03-19,"D","BE",1170
2023-03-20,"D","BE",1194
2023-03-21,"D","BE",1183
2023-03-22,"D","BE",1164
2023-03-23,"D","BE",1174
2023-03-24,"D","BE",1163
2023-03-25,"D","BE",1179
2023-03-26,"D","BE",1117
2023-03-27,"D","BE",1137
2023-03-28,"D","BE",1152
2023-03-29,"D","BE",1158
2023-03-30,"D","BE",1142
2023-03-31,"D","BE",1132
2023-04-01,"D","BE",1182
2023-04-02,"D","BE",1149
2023-04-03,"D","BE",1160
2023-04-04,"D","BE",1182
2023-04-05,"D","BE",1171
2023-04-06,"D","BE",1102
2023-04-07,"D","BE",1125
2023-04-08,"D","BE",1081
2023-04-09,"D","BE",1097
2023-04-10,"D","BE",1083
2023-04-11,"D","BE",1078
2023-04-12,"D","BE",1061
2023-04-13,"D","BE",1090
2023-04-14,"D","BE",1067
2023-04-15,"D","BE",1068
2023-04-16,"D","BE",1029
2023-04-17,"D","BE",1102
2023-04-18,"D","BE",1114
2023-04-19,"D","BE",1067
2023-04-20,"D","BE",1117
2023-04-21,"D","BE",1115
2023-04-22,"D","BE",1108
2023-04-23,"D","BE",1114
2023-04-24,"D","BE",1091
2023-04-25,"D","BE",1107
2023-04-26,"D","BE",1102
2023-04-27,"D","BE",1071
2023-04-28,"D","BE",1103
2023-04-29,"D","BE",1096
2023-04-30,"D","BE",1079
2023-05-01,"D","BE",1078
2023-05-02,"D","BE",1070
2023-05-03,"D","BE",1109
2023-05-04,"D","BE",1069
2023-05-05,"D","BE",1101
2023-05-06,"D","BE",1107
2023-05-07,"D","BE",1111
2023-05-08,"D","BE",1098
2023-05-09,"D","BE",1122
2023-05-10,"D","BE",1099
2023-05-11,"D","BE",1095
2023-05-12,"D","BE",1140
2023-05-13,"D","BE",1164
2023-05-14,"D","BE",1165
2023-05-15,"D","BE",1143
2023-05-16,"D","BE",1118
2023-05-17,"D","BE",1130
2023-05-18,"D","BE",1140
2023-05-19,"D","BE",1164
2023-05-20,"D","BE",1184
2023-05-21,"D","BE",1166
2023-05-22,"D","BE",1152
2023-05-23,"D","BE",1166
2023-05-24,"D","BE",1124
2023-05-25,"D","BE",1180
2023-05-26,"D","BE",1204
2023-05-27,"D","BE",1177
2023-05-28,"D","BE",1151
2023-05-29,"D","BE",1143
2023-05-30,"D","BE",1158
2023-05-31,"D","BE",1149
2023-06-01,"D","BE",1190
2023-06-02,"D","BE",1131
2023-06-03,"D","BE",1154
2023-06-04,"D","BE",1150
2023-06-05,"D","BE",1123
2023-06-06,"D","BE",1183
2023-06-07,"D","BE",1146
2023-06-08,"D","BE",1126
2023-06-09,"D","BE",1170
2023-06-10,"D","BE",1158
2023-06-11,"D","BE",1139
2023-06-12,"D","BE",1060
2023-06-13,"D","BE",1108
2023-06-14,"D","BE",1101
2023-06-15,"D","BE",1114
2023-06-16,"D","BE",1109
2023-06-17,"D","BE",1143
2023-06-18,"D","BE",1104
2023-06-19,"D","BE",1157
2023-06-20,"D","BE",1146
2023-06-21,"D","BE",1146
2023-06-22,"D","BE",1156
2023-06-23,"D","BE",1175
2023-06-24,"D","BE",1161
2023-06-25,"D","BE",1154
2023-06-26,"D","BE",1177
2023-06-27,"D","BE",1154
2023-06-28,"D","BE",1214
2023-06-29,"D","BE",1234
2023-06-30,"D","BE",1168
2023-07-01,"D","BE",1208
2023-07-02,"D","BE",1142
2023-07-03,"D","BE",1193
2023-07-04,"D","BE",1174
2023-07-05,"D","BE",1184
2023-07-06,"D","BE",1206
2023-07-07,"D","BE",1170
2023-07-08,"D","BE",1175
2023-07-09,"D","BE",1138
2023-07-10,"D","BE",1148
2023-07-11,"D","BE",1149
2023-07-12,"D","BE",1139
2023-07-13,"D","BE",1178
2023-07-14,"D","BE",1148
2023-07-15,"D","BE",1159
2023-07-16,"D","BE",1127
2023-07-17,"D","BE",1141
2023-07-18,"D","BE",1129
2023-07-19,"D","BE",1123
2023-07-20,"D","BE",1161
2023-07-21,"D","BE",1161
2023-07-22,"D","BE",1134
2023-07-23,"D","BE",1139
2023-07-24,"D","BE",1146
2023-07-25,"D","BE",1147
2023-07-26,"D","BE",1135
2023-07-27,"D","BE",1117
2023-07-28,"D","BE",1077
2023-07-29,"D","BE",1131
2023-07-30,"D","BE",1100
2023-07-31,"D","BE",1152
2023-08-01,"D","BE",1126
2023-08-02,"D","BE",1154
2023-08-03,"D","BE",1155
2023-08-04,"D","BE",1146
2023-08-05,"D","BE",1154
2023-08-06,"D","BE",1178
2023-08-07,"D","BE",1128
2023-08-08,"D","BE",1124
2023-08-09,"D","BE",1102
2023-08-10,"D","BE",1098
2023-08-11,"D","BE",1085
2023-08-12,"D","BE",1084
2023-08-13,"D","BE",1104
2023-08-14,"D","BE",1101
2023-08-15,"D","BE",1101
2023-08-16,"D","BE",1046
2023-08-17,"D","BE",1110
2023-08-18,"D","BE",1084
2023-08-19,"D","BE",1056
2023-08-20,"D","BE",1079
2023-08-21,"D","BE",1076
2023-08-22,"D","BE",1107
2023-08-23,"D","BE",1169
2023-08-24,"D","BE",1188
2023-08-25,"D","BE",1188
2023-08-26,"D","BE",1160
2023-08-27,"D","BE",1121
2023-08-28,"D","BE",1166
2023-08-29,"D","BE",1154
2023-08-30,"D","BE",1194
2023-08-31,"D","BE",1137
2023-09-01,"D","BE",1137
2023-09-02,"D","BE",1179
2023-09-03,"D","BE",1154
2023-09-04,"D","BE",1137
2023-09-05,"D","BE",1153
2023-09-06,"D","BE",1170
2023-09-07,"D","BE",1205
2023-09-08,"D","BE",1166
2023-09-09,"D","BE",1193
2023-09-10,"D","BE",1207
2023-09-11,"D","BE",1210
2023-09-12,"D","BE",1206
2023-09-13,"D","BE",1213
2023-09-14,"D","BE",1223
2023-09-15,"D","BE",1267
2023-09-16,"D","BE",1234
2023-09-17,"D","BE",1246
2023-09-18,"D","BE",1213
2023-09-19,"D","BE",1222
2023-09-20,"D","BE",1257
2023-09-21,"D","BE",1238
2023-09-22,"D","BE",1235
2023-09-23,"D","BE",1208
2023-09-24,"D","BE",1202
2023-09-25,"D","BE",1242
2023-09-26,"D","BE",1226
2023-09-27,"D","BE",1271
2023-09-28,"D","BE",1234
2023-09-29,"D","BE",1284
2023-09-30,"D","BE",1272
2023-10-01,"D","BE",1256
2023-10-02,"D","BE",1320
2023-10-03,"D","BE",1309
2023-10-04,"D","BE",1345
2023-10-05,"D","BE",1299
2023-10-06,"D","BE",1300
2023-10-07,"D","BE",1307
2023-10-08,"D","BE",1333
2023-10-09,"D","BE",1318
2023-10-10,"D","BE",1284
2023-10-11,"D","BE",1286
2023-10-12,"D","BE",1296
2023-10-13,"D","BE",1295
2023-10-14,"D","BE",1292
2023-10-15,"D","BE",1302
2023-10-16,"D","BE",1274
2023-10-17,"D","BE",1333
2023-10-18,"D","BE",1272
2023-10-19,"D","BE",1340
2023-10-20,"D","BE",1330
2023-10-21,"D","BE",1337
2023-10-22,"D","BE",1320
2023-10-23,"D","BE",1372
2023-10-24,"D","BE",1318
2023-10-25,"D","BE",1322
2023-10-26,"D","BE",1288
2023-10-27,"D","BE",1348
2023-10-28,"D","BE",1329
2023-10-29,"D","BE",1315
2023-10-30,"D","BE",1310
2023-10-31,"D","BE",1296
2023-11-01,"D","BE",1344
2023-11-02,"D","BE",1316
2023-11-03,"D","BE",1345
2023-11-04,"D","BE",1339
2023-11-05,"D","BE",1346
2023-11-06,"D","BE",1308
2023-11-07,"D","BE",1360
2023-11-08,"D","BE",1348
2023-11-09,"D","BE",1357
2023-11-10,"D","BE",1325
2023-11-11,"D","BE",1321
2023-11-12,"D","BE",1348
2023-11-13,"D","BE",1339
2023-11-14,"D","BE",1351
2023-11-15,"D","BE",1376
2023-11-16,"D","BE",1335
2023-11-17,"D","BE",1367
2023-11-18,"D","BE",1345
2023-11-19,"D","BE",1349
2023-11-20,"D","BE",1386
2023-11-21,"D","BE",1388
2023-11-22,"D","BE",1424
2023-11-23,"D","BE",1375
2023-11-24,"D","BE",1418
2023-11-25,"D","BE",1364
2023-11-26,"D","BE",1355
2023-11-27,"D","BE",1361
2023-11-28,"D","BE",1363
2023-11-29,"D","BE",1388
2023-11-30,"D","BE",1352
2023-12-01,"D","BE",1384
2023-12-02,"D","BE",1355
2023-12-03,"D","BE",1363
2023-12-04,"D","BE",1400
2023-12-05,"D","BE",1392
2023-12-06,"D","BE",1415
2023-12-07,"D","BE",1408
2023-12-08,"D","BE",1368
2023-12-09,"D","BE",1374
2023-12-10,"D","BE",1399
2023-12-11,"D","BE",1371
2023-12-12,"D","BE",1357
2023-12-13,"D","BE",1359
2023-12-14,"D","BE",1431
2023-12-15,"D","BE",1384
2023-12-16,"D","BE",1416
2023-12-17,"D","BE",1362
2023-12-18,"D","BE",1410
2023-12-19,"D","BE",1398
2023-12-20,"D","BE",1414
2023-12-21,"D","BE",1414
2023-12-22,"D","BE",1435
2023-12-23,"D","BE",1398
2023-12-24,"D","BE",1387
2023-12-25,"D","BE",1400
2023-12-26,"D","BE",1422
2023-12-27,"D","BE",1439
2023-12-28,"D","BE",1409
2023-12-29,"D","BE",1404
2023-12-30,"D","BE",1403
2021-01-02,"E","BE",1297
2021-01-03,"E","BE",1337
2021-01-04,"E","BE",1312
2021-01-05,"E","BE",1312
2021-01-06,"E","BE",1335
2021-01-07,"E","BE",1343
2021-01-08,"E","BE",1333
2021-01-09,"E","BE",1314
2021-01-10,"E","BE",1324
2021-01-11,"E","BE",1313
2021-01-12,"E","BE",1346
2021-01-13,"E","BE",1321
2021-01-14,"E","BE",1295
2021-01-15,"E","BE",1305
2021-01-16,"E","BE",1307
2021-01-17,"E","BE",1343
2021-01-18,"E","BE",1302
2021-01-19,"E","BE",1300
2021-01-20,"E","BE",1279
2021-01-21,"E","BE",1345
2021-01-22,"E","BE",1272
2021-01-23,"E","BE",1320
2021-01-24,"E","BE",1321
2021-01-25,"E","BE",1290
2021-01-26,"E","BE",1277
2021-01-27,"E","BE",1308
2021-01-28,"E","BE",1306
2021-01-29,"E","BE",1315
2021-01-30,"E","BE",1278
2021-01-31,"E","BE",1313
2021-02-01,"E","BE",1290
2021-02-02,"E","BE",1282
2021-02-03,"E","BE",1302
2021-02-04,"E","BE",1291
2021-02-05,"E","BE",1278
2021-02-06,"E","BE",1288
2021-02-07,"E","BE",1270
2021-02-08,"E","BE",1286
2021-02-09,"E","BE",1275
2021-02-10,"E","BE",1271
2021-02-11,"E","BE",1296
2021-02-12,"E","BE",1285
2021-02-13,"E","BE",1298
2021-02-14,"E","BE",1302
2021-02-15,"E","BE",1310
2021-02-16,"E","BE",1324
2021-02-17,"E","BE",1298
2021-02-18,"E","BE",1323
2021-02-19,"E","BE",1319
2021-02-20,"E","BE",1256
2021-02-21,"E","BE",1282
2021-02-22,"E","BE",1278
2021-02-23,"E","BE",1335
2021-02-24,"E","BE",1299
2021-02-25,"E","BE",1271
2021-02-26,"E","BE",1288
2021-02-27,"E","BE",1318
2021-02-28,"E","BE",1310
2021-03-01,"E","BE",1332
2021-03-02,"E","BE",1307
2021-03-03,"E","BE",1303
2021-03-04,"E","BE",1288
2021-03-05,"E","BE",1297
2021-03-06,"E","BE",1326
2021-03-07,"E","BE",1310
2021-03-08,"E","BE",1288
2021-03-09,"E","BE",1262
2021-03-10,"E","BE",1236
2021-03-11,"E","BE",1242
2021-03-12,"E","BE",1268
2021-03-13,"E","BE",1234
2021-03-14,"E","BE",1235
2021-03-15,"E","BE",1234
2021-03-16,"E","BE",1202
2021-03-17,"E","BE",1238
2021-03-18,"E","BE",1210
2021-03-19,"E","BE",1206
2021-03-20,"E","BE",1206
2021-03-21,"E","BE",1196
2021-03-22,"E","BE",1200
2021-03-23,"E","BE",1232
2021-03-24,"E","BE",1250
2021-03-25,"E","BE",1225
2021-03-26,"E","BE",1178
2021-03-27,"E","BE",1205
2021-03-28,"E","BE",1194
2021-03-29,"E","BE",1212
2021-03-30,"E","BE",1190
2021-03-31,"E","BE",1197
2021-04-01,"E","BE",1196
2021-04-02,"E","BE",1223
2021-04-03,"E","BE",1190
2021-04-04,"E","BE",1173
2021-04-05,"E","BE",1189
2021-04-06,"E","BE",1175
2021-04-07,"E","BE",1173
2021-04-08,"E","BE",1170
2021-04-09,"E","BE",1143
2021-04-10,"E","BE",1165
2021-04-11,"E","BE",1129
2021-04-12,"E","BE",1126
2021-04-13,"E","BE",1134
2021-04-14,"E","BE",1091
2021-04-15,"E","BE",1132
2021-04-16,"E","BE",1121
2021-04-17,"E","BE",1119
2021-04-18,"E","BE",1123
2021-04-19,"E","BE",1130
2021-04-20,"E","BE",1151
2021-04-21,"E","BE",1167
2021-04-22,"E","BE",1178
2021-04-23,"E","BE",1130
2021-04-24,"E","BE",1149
2021-04-25,"E","BE",1126
2021-04-26,"E","BE",1099
2021-04-27,"E","BE",1164
2021-04-28,"E","BE",1148
2021-04-29,"E","BE",1161
2021-04-30,"E","BE",1155
2021-05-01,"E","BE",1123
2021-05-02,"E","BE",1134
2021-05-03,"E","BE",1144
2021-05-04,"E","BE",1123
2021-05-05,"E","BE",1138
2021-05-06,"E","BE",1129
2021-05-07,"E","BE",1166
2021-05-08,"E","BE",1129
2021-05-09,"E","BE",1145
2021-05-10,"E","BE",1156
2021-05-11,"E","BE",1145
2021-05-12,"E","BE",1158
2021-05-13,"E","BE",1189
2021-05-14,"E","BE",1124
2021-05-15,"E","BE",1145
2021-05-16,"E","BE",1200
2021-05-17,"E","BE",1175
2021-05-18,"E","BE",1164
2021-05-19,"E","BE",1203
2021-05-20,"E","BE",1212
2021-05-21,"E","BE",1221
2021-05-22,"E","BE",1213
2021-05-23,"E","BE",1198
2021-05-24,"E","BE",1207
2021-05-25,"E","BE",1184
2021-05-26,"E","BE",1215
2021-05-27,"E","BE",1247
2021-05-28,"E","BE",1153
2021-05-29,"E","BE",1191
2021-05-30,"E","BE",1196
2021-05-31,"E","BE",1164
2021-06-01,"E","BE",1147
2021-06-02,"E","BE",1161
2021-06-03,"E","BE",1198
2021-06-04,"E","BE",1174
2021-06-05,"E","BE",1171
2021-06-06,"E","BE",1189
2021-06-07,"E","BE",1157
2021-06-08,"E","BE",1155
2021-06-09,"E","BE",1205
2021-06-10,"E","BE",1155
2021-06-11,"E","BE",1166
2021-06-12,"E","BE",1169
2021-06-13,"E","BE",1170
2021-06-14,"E","BE",1164
2021-06-15,"E","BE",1142
2021-06-16,"E","BE",1132
2021-06-17,"E","BE",1141
2021-06-18,"E","BE",1157
2021-06-19,"E","BE",1144
2021-06-20,"E","BE",1157
2021-06-21,"E","BE",1135
2021-06-22,"E","BE",1164
2021-06-23,"E","BE",1152
2021-06-24,"E","BE",1178
2021-06-25,"E","BE",1157
2021-06-26,"E","BE",1138
2021-06-27,"E","BE",1181
2021-06-28,"E","BE",1177
2021-06-29,"E","BE",1218
2021-06-30,"E","BE",1177
2021-07-01,"E","BE",1174
2021-07-02,"E","BE",1177
2021-07-03,"E","BE",1177
2021-07-04,"E","BE",1157
2021-07-05,"E","BE",1144
2021-07-06,"E","BE",1211
2021-07-07,"E","BE",1173
2021-07-08,"E","BE",1151
2021-07-09,"E","BE",1150
2021-07-10,"E","BE",1130
2021-07-11,"E","BE",1154
2021-07-12,"E","BE",1153
2021-07-13,"E","BE",1134
2021-07-14,"E","BE",1144
2021-07-15,"E","BE",1144
2021-07-16,"E","BE",1127
2021-07-17,"E","BE",1114
2021-07-18,"E","BE",1120
2021-07-19,"E","BE",1115
2021-07-20,"E","BE",1146
2021-07-21,"E","BE",1127
2021-07-22,"E","BE",1110
2021-07-23,"E","BE",1121
2021-07-24,"E","BE",1119
2021-07-25,"E","BE",1117
2021-07-26,"E","BE",1152
2021-07-27,"E","BE",1119
2021-07-28,"E","BE",1113
2021-07-29,"E","BE",1139
2021-07-30,"E","BE",1112
2021-07-31,"E","BE",1157
2021-08-01,"E","BE",1128
2021-08-02,"E","BE",1153
2021-08-03,"E","BE",1163
2021-08-04,"E","BE",1118
2021-08-05,"E","BE",1164
2021-08-06,"E","BE",1114
2021-08-07,"E","BE",1123
2021-08-08,"E","BE",1116
2021-08-09,"E","BE",1102
2021-08-10,"E","BE",1098
2021-08-11,"E","BE",1107
2021-08-12,"E","BE",1096
2021-08-13,"E","BE",1116
2021-08-14,"E","BE",1075
2021-08-15,"E","BE",1085
2021-08-16,"E","BE",1058
2021-08-17,"E","BE",1075
2021-08-18,"E","BE",1104
2021-08-19,"E","BE",1068
2021-08-20,"E","BE",1077
2021-08-21,"E","BE",1111
2021-08-22,"E","BE",1142
2021-08-23,"E","BE",1154
2021-08-24,"E","BE",1160
2021-08-25,"E","BE",1146
2021-08-26,"E","BE",1169
2021-08-27,"E","BE",1161
2021-08-28,"E","BE",1141
2021-08-29,"E","BE",1151
2021-08-30,"E","BE",1173
2021-08-31,"E","BE",1190
2021-09-01,"E","BE",1167
2021-09-02,"E","BE",1165
2021-09-03,"E","BE",1177
2021-09-04,"E","BE",1142
2021-09-05,"E","BE",1164
2021-09-06,"E","BE",1176
2021-09-07,"E","BE",1186
2021-09-08,"E","BE",1193
2021-09-09,"E","BE",1180
2021-09-10,"E","BE",1199
2021-09-11,"E","BE",1180
2021-09-12,"E","BE",1206
2021-09-13,"E","BE",1210
2021-09-14,"E","BE",1233
2021-09-15,"E","BE",1214
2021-09-16,"E","BE",1232
2021-09-17,"E","BE",1224
2021-09-18,"E","BE",1204
2021-09-19,"E","BE",1204
2021-09-20,"E","BE",1197
2021-09-21,"E","BE",1198
2021-09-22,"E","BE",1211
2021-09-23,"E","BE",1236
2021-09-24,"E","BE",1200
2021-09-25,"E","BE",1189
2021-09-26,"E","BE",1197
2021-09-27,"E","BE",1238
2021-09-28,"E","BE",1237
2021-09-29,"E","BE",1240
2021-09-30,"E","BE",1229
2021-10-01,"E","BE",1284
2021-10-02,"E","BE",1276
2021-10-03,"E","BE",1286
2021-10-04,"E","BE",1309
2021-10-05,"E","BE",1295
2021-10-06,"E","BE",1309
2021-10-07,"E","BE",1272
2021-10-08,"E","BE",1298
2021-10-09,"E","BE",1286
2021-10-10,"E","BE",1283
2021-10-11,"E","BE",1289
2021-10-12,"E","BE",1285
2021-10-13,"E","BE",1274
2021-10-14,"E","BE",1281
2021-10-15,"E","BE",1295
2021-10-16,"E","BE",1280
2021-10-17,"E","BE",1313
2021-10-18,"E","BE",1278
2021-10-19,"E","BE",1264
2021-10-20,"E","BE",1304
2021-10-21,"E","BE",1297
2021-10-22,"E","BE",1292
2021-10-23,"E","BE",1279
2021-10-24,"E","BE",1310
2021-10-25,"E","BE",1277
2021-10-26,"E","BE",1300
2021-10-27,"E","BE",1261
2021-10-28,"E","BE",1271
2021-10-29,"E","BE",1248
2021-10-30,"E","BE",1279
2021-10-31,"E","BE",1244
2021-11-01,"E","BE",1293
2021-11-02,"E","BE",1302
2021-11-03,"E","BE",1297
2021-11-04,"E","BE",1289
2021-11-05,"E","BE",1315
2021-11-06,"E","BE",1290
2021-11-07,"E","BE",1263
2021-11-08,"E","BE",1281
2021-11-09,"E","BE",1308
2021-11-10,"E","BE",1275
2021-11-11,"E","BE",1310
2021-11-12,"E","BE",1303
2021-11-13,"E","BE",1319
2021-11-14,"E","BE",1319
2021-11-15,"E","BE",1318
2021-11-16,"E","BE",1324
2021-11-17,"E","BE",1337
2021-11-18,"E","BE",1310
2021-11-19,"E","BE",1326
2021-11-20,"E","BE",1330
2021-11-21,"E","BE",1343
2021-11-22,"E","BE",1349
2021-11-23,"E","BE",1368
2021-11-24,"E","BE",1380
2021-11-25,"E","BE",1353
2021-11-26,"E","BE",1325
2021-11-27,"E","BE",1370
2021-11-28,"E","BE",1360
2021-11-29,"E","BE",1358
2021-11-30,"E","BE",1295
2021-12-01,"E","BE",1341
2021-12-02,"E","BE",1303
2021-12-03,"E","BE",1328
2021-12-04,"E","BE",1338
2021-12-05,"E","BE",1352
2021-12-06,"E","BE",1318
2021-12-07,"E","BE",1358
2021-12-08,"E","BE",1374
2021-12-09,"E","BE",1344
2021-12-10,"E","BE",1336
2021-12-11,"E","BE",1377
2021-12-12,"E","BE",1362
2021-12-13,"E","BE",1358
2021-12-14,"E","BE",1335
2021-12-15,"E","BE",1357
2021-12-16,"E","BE",1366
2021-12-17,"E","BE",1382
2021-12-18,"E","BE",1373
2021-12-19,"E","BE",1394
2021-12-20,"E","BE",1397
2021-12-21,"E","BE",1371
2021-12-22,"E","BE",1358
2021-12-23,"E","BE",1369
2021-12-24,"E","BE",1396
2021-12-25,"E","BE",1381
2021-12-26,"E","BE",1359
2021-12-27,"E","BE",1354
2021-12-28,"E","BE",1374
2021-12-29,"E","BE",1368
2021-12-30,"E","BE",1370
2022-01-02,"E","BE",1380
2022-01-03,"E","BE",1357
2022-01-04,"E","BE",1403
2022-01-05,"E","BE",1377
2022-01-06,"E","BE",1405
2022-01-07,"E","BE",1373
2022-01-08,"E","BE",1434
2022-01-09,"E","BE",1377
2022-01-10,"E","BE",1389
2022-01-11,"E","BE",1395
2022-01-12,"E","BE",1435
2022-01-13,"E","BE",1375
2022-01-14,"E","BE",1400
2022-01-15,"E","BE",1372
2022-01-16,"E","BE",1412
2022-01-17,"E","BE",1361
2022-01-18,"E","BE",1391
2022-01-19,"E","BE",1374
2022-01-20,"E","BE",1345
2022-01-21,"E","BE",1454
2022-01-22,"E","BE",1363
2022-01-23,"E","BE",1356
2022-01-24,"E","BE",1329
2022-01-25,"E","BE",1366
2022-01-26,"E","BE",1392
2022-01-27,"E","BE",1393
2022-01-28,"E","BE",1423
2022-01-29,"E","BE",1349
2022-01-30,"E","BE",1336
2022-01-31,"E","BE",1397
2022-02-01,"E","BE",1361
2022-02-02,"E","BE",1404
2022-02-03,"E","BE",1362
2022-02-04,"E","BE",1314
2022-02-05,"E","BE",1314
2022-02-06,"E","BE",1297
2022-02-07,"E","BE",1360
2022-02-08,"E","BE",1381
2022-02-09,"E","BE",1335
2022-02-10,"E","BE",1404
2022-02-11,"E","BE",1402
2022-02-12,"E","BE",1398
2022-02-13,"E","BE",1378
2022-02-14,"E","BE",1335
2022-02-15,"E","BE",1377
2022-02-16,"E","BE",1374
2022-02-17,"E","BE",1323
2022-02-18,"E","BE",1375
2022-02-19,"E","BE",1353
2022-02-20,"E","BE",1354
2022-02-21,"E","BE",1305
2022-02-22,"E","BE",1351
2022-02-23,"E","BE",1412
2022-02-24,"E","BE",1389
2022-02-25,"E","BE",1422
2022-02-26,"E","BE",1366
2022-02-27,"E","BE",1397
2022-02-28,"E","BE",1340
2022-03-01,"E","BE",1390
2022-03-02,"E","BE",1370
2022-03-03,"E","BE",1325
2022-03-04,"E","BE",1357
2022-03-05,"E","BE",1327
2022-03-06,"E","BE",1395
2022-03-07,"E","BE",1392
2022-03-08,"E","BE",1448
2022-03-09,"E","BE",1375
2022-03-10,"E","BE",1339
2022-03-11,"E","BE",1362
2022-03-12,"E","BE",1337
2022-03-13,"E","BE",1332
2022-03-14,"E","BE",1327
2022-03-15,"E","BE",1281
2022-03-16,"E","BE",1264
2022-03-17,"E","BE",1343
2022-03-18,"E","BE",1328
2022-03-19,"E","BE",1380
2022-03-20,"E","BE",1268
2022-03-21,"E","BE",1276
2022-03-22,"E","BE",1298
2022-03-23,"E","BE",1257
2022-03-24,"E","BE",1330
2022-03-25,"E","BE",1289
2022-03-26,"E","BE",1321
2022-03-27,"E","BE",1299
2022-03-28,"E","BE",1312
2022-03-29,"E","BE",1269
2022-03-30,"E","BE",1222
2022-03-31,"E","BE",1300
2022-04-01,"E","BE",1261
2022-04-02,"E","BE",1302
2022-04-03,"E","BE",1295
2022-04-04,"E","BE",1338
2022-04-05,"E","BE",1291
2022-04-06,"E","BE",1235
2022-04-07,"E","BE",1316
2022-04-08,"E","BE",1353
2022-04-09,"E","BE",1231
2022-04-10,"E","BE",1260
2022-04-11,"E","BE",1247
2022-04-12,"E","BE",1187
2022-04-13,"E","BE",1246
2022-04-14,"E","BE",1212
2022-04-15,"E","BE",1182
2022-04-16,"E","BE",1217
2022-04-17,"E","BE",1203
2022-04-18,"E","BE",1225
2022-04-19,"E","BE",1212
2022-04-20,"E","BE",1258
2022-04-21,"E","BE",1280
2022-04-22,"E","BE",1271
2022-04-23,"E","BE",1282
2022-04-24,"E","BE",1276
2022-04-25,"E","BE",1295
2022-04-26,"E","BE",1220
2022-04-27,"E","BE",1293
2022-04-28,"E","BE",1214
2022-04-29,"E","BE",1259
2022-04-30,"E","BE",1231
2022-05-01,"E","BE",1291
2022-05-02,"E","BE",1254
2022-05-03,"E","BE",1225
2022-05-04,"E","BE",1279
2022-05-05,"E","BE",1270
2022-05-06,"E","BE",1198
2022-05-07,"E","BE",1297
2022-05-08,"E","BE",1291
2022-05-09,"E","BE",1223
2022-05-10,"E","BE",1280
2022-05-11,"E","BE",1276
2022-05-12,"E","BE",1280
2022-05-13,"E","BE",1361
2022-05-14,"E","BE",1246
2022-05-15,"E","BE",1237
2022-05-16,"E","BE",1282
2022-05-17,"E","BE",1298
2022-05-18,"E","BE",1288
2022-05-19,"E","BE",1329
2022-05-20,"E","BE",1312
2022-05-21,"E","BE",1334
2022-05-22,"E","BE",1338
2022-05-23,"E","BE",1288
2022-05-24,"E","BE",1319
2022-05-25,"E","BE",1284
2022-05-26,"E","BE",1350
2022-05-27,"E","BE",1389
2022-05-28,"E","BE",1332
2022-05-29,"E","BE",1261
2022-05-30,"E","BE",1327
2022-05-31,"E","BE",1264
2022-06-01,"E","BE",1331
2022-06-02,"E","BE",1304
2022-06-03,"E","BE",1338
2022-06-04,"E","BE",1301
2022-06-05,"E","BE",1322
2022-06-06,"E","BE",1303
2022-06-07,"E","BE",1317
2022-06-08,"E","BE",1297
2022-06-09,"E","BE",1297
2022-06-10,"E","BE",1286
2022-06-11,"E","BE",1271
2022-06-12,"E","BE",1269
2022-06-13,"E","BE",1275
2022-06-14,"E","BE",1328
2022-06-15,"E","BE",1323
2022-06-16,"E","BE",1285
2022-06-17,"E","BE",1236
2022-06-18,"E","BE",1323
2022-06-19,"E","BE",1337
2022-06-20,"E","BE",1253
2022-06-21,"E","BE",1294
2022-06-22,"E","BE",1302
2022-06-23,"E","BE",1312
2022-06-24,"E","BE",1324
2022-06-25,"E","BE",1357
2022-06-26,"E","BE",1359
2022-06-27,"E","BE",1349
2022-06-28,"E","BE",1427
2022-06-29,"E","BE",1368
2022-06-30,"E","BE",1343
2022-07-01,"E","BE",1358
2022-07-02,"E","BE",1333
2022-07-03,"E","BE",1327
2022-07-04,"E","BE",1334
2022-07-05,"E","BE",1299
2022-07-06,"E","BE",1333
2022-07-07,"E","BE",1348
2022-07-08,"E","BE",1368
2022-07-09,"E","BE",1271
2022-07-10,"E","BE",1317
2022-07-11,"E","BE",1272
2022-07-12,"E","BE",1313
2022-07-13,"E","BE",1380
2022-07-14,"E","BE",1420
2022-07-15,"E","BE",1295
2022-07-16,"E","BE",1340
2022-07-17,"E","BE",1278
2022-07-18,"E","BE",1247
2022-07-19,"E","BE",1372
2022-07-20,"E","BE",1302
2022-07-21,"E","BE",1306
2022-07-22,"E","BE",1279
2022-07-23,"E","BE",1280
2022-07-24,"E","BE",1325
2022-07-25,"E","BE",1302
2022-07-26,"E","BE",1366
2022-07-27,"E","BE",1298
2022-07-28,"E","BE",1262
2022-07-29,"E","BE",1344
2022-07-30,"E","BE",1308
2022-07-31,"E","BE",1302
2022-08-01,"E","BE",1325
2022-08-02,"E","BE",1337
2022-08-03,"E","BE",1390
2022-08-04,"E","BE",1309
2022-08-05,"E","BE",1386
2022-08-06,"E","BE",1318
2022-08-07,"E","BE",1330
2022-08-08,"E","BE",1278
2022-08-09,"E","BE",1362
2022-08-10,"E","BE",1351
2022-08-11,"E","BE",1265
2022-08-12,"E","BE",1302
2022-08-13,"E","BE",1286
2022-08-14,"E","BE",1280
2022-08-15,"E","BE",1309
2022-08-16,"E","BE",1271
2022-08-17,"E","BE",1273
2022-08-18,"E","BE",1263
2022-08-19,"E","BE",1265
2022-08-20,"E","BE",1312
2022-08-21,"E","BE",1278
2022-08-22,"E","BE",1334
2022-08-23,"E","BE",1320
2022-08-24,"E","BE",1318
2022-08-25,"E","BE",1324
2022-08-26,"E","BE",1405
2022-08-27,"E","BE",1375
2022-08-28,"E","BE",1374
2022-08-29,"E","BE",1340
2022-08-30,"E","BE",1361
2022-08-31,"E","BE",1377
2022-09-01,"E","BE",1365
2022-09-02,"E","BE",1370
2022-09-03,"E","BE",1380
2022-09-04,"E","BE",1347
2022-09-05,"E","BE",1342
2022-09-06,"E","BE",1379
2022-09-07,"E","BE",1401
2022-09-08,"E","BE",1448
2022-09-09,"E","BE",1413
2022-09-10,"E","BE",1396
2022-09-11,"E","BE",1426
2022-09-12,"E","BE",1490
2022-09-13,"E","BE",1442
2022-09-14,"E","BE",1469
2022-09-15,"E","BE",1413
2022-09-16,"E","BE",1429
2022-09-17,"E","BE",1489
2022-09-18,"E","BE",1417
2022-09-19,"E","BE",1462
2022-09-20,"E","BE",1447
2022-09-21,"E","BE",1495
2022-09-22,"E","BE",1419
2022-09-23,"E","BE",1413
2022-09-24,"E","BE",1406
2022-09-25,"E","BE",1412
2022-09-26,"E","BE",1435
2022-09-27,"E","BE",1440
2022-09-28,"E","BE",1505
2022-09-29,"E","BE",1462
2022-09-30,"E","BE",1522
2022-10-01,"E","BE",1496
2022-10-02,"E","BE",1477
2022-10-03,"E","BE",1518
2022-10-04,"E","BE",1527
2022-10-05,"E","BE",1495
2022-10-06,"E","BE",1514
2022-10-07,"E","BE",1494
2022-10-08,"E","BE",1552
2022-10-09,"E","BE",1492
2022-10-10,"E","BE",1535
2022-10-11,"E","BE",1511
2022-10-12,"E","BE",1458
2022-10-13,"E","BE",1538
2022-10-14,"E","BE",1563
2022-10-15,"E","BE",1549
2022-10-16,"E","BE",1511
2022-10-17,"E","BE",1532
2022-10-18,"E","BE",1524
2022-10-19,"E","BE",1511
2022-10-20,"E","BE",1530
2022-10-21,"E","BE",1545
2022-10-22,"E","BE",1488
2022-10-23,"E","BE",1506
2022-10-24,"E","BE",1572
2022-10-25,"E","BE",1492
2022-10-26,"E","BE",1507
2022-10-27,"E","BE",1477
2022-10-28,"E","BE",1490
2022-10-29,"E","BE",1508
2022-10-30,"E","BE",1547
2022-10-31,"E","BE",1579
2022-11-01,"E","BE",1576
2022-11-02,"E","BE",1554
2022-11-03,"E","BE",1563
2022-11-04,"E","BE",1566
2022-11-05,"E","BE",1598
2022-11-06,"E","BE",1540
2022-11-07,"E","BE",1561
2022-11-08,"E","BE",1582
2022-11-09,"E","BE",1576
2022-11-10,"E","BE",1569
2022-11-11,"E","BE",1595
2022-11-12,"E","BE",1585
2022-11-13,"E","BE",1612
2022-11-14,"E","BE",1526
2022-11-15,"E","BE",1652
2022-11-16,"E","BE",1599
2022-11-17,"E","BE",1610
2022-11-18,"E","BE",1590
2022-11-19,"E","BE",1605
2022-11-20,"E","BE",1579
2022-11-21,"E","BE",1597
2022-11-22,"E","BE",1596
2022-11-23,"E","BE",1589
2022-11-24,"E","BE",1652
2022-11-25,"E","BE",1659
2022-11-26,"E","BE",1594
2022-11-27,"E","BE",1602
2022-11-28,"E","BE",1629
2022-11-29,"E","BE",1657
2022-11-30,"E","BE",1644
2022-12-01,"E","BE",1656
2022-12-02,"E","BE",1624
2022-12-03,"E","BE",1605
2022-12-04,"E","BE",1617
2022-12-05,"E","BE",1600
2022-12-06,"E","BE",1703
2022-12-07,"E","BE",1630
2022-12-08,"E","BE",1626
2022-12-09,"E","BE",1667
2022-12-10,"E","BE",1641
2022-12-11,"E","BE",1719
2022-12-12,"E","BE",1651
2022-12-13,"E","BE",1640
2022-12-14,"E","BE",1656
2022-12-15,"E","BE",1695
2022-12-16,"E","BE",1717
2022-12-17,"E","BE",1637
2022-12-18,"E","BE",1646
2022-12-19,"E","BE",1667
2022-12-20,"E","BE",1677
2022-12-21,"E","BE",1685
2022-12-22,"E","BE",1700
2022-12-23,"E","BE",1681
2022-12-24,"E","BE",1682
2022-12-25,"E","BE",1691
2022-12-26,"E","BE",1673
2022-12-27,"E","BE",1634
2022-12-28,"E","BE",1700
2022-12-29,"E","BE",1669
2022-12-30,"E","BE",1691
2023-01-02,"E","BE",1633
2023-01-03,"E","BE",1673
2023-01-04,"E","BE",1680
2023-01-05,"E","BE",1635
2023-01-06,"E","BE",1708
2023-01-07,"E","BE",1678
2023-01-08,"E","BE",1745
2023-01-09,"E","BE",1671
2023-01-10,"E","BE",1730
2023-01-11,"E","BE",1699
2023-01-12,"E","BE",1738
2023-01-13,"E","BE",1649
2023-01-14,"E","BE",1621
2023-01-15,"E","BE",1648
2023-01-16,"E","BE",1721
2023-01-17,"E","BE",1626
2023-01-18,"E","BE",1708
2023-01-19,"E","BE",1681
2023-01-20,"E","BE",1647
2023-01-21,"E","BE",1790
2023-01-22,"E","BE",1625
2023-01-23,"E","BE",1665
2023-01-24,"E","BE",1646
2023-01-25,"E","BE",1694
2023-01-26,"E","BE",1696
2023-01-27,"E","BE",1680
2023-01-28,"E","BE",1757
2023-01-29,"E","BE",1657
2023-01-30,"E","BE",1660
2023-01-31,"E","BE",1675
2023-02-01,"E","BE",1666
2023-02-02,"E","BE",1674
2023-02-03,"E","BE",1683
2023-02-04,"E","BE",1643
2023-02-05,"E","BE",1671
2023-02-06,"E","BE",1635
2023-02-07,"E","BE",1683
2023-02-08,"E","BE",1688
2023-02-09,"E","BE",1650
2023-02-10,"E","BE",1745
2023-02-11,"E","BE",1782
2023-02-12,"E","BE",1760
2023-02-13,"E","BE",1715
2023-02-14,"E","BE",1712
2023-02-15,"E","BE",1736
2023-02-16,"E","BE",1673
2023-02-17,"E","BE",1638
2023-02-18,"E","BE",1675
2023-02-19,"E","BE",1682
2023-02-20,"E","BE",1729
2023-02-21,"E","BE",1644
2023-02-22,"E","BE",1676
2023-02-23,"E","BE",1740
2023-02-24,"E","BE",1699
2023-02-25,"E","BE",1772
2023-02-26,"E","BE",1695
2023-02-27,"E","BE",1679
2023-02-28,"E","BE",1693
2023-03-01,"E","BE",1698
2023-03-02,"E","BE",1747
2023-03-03,"E","BE",1665
2023-03-04,"E","BE",1700
2023-03-05,"E","BE",1609
2023-03-06,"E","BE",1713
2023-03-07,"E","BE",1713
2023-03-08,"E","BE",1757
2023-03-09,"E","BE",1698
2023-03-10,"E","BE",1665
2023-03-11,"E","BE",1717
2023-03-12,"E","BE",1631
2023-03-13,"E","BE",1653
2023-03-14,"E","BE",1671
2023-03-15,"E","BE",1614
2023-03-16,"E","BE",1601
2023-03-17,"E","BE",1693
2023-03-18,"E","BE",1630
2023-03-19,"E","BE",1698
2023-03-20,"E","BE",1632
2023-03-21,"E","BE",1624
2023-03-22,"E","BE",1662
2023-03-23,"E","BE",1601
2023-03-24,"E","BE",1689
2023-03-25,"E","BE",1616
2023-03-26,"E","BE",1697
2023-03-27,"E","BE",1665
2023-03-28,"E","BE",1669
2023-03-29,"E","BE",1663
2023-03-30,"E","BE",1597
2023-03-31,"E","BE",1623
2023-04-01,"E","BE",1603
2023-04-02,"E","BE",1604
2023-04-03,"E","BE",1636
2023-04-04,"E","BE",1676
2023-04-05,"E","BE",1622
2023-04-06,"E","BE",1588
2023-04-07,"E","BE",1582
2023-04-08,"E","BE",1691
2023-04-09,"E","BE",1504
2023-04-10,"E","BE",1553
2023-04-11,"E","BE",1588
2023-04-12,"E","BE",1514
2023-04-13,"E","BE",1614
2023-04-14,"E","BE",1511
2023-04-15,"E","BE",1501
2023-04-16,"E","BE",1509
2023-04-17,"E","BE",1529
2023-04-18,"E","BE",1589
2023-04-19,"E","BE",1491
2023-04-20,"E","BE",1538
2023-04-21,"E","BE",1638
2023-04-22,"E","BE",1578
2023-04-23,"E","BE",1604
2023-04-24,"E","BE",1612
2023-04-25,"E","BE",1570
2023-04-26,"E","BE",1487
2023-04-27,"E","BE",1625
2023-04-28,"E","BE",1518
2023-04-29,"E","BE",1560
2023-04-30,"E","BE",1536
2023-05-01,"E","BE",1585
2023-05-02,"E","BE",1583
2023-05-03,"E","BE",1549
2023-05-04,"E","BE",1599
2023-05-05,"E","BE",1629
2023-05-06,"E","BE",1478
2023-05-07,"E","BE",1656
2023-05-08,"E","BE",1619
2023-05-09,"E","BE",1556
2023-05-10,"E","BE",1566
2023-05-11,"E","BE",1608
2023-05-12,"E","BE",1617
2023-05-13,"E","BE",1705
2023-05-14,"E","BE",1608
2023-05-15,"E","BE",1587
2023-05-16,"E","BE",1649
2023-05-17,"E","BE",1642
2023-05-18,"E","BE",1639
2023-05-19,"E","BE",1670
2023-05-20,"E","BE",1658
2023-05-21,"E","BE",1723
2023-05-22,"E","BE",1645
2023-05-23,"E","BE",1644
2023-05-24,"E","BE",1652
2023-05-25,"E","BE",1594
2023-05-26,"E","BE",1716
2023-05-27,"E","BE",1704
2023-05-28,"E","BE",1703
2023-05-29,"E","BE",1611
2023-05-30,"E","BE",1670
2023-05-31,"E","BE",1620
2023-06-01,"E","BE",1656
2023-06-02,"E","BE",1584
2023-06-03,"E","BE",1635
2023-06-04,"E","BE",1595
2023-06-05,"E","BE",1648
2023-06-06,"E","BE",1620
2023-06-07,"E","BE",1698
2023-06-08,"E","BE",1613
2023-06-09,"E","BE",1623
2023-06-10,"E","BE",1656
2023-06-11,"E","BE",1618
2023-06-12,"E","BE",1596
2023-06-13,"E","BE",1693
2023-06-14,"E","BE",1661
2023-06-15,"E","BE",1672
2023-06-16,"E","BE",1605
2023-06-17,"E","BE",1619
2023-06-18,"E","BE",1647
2023-06-19,"E","BE",1644
2023-06-20,"E","BE",1627
2023-06-21,"E","BE",1665
2023-06-22,"E","BE",1661
2023-06-23,"E","BE",1662
2023-06-24,"E","BE",1625
2023-06-25,"E","BE",1705
2023-06-26,"E","BE",1724
2023-06-27,"E","BE",1687
2023-06-28,"E","BE",1831
2023-06-29,"E","BE",1718
2023-06-30,"E","BE",1655
2023-07-01,"E","BE",1721
2023-07-02,"E","BE",1705
2023-07-03,"E","BE",1668
2023-07-04,"E","BE",1646
2023-07-05,"E","BE",1719
2023-07-06,"E","BE",1676
2023-07-07,"E","BE",1698
2023-07-08,"E","BE",1682
2023-07-09,"E","BE",1622
2023-07-10,"E","BE",1641
2023-07-11,"E","BE",1639
2023-07-12,"E","BE",1677
2023-07-13,"E","BE",1703
2023-07-14,"E","BE",1740
2023-07-15,"E","BE",1658
2023-07-16,"E","BE",1663
2023-07-17,"E","BE",1682
2023-07-18,"E","BE",1592
2023-07-19,"E","BE",1728
2023-07-20,"E","BE",1633
2023-07-21,"E","BE",1661
2023-07-22,"E","BE",1590
2023-07-23,"E","BE",1651
2023-07-24,"E","BE",1677
2023-07-25,"E","BE",1629
2023-07-26,"E","BE",1683
2023-07-27,"E","BE",1649
2023-07-28,"E","BE",1600
2023-07-29,"E","BE",1648
2023-07-30,"E","BE",1630
2023-07-31,"E","BE",1602
2023-08-01,"E","BE",1661
2023-08-02,"E","BE",1672
2023-08-03,"E","BE",1720
2023-08-04,"E","BE",1681
2023-08-05,"E","BE",1743
2023-08-06,"E","BE",1618
2023-08-07,"E","BE",1659
2023-08-08,"E","BE",1615
2023-08-09,"E","BE",1708
2023-08-10,"E","BE",1612
2023-08-11,"E","BE",1581
2023-08-12,"E","BE",1629
2023-08-13,"E","BE",1660
2023-08-14,"E","BE",1627
2023-08-15,"E","BE",1719
2023-08-16,"E","BE",1606
2023-08-17,"E","BE",1636
2023-08-18,"E","BE",1627
2023-08-19,"E","BE",1615
2023-08-20,"E","BE",1677
2023-08-21,"E","BE",1637
2023-08-22,"E","BE",1673
2023-08-23,"E","BE",1652
2023-08-24,"E","BE",1689
2023-08-25,"E","BE",1665
2023-08-26,"E","BE",1729
2023-08-27,"E","BE",1704
2023-08-28,"E","BE",1704
2023-08-29,"E","BE",1696
2023-08-30,"E","BE",1734
2023-08-31,"E","BE",1740
2023-09-01,"E","BE",1673
2023-09-02,"E","BE",1714
2023-09-03,"E","BE",1720
2023-09-04,"E","BE",1731
2023-09-05,"E","BE",1677
2023-09-06,"E","BE",1748
2023-09-07,"E","BE",1714
2023-09-08,"E","BE",1799
2023-09-09,"E","BE",1745
2023-09-10,"E","BE",1750
2023-09-11,"E","BE",1782
2023-09-12,"E","BE",1874
2023-09-13,"E","BE",1787
2023-09-14,"E","BE",1834
2023-09-15,"E","BE",1797
2023-09-16,"E","BE",1694
2023-09-17,"E","BE",1831
2023-09-18,"E","BE",1765
2023-09-19,"E","BE",1782
2023-09-20,"E","BE",1781
2023-09-21,"E","BE",1791
2023-09-22,"E","BE",1832
2023-09-23,"E","BE",1740
2023-09-24,"E","BE",1778
2023-09-25,"E","BE",1703
2023-09-26,"E","BE",1789
2023-09-27,"E","BE",1778
2023-09-28,"E","BE",1851
2023-09-29,"E","BE",1725
2023-09-30,"E","BE",1851
2023-10-01,"E","BE",1846
2023-10-02,"E","BE",1782
2023-10-03,"E","BE",1878
2023-10-04,"E","BE",1933
2023-10-05,"E","BE",1886
2023-10-06,"E","BE",1879
2023-10-07,"E","BE",1846
2023-10-08,"E","BE",1882
2023-10-09,"E","BE",1808
2023-10-10,"E","BE",1869
2023-10-11,"E","BE",1834
2023-10-12,"E","BE",1811
2023-10-13,"E","BE",1887
2023-10-14,"E","BE",1872
2023-10-15,"E","BE",1892
2023-10-16,"E","BE",1880
2023-10-17,"E","BE",1856
2023-10-18,"E","BE",1862
2023-10-19,"E","BE",1833
2023-10-20,"E","BE",1833
2023-10-21,"E","BE",1872
2023-10-22,"E","BE",1816
2023-10-23,"E","BE",1853
2023-10-24,"E","BE",1898
2023-10-25,"E","BE",1785
2023-10-26,"E","BE",1802
2023-10-27,"E","BE",1853
2023-10-28,"E","BE",1835
2023-10-29,"E","BE",1827
2023-10-30,"E","BE",1843
2023-10-31,"E","BE",1869
2023-11-01,"E","BE",1905
2023-11-02,"E","BE",1951
2023-11-03,"E","BE",1854
2023-11-04,"E","BE",1915
2023-11-05,"E","BE",1895
2023-11-06,"E","BE",1873
2023-11-07,"E","BE",1896
2023-11-08,"E","BE",1891
2023-11-09,"E","BE",1856
2023-11-10,"E","BE",1871
2023-11-11,"E","BE",1870
2023-11-12,"E","BE",1909
2023-11-13,"E","BE",1904
2023-11-14,"E","BE",1914
2023-11-15,"E","BE",1992
2023-11-16,"E","BE",1898
2023-11-17,"E","BE",1918
2023-11-18,"E","BE",1862
2023-11-19,"E","BE",1901
2023-11-20,"E","BE",1934
2023-11-21,"E","BE",1925
2023-11-22,"E","BE",1956
2023-11-23,"E","BE",1892
2023-11-24,"E","BE",1946
2023-11-25,"E","BE",1961
2023-11-26,"E","BE",1914
2023-11-27,"E","BE",1907
2023-11-28,"E","BE",1878
2023-11-29,"E","BE",1903
2023-11-30,"E","BE",1931
2023-12-01,"E","BE",1986
2023-12-02,"E","BE",1917
2023-12-03,"E","BE",1859
2023-12-04,"E","BE",1918
2023-12-05,"E","BE",1892
2023-12-06,"E","BE",1950
2023-12-07,"E","BE",1993
2023-12-08,"E","BE",1953
2023-12-09,"E","BE",1946
2023-12-10,"E","BE",1974
2023-12-11,"E","BE",1965
2023-12-12,"E","BE",1965
2023-12-13,"E","BE",1949
2023-12-14,"E","BE",1910
2023-12-15,"E","BE",2017
2023-12-16,"E","BE",2061
2023-12-17,"E","BE",1941
2023-12-18,"E","BE",1971
2023-12-19,"E","BE",1951
2023-12-20,"E","BE",1970
2023-12-21,"E","BE",1990
2023-12-22,"E","BE",1982
2023-12-23,"E","BE",1994
2023-12-24,"E","BE",2011
2023-12-25,"E","BE",2052
2023-12-26,"E","BE",1969
2023-12-27,"E","BE",1914
2023-12-28,"E","BE",1977
2023-12-29,"E","BE",2008
2023-12-30,"E","BE",1952
2021-01-02,"F","BE",3571
2021-01-03,"F","BE",3660
2021-01-04,"F","BE",3635
2021-01-05,"F","BE",3638
2021-01-06,"F","BE",3654
2021-01-07,"F","BE",3625
2021-01-08,"F","BE",3640
2021-01-09,"F","BE",3603
2021-01-10,"F","BE",3641
2021-01-11,"F","BE",3669
2021-01-12,"F","BE",3571
2021-01-13,"F","BE",3566
2021-01-14,"F","BE",3596
2021-01-15,"F","BE",3497
2021-01-16,"F","BE",3494
2021-01-17,"F","BE",3573
2021-01-18,"F","BE",3609
2021-01-19,"F","BE",3525
2021-01-20,"F","BE",3604
2021-01-21,"F","BE",3522
2021-01-22,"F","BE",3519
2021-01-23,"F","BE",3535
2021-01-24,"F","BE",3532
2021-01-25,"F","BE",3447
2021-01-26,"F","BE",3529
2021-01-27,"F","BE",3548
2021-01-28,"F","BE",3516
2021-01-29,"F","BE",3523
2021-01-30,"F","BE",3418
2021-01-31,"F","BE",3498
2021-02-01,"F","BE",3510
2021-02-02,"F","BE",3534
2021-02-03,"F","BE",3460
2021-02-04,"F","BE",3364
2021-02-05,"F","BE",3282
2021-02-06,"F","BE",3329
2021-02-07,"F","BE",3340
2021-02-08,"F","BE",3416
2021-02-09,"F","BE",3375
2021-02-10,"F","BE",3264
2021-02-11,"F","BE",3395
2021-02-12,"F","BE",3477
2021-02-13,"F","BE",3424
2021-02-14,"F","BE",3454
2021-02-15,"F","BE",3472
2021-02-16,"F","BE",3445
2021-02-17,"F","BE",3441
2021-02-18,"F","BE",3528
2021-02-19,"F","BE",3425
2021-02-20,"F","BE",3397
2021-02-21,"F","BE",3409
2021-02-22,"F","BE",3408
2021-02-23,"F","BE",3458
2021-02-24,"F","BE",3463
2021-02-25,"F","BE",3357
2021-02-26,"F","BE",3312
2021-02-27,"F","BE",3415
2021-02-28,"F","BE",3443
2021-03-01,"F","BE",3422
2021-03-02,"F","BE",3343
2021-03-03,"F","BE",3421
2021-03-04,"F","BE",3352
2021-03-05,"F","BE",3353
2021-03-06,"F","BE",3382
2021-03-07,"F","BE",3342
2021-03-08,"F","BE",3199
2021-03-09,"F","BE",3146
2021-03-10,"F","BE",3077
2021-03-11,"F","BE",3105
2021-03-12,"F","BE",3039
2021-03-13,"F","BE",3055
2021-03-14,"F","BE",3088
2021-03-15,"F","BE",3085
2021-03-16,"F","BE",3019
2021-03-17,"F","BE",3098
2021-03-18,"F","BE",2973
2021-03-19,"F","BE",3051
2021-03-20,"F","BE",2916
2021-03-21,"F","BE",2918
2021-03-22,"F","BE",3015
2021-03-23,"F","BE",2996
2021-03-24,"F","BE",2930
2021-03-25,"F","BE",2961
2021-03-26,"F","BE",2833
2021-03-27,"F","BE",2868
2021-03-28,"F","BE",2947
2021-03-29,"F","BE",2855
2021-03-30,"F","BE",2899
2021-03-31,"F","BE",2865
2021-04-01,"F","BE",2828
2021-04-02,"F","BE",2831
2021-04-03,"F","BE",2922
2021-04-04,"F","BE",2816
2021-04-05,"F","BE",2780
2021-04-06,"F","BE",2760
2021-04-07,"F","BE",2713
2021-04-08,"F","BE",2655
2021-04-09,"F","BE",2586
2021-04-10,"F","BE",2557
2021-04-11,"F","BE",2577
2021-04-12,"F","BE",2465
2021-04-13,"F","BE",2516
2021-04-14,"F","BE",2561
2021-04-15,"F","BE",2501
2021-04-16,"F","BE",2440
2021-04-17,"F","BE",2486
2021-04-18,"F","BE",2444
2021-04-19,"F","BE",2616
2021-04-20,"F","BE",2657
2021-04-21,"F","BE",2626
2021-04-22,"F","BE",2609
2021-04-23,"F","BE",2679
2021-04-24,"F","BE",2676
2021-04-25,"F","BE",2601
2021-04-26,"F","BE",2551
2021-04-27,"F","BE",2630
2021-04-28,"F","BE",2612
2021-04-29,"F","BE",2558
2021-04-30,"F","BE",2603
2021-05-01,"F","BE",2483
2021-05-02,"F","BE",2480
2021-05-03,"F","BE",2559
2021-05-04,"F","BE",2555
2021-05-05,"F","BE",2593
2021-05-06,"F","BE",2534
2021-05-07,"F","BE",2628
2021-05-08,"F","BE",2596
2021-05-09,"F","BE",2579
2021-05-10,"F","BE",2614
2021-05-11,"F","BE",2593
2021-05-12,"F","BE",2645
2021-05-13,"F","BE",2658
2021-05-14,"F","BE",2743
2021-05-15,"F","BE",2775
2021-05-16,"F","BE",2689
2021-05-17,"F","BE",2690
2021-05-18,"F","BE",2704
2021-05-19,"F","BE",2793
2021-05-20,"F","BE",2790
2021-05-21,"F","BE",2805
2021-05-22,"F","BE",2837
2021-05-23,"F","BE",2757
2021-05-24,"F","BE",2763
2021-05-25,"F","BE",2713
2021-05-26,"F","BE",2905
2021-05-27,"F","BE",2845
2021-05-28,"F","BE",2804
2021-05-29,"F","BE",2711
2021-05-30,"F","BE",2740
2021-05-31,"F","BE",2721
2021-06-01,"F","BE",2698
2021-06-02,"F","BE",2625
2021-06-03,"F","BE",2596
2021-06-04,"F","BE",2677
2021-06-05,"F","BE",2654
2021-06-06,"F","BE",2688
2021-06-07,"F","BE",2621
2021-06-08,"F","BE",2658
2021-06-09,"F","BE",2726
2021-06-10,"F","BE",2575
2021-06-11,"F","BE",2662
2021-06-12,"F","BE",2666
2021-06-13,"F","BE",2566
2021-06-14,"F","BE",2519
2021-06-15,"F","BE",2586
2021-06-16,"F","BE",2505
2021-06-17,"F","BE",2649
2021-06-18,"F","BE",2648
2021-06-19,"F","BE",2630
2021-06-20,"F","BE",2561
2021-06-21,"F","BE",2605
2021-06-22,"F","BE",2690
2021-06-23,"F","BE",2682
2021-06-24,"F","BE",2650
2021-06-25,"F","BE",2631
2021-06-26,"F","BE",2652
2021-06-27,"F","BE",2778
2021-06-28,"F","BE",2746
2021-06-29,"F","BE",2768
2021-06-30,"F","BE",2754
2021-07-01,"F","BE",2688
2021-07-02,"F","BE",2652
2021-07-03,"F","BE",2704
2021-07-04,"F","BE",2623
2021-07-05,"F","BE",2687
2021-07-06,"F","BE",2762
2021-07-07,"F","BE",2664
2021-07-08,"F","BE",2503
2021-07-09,"F","BE",2519
2021-07-10,"F","BE",2430
2021-07-11,"F","BE",2595
2021-07-12,"F","BE",2677
2021-07-13,"F","BE",2551
2021-07-14,"F","BE",2600
2021-07-15,"F","BE",2626
2021-07-16,"F","BE",2622
2021-07-17,"F","BE",2434
2021-07-18,"F","BE",2457
2021-07-19,"F","BE",2614
2021-07-20,"F","BE",2541
2021-07-21,"F","BE",2541
2021-07-22,"F","BE",2543
2021-07-23,"F","BE",2536
2021-07-24,"F","BE",2380
2021-07-25,"F","BE",2454
2021-07-26,"F","BE",2540
2021-07-27,"F","BE",2397
2021-07-28,"F","BE",2431
2021-07-29,"F","BE",2451
2021-07-30,"F","BE",2403
2021-07-31,"F","BE",2468
2021-08-01,"F","BE",2419
2021-08-02,"F","BE",2479
2021-08-03,"F","BE",2477
2021-08-04,"F","BE",2495
2021-08-05,"F","BE",2498
2021-08-06,"F","BE",2487
2021-08-07,"F","BE",2472
2021-08-08,"F","BE",2438
2021-08-09,"F","BE",2319
2021-08-10,"F","BE",2374
2021-08-11,"F","BE",2358
2021-08-12,"F","BE",2274
2021-08-13,"F","BE",2166
2021-08-14,"F","BE",2293
2021-08-15,"F","BE",2257
2021-08-16,"F","BE",2157
2021-08-17,"F","BE",2263
2021-08-18,"F","BE",2309
2021-08-19,"F","BE",2249
2021-08-20,"F","BE",2255
2021-08-21,"F","BE",2275
2021-08-22,"F","BE",2321
2021-08-23,"F","BE",2454
2021-08-24,"F","BE",2475
2021-08-25,"F","BE",2395
2021-08-26,"F","BE",2487
2021-08-27,"F","BE",2423
2021-08-28,"F","BE",2448
2021-08-29,"F","BE",2453
2021-08-30,"F","BE",2408
2021-08-31,"F","BE",2548
2021-09-01,"F","BE",2472
2021-09-02,"F","BE",2545
2021-09-03,"F","BE",2539
2021-09-04,"F","BE",2578
2021-09-05,"F","BE",2480
2021-09-06,"F","BE",2589
2021-09-07,"F","BE",2482
2021-09-08,"F","BE",2572
2021-09-09,"F","BE",2578
2021-09-10,"F","BE",2587
2021-09-11,"F","BE",2639
2021-09-12,"F","BE",2714
2021-09-13,"F","BE",2662
2021-09-14,"F","BE",2737
2021-09-15,"F","BE",2807
2021-09-16,"F","BE",2789
2021-09-17,"F","BE",2751
2021-09-18,"F","BE",2691
2021-09-19,"F","BE",2672
2021-09-20,"F","BE",2670
2021-09-21,"F","BE",2759
2021-09-22,"F","BE",2634
2021-09-23,"F","BE",2569
2021-09-24,"F","BE",2586
2021-09-25,"F","BE",2578
2021-09-26,"F","BE",2714
2021-09-27,"F","BE",2721
2021-09-28,"F","BE",2823
2021-09-29,"F","BE",2679
2021-09-30,"F","BE",2713
2021-10-01,"F","BE",2902
2021-10-02,"F","BE",2939
2021-10-03,"F","BE",2867
2021-10-04,"F","BE",2892
2021-10-05,"F","BE",2925
2021-10-06,"F","BE",2876
2021-10-07,"F","BE",2948
2021-10-08,"F","BE",2853
2021-10-09,"F","BE",2886
2021-10-10,"F","BE",2857
2021-10-11,"F","BE",2894
2021-10-12,"F","BE",2863
2021-10-13,"F","BE",2783
2021-10-14,"F","BE",2896
2021-10-15,"F","BE",2852
2021-10-16,"F","BE",2817
2021-10-17,"F","BE",2818
2021-10-18,"F","BE",2785
2021-10-19,"F","BE",2824
2021-10-20,"F","BE",2871
2021-10-21,"F","BE",2885
2021-10-22,"F","BE",2990
2021-10-23,"F","BE",2936
2021-10-24,"F","BE",2902
2021-10-25,"F","BE",2827
2021-10-26,"F","BE",2802
2021-10-27,"F","BE",2785
2021-10-28,"F","BE",2747
2021-10-29,"F","BE",2625
2021-10-30,"F","BE",2793
2021-10-31,"F","BE",2718
2021-11-01,"F","BE",2828
2021-11-02,"F","BE",2915
2021-11-03,"F","BE",2874
2021-11-04,"F","BE",2950
2021-11-05,"F","BE",2904
2021-11-06,"F","BE",2826
2021-11-07,"F","BE",2829
2021-11-08,"F","BE",2859
2021-11-09,"F","BE",2864
2021-11-10,"F","BE",2775
2021-11-11,"F","BE",2776
2021-11-12,"F","BE",2853
2021-11-13,"F","BE",2931
2021-11-14,"F","BE",2843
2021-11-15,"F","BE",2896
2021-11-16,"F","BE",2832
2021-11-17,"F","BE",2989
2021-11-18,"F","BE",2926
2021-11-19,"F","BE",2931
2021-11-20,"F","BE",2988
2021-11-21,"F","BE",2993
2021-11-22,"F","BE",3002
2021-11-23,"F","BE",2940
2021-11-24,"F","BE",2947
2021-11-25,"F","BE",2990
2021-11-26,"F","BE",2926
2021-11-27,"F","BE",2948
2021-11-28,"F","BE",2868
2021-11-29,"F","BE",2888
2021-11-30,"F","BE",2879
2021-12-01,"F","BE",2886
2021-12-02,"F","BE",2856
2021-12-03,"F","BE",2883
2021-12-04,"F","BE",2882
2021-12-05,"F","BE",2886
2021-12-06,"F","BE",2872
2021-12-07,"F","BE",2930
2021-12-08,"F","BE",2886
2021-12-09,"F","BE",2899
2021-12-10,"F","BE",2967
2021-12-11,"F","BE",2974
2021-12-12,"F","BE",2920
2021-12-13,"F","BE",2970
2021-12-14,"F","BE",3016
2021-12-15,"F","BE",2990
2021-12-16,"F","BE",2921
2021-12-17,"F","BE",2937
2021-12-18,"F","BE",2886
2021-12-19,"F","BE",2886
2021-12-20,"F","BE",3051
2021-12-21,"F","BE",2964
2021-12-22,"F","BE",2940
2021-12-23,"F","BE",2873
2021-12-24,"F","BE",2899
2021-12-25,"F","BE",2922
2021-12-26,"F","BE",2914
2021-12-27,"F","BE",2926
2021-12-28,"F","BE",2941
2021-12-29,"F","BE",2909
2021-12-30,"F","BE",2945
2022-01-02,"F","BE",2906
2022-01-03,"F","BE",2951
2022-01-04,"F","BE",3004
2022-01-05,"F","BE",3089
2022-01-06,"F","BE",2871
2022-01-07,"F","BE",3098
2022-01-08,"F","BE",2952
2022-01-09,"F","BE",2914
2022-01-10,"F","BE",2962
2022-01-11,"F","BE",2845
2022-01-12,"F","BE",2851
2022-01-13,"F","BE",2856
2022-01-14,"F","BE",2848
2022-01-15,"F","BE",2770
2022-01-16,"F","BE",2870
2022-01-17,"F","BE",2905
2022-01-18,"F","BE",3001
2022-01-19,"F","BE",2890
2022-01-20,"F","BE",2981
2022-01-21,"F","BE",2909
2022-01-22,"F","BE",2768
2022-01-23,"F","BE",2814
2022-01-24,"F","BE",2795
2022-01-25,"F","BE",2700
2022-01-26,"F","BE",2883
2022-01-27,"F","BE",2751
2022-01-28,"F","BE",2904
2022-01-29,"F","BE",2752
2022-01-30,"F","BE",2699
2022-01-31,"F","BE",2716
2022-02-01,"F","BE",2852
2022-02-02,"F","BE",2658
2022-02-03,"F","BE",2742
2022-02-04,"F","BE",2591
2022-02-05,"F","BE",2689
2022-02-06,"F","BE",2701
2022-02-07,"F","BE",2730
2022-02-08,"F","BE",2642
2022-02-09,"F","BE",2653
2022-02-10,"F","BE",2763
2022-02-11,"F","BE",2729
2022-02-12,"F","BE",2857
2022-02-13,"F","BE",2717
2022-02-14,"F","BE",2747
2022-02-15,"F","BE",2751
2022-02-16,"F","BE",2825
2022-02-17,"F","BE",2851
2022-02-18,"F","BE",2795
2022-02-19,"F","BE",2787
2022-02-20,"F","BE",2709
2022-02-21,"F","BE",2638
2022-02-22,"F","BE",2711
2022-02-23,"F","BE",2782
2022-02-24,"F","BE",2621
2022-02-25,"F","BE",2541
2022-02-26,"F","BE",2703
2022-02-27,"F","BE",2608
2022-02-28,"F","BE",2691
2022-03-01,"F","BE",2748
2022-03-02,"F","BE",2785
2022-03-03,"F","BE",2701
2022-03-04,"F","BE",2625
2022-03-05,"F","BE",2634
2022-03-06,"F","BE",2701
2022-03-07,"F","BE",2644
2022-03-08,"F","BE",2591
2022-03-09,"F","BE",2578
2022-03-10,"F","BE",2404
2022-03-11,"F","BE",2363
2022-03-12,"F","BE",2456
2022-03-13,"F","BE",2416
2022-03-14,"F","BE",2467
2022-03-15,"F","BE",2395
2022-03-16,"F","BE",2459
2022-03-17,"F","BE",2431
2022-03-18,"F","BE",2268
2022-03-19,"F","BE",2415
2022-03-20,"F","BE",2202
2022-03-21,"F","BE",2270
2022-03-22,"F","BE",2358
2022-03-23,"F","BE",2333
2022-03-24,"F","BE",2398
2022-03-25,"F","BE",2231
2022-03-26,"F","BE",2075
2022-03-27,"F","BE",2281
2022-03-28,"F","BE",2238
2022-03-29,"F","BE",2227
2022-03-30,"F","BE",2223
2022-03-31,"F","BE",2238
2022-04-01,"F","BE",2283
2022-04-02,"F","BE",2175
2022-04-03,"F","BE",2251
2022-04-04,"F","BE",2098
2022-04-05,"F","BE",2158
2022-04-06,"F","BE",1938
2022-04-07,"F","BE",2026
2022-04-08,"F","BE",2019
2022-04-09,"F","BE",1946
2022-04-10,"F","BE",1968
2022-04-11,"F","BE",2024
2022-04-12,"F","BE",1854
2022-04-13,"F","BE",1825
2022-04-14,"F","BE",1939
2022-04-15,"F","BE",1926
2022-04-16,"F","BE",1849
2022-04-17,"F","BE",1845
2022-04-18,"F","BE",1738
2022-04-19,"F","BE",1931
2022-04-20,"F","BE",1952
2022-04-21,"F","BE",1871
2022-04-22,"F","BE",1987
2022-04-23,"F","BE",1977
2022-04-24,"F","BE",1951
2022-04-25,"F","BE",1914
2022-04-26,"F","BE",1859
2022-04-27,"F","BE",1914
2022-04-28,"F","BE",1872
2022-04-29,"F","BE",1910
2022-04-30,"F","BE",1773
2022-05-01,"F","BE",1793
2022-05-02,"F","BE",1881
2022-05-03,"F","BE",1901
2022-05-04,"F","BE",1774
2022-05-05,"F","BE",1893
2022-05-06,"F","BE",1830
2022-05-07,"F","BE",1865
2022-05-08,"F","BE",1846
2022-05-09,"F","BE",2028
2022-05-10,"F","BE",1983
2022-05-11,"F","BE",1882
2022-05-12,"F","BE",1957
2022-05-13,"F","BE",1901
2022-05-14,"F","BE",1924
2022-05-15,"F","BE",2011
2022-05-16,"F","BE",1914
2022-05-17,"F","BE",1958
2022-05-18,"F","BE",2015
2022-05-19,"F","BE",2099
2022-05-20,"F","BE",2113
2022-05-21,"F","BE",2033
2022-05-22,"F","BE",2082
2022-05-23,"F","BE",1999
2022-05-24,"F","BE",1910
2022-05-25,"F","BE",1952
2022-05-26,"F","BE",2138
2022-05-27,"F","BE",2115
2022-05-28,"F","BE",1920
2022-05-29,"F","BE",2023
2022-05-30,"F","BE",2086
2022-05-31,"F","BE",1968
2022-06-01,"F","BE",1972
2022-06-02,"F","BE",1966
2022-06-03,"F","BE",1945
2022-06-04,"F","BE",1936
2022-06-05,"F","BE",1830
2022-06-06,"F","BE",2011
2022-06-07,"F","BE",1949
2022-06-08,"F","BE",2023
2022-06-09,"F","BE",1842
2022-06-10,"F","BE",1765
2022-06-11,"F","BE",1887
2022-06-12,"F","BE",1908
2022-06-13,"F","BE",1864
2022-06-14,"F","BE",1801
2022-06-15,"F","BE",1874
2022-06-16,"F","BE",1793
2022-06-17,"F","BE",1761
2022-06-18,"F","BE",1926
2022-06-19,"F","BE",1864
2022-06-20,"F","BE",1842
2022-06-21,"F","BE",1814
2022-06-22,"F","BE",1942
2022-06-23,"F","BE",1952
2022-06-24,"F","BE",1902
2022-06-25,"F","BE",1799
2022-06-26,"F","BE",1848
2022-06-27,"F","BE",1960
2022-06-28,"F","BE",1965
2022-06-29,"F","BE",1992
2022-06-30,"F","BE",1961
2022-07-01,"F","BE",1954
2022-07-02,"F","BE",1914
2022-07-03,"F","BE",1906
2022-07-04,"F","BE",1874
2022-07-05,"F","BE",1840
2022-07-06,"F","BE",1953
2022-07-07,"F","BE",1977
2022-07-08,"F","BE",1812
2022-07-09,"F","BE",1721
2022-07-10,"F","BE",1817
2022-07-11,"F","BE",1888
2022-07-12,"F","BE",1700
2022-07-13,"F","BE",1719
2022-07-14,"F","BE",1914
2022-07-15,"F","BE",1798
2022-07-16,"F","BE",1781
2022-07-17,"F","BE",1657
2022-07-18,"F","BE",1663
2022-07-19,"F","BE",1875
2022-07-20,"F","BE",1680
2022-07-21,"F","BE",1810
2022-07-22,"F","BE",1758
2022-07-23,"F","BE",1708
2022-07-24,"F","BE",1780
2022-07-25,"F","BE",1684
2022-07-26,"F","BE",1858
2022-07-27,"F","BE",1657
2022-07-28,"F","BE",1529
2022-07-29,"F","BE",1644
2022-07-30,"F","BE",1685
2022-07-31,"F","BE",1779
2022-08-01,"F","BE",1781
2022-08-02,"F","BE",1656
2022-08-03,"F","BE",1865
2022-08-04,"F","BE",1718
2022-08-05,"F","BE",1775
2022-08-06,"F","BE",1688
2022-08-07,"F","BE",1796
2022-08-08,"F","BE",1728
2022-08-09,"F","BE",1533
2022-08-10,"F","BE",1663
2022-08-11,"F","BE",1453
2022-08-12,"F","BE",1434
2022-08-13,"F","BE",1471
2022-08-14,"F","BE",1568
2022-08-15,"F","BE",1491
2022-08-16,"F","BE",1428
2022-08-17,"F","BE",1485
2022-08-18,"F","BE",1483
2022-08-19,"F","BE",1443
2022-08-20,"F","BE",1486
2022-08-21,"F","BE",1517
2022-08-22,"F","BE",1526
2022-08-23,"F","BE",1719
2022-08-24,"F","BE",1622
2022-08-25,"F","BE",1634
2022-08-26,"F","BE",1813
2022-08-27,"F","BE",1707
2022-08-28,"F","BE",1756
2022-08-29,"F","BE",1854
2022-08-30,"F","BE",1661
2022-08-31,"F","BE",1663
2022-09-01,"F","BE",1771
2022-09-02,"F","BE",1826
2022-09-03,"F","BE",1648
2022-09-04,"F","BE",1731
2022-09-05,"F","BE",1657
2022-09-06,"F","BE",1775
2022-09-07,"F","BE",1826
2022-09-08,"F","BE",1853
2022-09-09,"F","BE",1776
2022-09-10,"F","BE",1912
2022-09-11,"F","BE",1739
2022-09-12,"F","BE",1830
2022-09-13,"F","BE",1928
2022-09-14,"F","BE",1964
2022-09-15,"F","BE",1985
2022-09-16,"F","BE",1986
2022-09-17,"F","BE",1901
2022-09-18,"F","BE",1975
2022-09-19,"F","BE",1948
2022-09-20,"F","BE",1873
2022-09-21,"F","BE",1863
2022-09-22,"F","BE",1832
2022-09-23,"F","BE",1837
2022-09-24,"F","BE",1828
2022-09-25,"F","BE",1810
2022-09-26,"F","BE",1866
2022-09-27,"F","BE",1908
2022-09-28,"F","BE",2038
2022-09-29,"F","BE",1909
2022-09-30,"F","BE",1867
2022-10-01,"F","BE",2034
2022-10-02,"F","BE",1996
2022-10-03,"F","BE",2145
2022-10-04,"F","BE",2207
2022-10-05,"F","BE",2111
2022-10-06,"F","BE",2074
2022-10-07,"F","BE",2135
2022-10-08,"F","BE",2192
2022-10-09,"F","BE",1977
2022-10-10,"F","BE",2070
2022-10-11,"F","BE",2155
2022-10-12,"F","BE",2095
2022-10-13,"F","BE",2035
2022-10-14,"F","BE",2128
2022-10-15,"F","BE",2046
2022-10-16,"F","BE",2037
2022-10-17,"F","BE",2019
2022-10-18,"F","BE",2049
2022-10-19,"F","BE",2145
2022-10-20,"F","BE",2061
2022-10-21,"F","BE",2016
2022-10-22,"F","BE",2276
2022-10-23,"F","BE",2204
2022-10-24,"F","BE",2078
2022-10-25,"F","BE",2165
2022-10-26,"F","BE",2200
2022-10-27,"F","BE",2038
2022-10-28,"F","BE",2000
2022-10-29,"F","BE",1970
2022-10-30,"F","BE",2032
2022-10-31,"F","BE",2037
2022-11-01,"F","BE",2107
2022-11-02,"F","BE",2093
2022-11-03,"F","BE",2045
2022-11-04,"F","BE",2158
2022-11-05,"F","BE",2227
2022-11-06,"F","BE",2166
2022-11-07,"F","BE",2123
2022-11-08,"F","BE",2148
2022-11-09,"F","BE",2041
2022-11-10,"F","BE",2174
2022-11-11,"F","BE",2120
2022-11-12,"F","BE",2123
2022-11-13,"F","BE",2221
2022-11-14,"F","BE",2142
2022-11-15,"F","BE",2193
2022-11-16,"F","BE",2073
2022-11-17,"F","BE",2216
2022-11-18,"F","BE",2267
2022-11-19,"F","BE",2148
2022-11-20,"F","BE",2281
2022-11-21,"F","BE",2334
2022-11-22,"F","BE",2277
2022-11-23,"F","BE",2212
2022-11-24,"F","BE",2283
2022-11-25,"F","BE",2230
2022-11-26,"F","BE",2221
2022-11-27,"F","BE",2242
2022-11-28,"F","BE",2264
2022-11-29,"F","BE",2298
2022-11-30,"F","BE",2140
2022-12-01,"F","BE",2146
2022-12-02,"F","BE",2187
2022-12-03,"F","BE",2138
2022-12-04,"F","BE",2191
2022-12-05,"F","BE",2351
2022-12-06,"F","BE",2147
2022-12-07,"F","BE",2299
2022-12-08,"F","BE",2158
2022-12-09,"F","BE",2308
2022-12-10,"F","BE",2279
2022-12-11,"F","BE",2273
2022-12-12,"F","BE",2277
2022-12-13,"F","BE",2100
2022-12-14,"F","BE",2238
2022-12-15,"F","BE",2295
2022-12-16,"F","BE",2330
2022-12-17,"F","BE",2285
2022-12-18,"F","BE",2192
2022-12-19,"F","BE",2234
2022-12-20,"F","BE",2288
2022-12-21,"F","BE",2281
2022-12-22,"F","BE",2262
2022-12-23,"F","BE",2237
2022-12-24,"F","BE",2302
2022-12-25,"F","BE",2347
2022-12-26,"F","BE",2394
2022-12-27,"F","BE",2292
2022-12-28,"F","BE",2386
2022-12-29,"F","BE",2269
2022-12-30,"F","BE",2357
2023-01-02,"F","BE",2256
2023-01-03,"F","BE",2373
2023-01-04,"F","BE",2324
2023-01-05,"F","BE",2534
2023-01-06,"F","BE",2297
2023-01-07,"F","BE",2564
2023-01-08,"F","BE",2205
2023-01-09,"F","BE",2305
2023-01-10,"F","BE",2381
2023-01-11,"F","BE",2267
2023-01-12,"F","BE",2288
2023-01-13,"F","BE",2343
2023-01-14,"F","BE",2278
2023-01-15,"F","BE",2148
2023-01-16,"F","BE",2256
2023-01-17,"F","BE",2282
2023-01-18,"F","BE",2300
2023-01-19,"F","BE",2196
2023-01-20,"F","BE",2366
2023-01-21,"F","BE",2368
2023-01-22,"F","BE",2078
2023-01-23,"F","BE",2205
2023-01-24,"F","BE",2177
2023-01-25,"F","BE",2125
2023-01-26,"F","BE",2197
2023-01-27,"F","BE",2162
2023-01-28,"F","BE",2329
2023-01-29,"F","BE",2154
2023-01-30,"F","BE",2163
2023-01-31,"F","BE",2197
2023-02-01,"F","BE",2381
2023-02-02,"F","BE",1981
2023-02-03,"F","BE",2023
2023-02-04,"F","BE",2052
2023-02-05,"F","BE",2137
2023-02-06,"F","BE",2098
2023-02-07,"F","BE",2177
2023-02-08,"F","BE",2119
2023-02-09,"F","BE",1974
2023-02-10,"F","BE",2099
2023-02-11,"F","BE",2202
2023-02-12,"F","BE",2321
2023-02-13,"F","BE",2339
2023-02-14,"F","BE",2122
2023-02-15,"F","BE",2328
2023-02-16,"F","BE",2360
2023-02-17,"F","BE",2340
2023-02-18,"F","BE",2223
2023-02-19,"F","BE",2279
2023-02-20,"F","BE",2120
2023-02-21,"F","BE",2098
2023-02-22,"F","BE",2139
2023-02-23,"F","BE",2197
2023-02-24,"F","BE",2111
2023-02-25,"F","BE",2079
2023-02-26,"F","BE",2176
2023-02-27,"F","BE",2109
2023-02-28,"F","BE",2191
2023-03-01,"F","BE",2274
2023-03-02,"F","BE",2209
2023-03-03,"F","BE",2170
2023-03-04,"F","BE",2118
2023-03-05,"F","BE",2108
2023-03-06,"F","BE",2060
2023-03-07,"F","BE",2160
2023-03-08,"F","BE",2088
2023-03-09,"F","BE",2021
2023-03-10,"F","BE",1857
2023-03-11,"F","BE",1952
2023-03-12,"F","BE",1964
2023-03-13,"F","BE",1908
2023-03-14,"F","BE",1768
2023-03-15,"F","BE",1811
2023-03-16,"F","BE",2036
2023-03-17,"F","BE",1924
2023-03-18,"F","BE",1713
2023-03-19,"F","BE",1859
2023-03-20,"F","BE",1855
2023-03-21,"F","BE",1886
2023-03-22,"F","BE",1832
2023-03-23,"F","BE",1803
2023-03-24,"F","BE",1717
2023-03-25,"F","BE",1693
2023-03-26,"F","BE",1511
2023-03-27,"F","BE",1735
2023-03-28,"F","BE",1595
2023-03-29,"F","BE",1674
2023-03-30,"F","BE",1759
2023-03-31,"F","BE",1854
2023-04-01,"F","BE",1715
2023-04-02,"F","BE",1829
2023-04-03,"F","BE",1720
2023-04-04,"F","BE",1591
2023-04-05,"F","BE",1651
2023-04-06,"F","BE",1416
2023-04-07,"F","BE",1478
2023-04-08,"F","BE",1469
2023-04-09,"F","BE",1356
2023-04-10,"F","BE",1489
2023-04-11,"F","BE",1447
2023-04-12,"F","BE",1391
2023-04-13,"F","BE",1232
2023-04-14,"F","BE",1444
2023-04-15,"F","BE",1372
2023-04-16,"F","BE",1186
2023-04-17,"F","BE",1296
2023-04-18,"F","BE",1369
2023-04-19,"F","BE",1383
2023-04-20,"F","BE",1386
2023-04-21,"F","BE",1543
2023-04-22,"F","BE",1528
2023-04-23,"F","BE",1426
2023-04-24,"F","BE",1412
2023-04-25,"F","BE",1344
2023-04-26,"F","BE",1263
2023-04-27,"F","BE",1502
2023-04-28,"F","BE",1414
2023-04-29,"F","BE",1360
2023-04-30,"F","BE",1335
2023-05-01,"F","BE",1334
2023-05-02,"F","BE",1332
2023-05-03,"F","BE",1345
2023-05-04,"F","BE",1293
2023-05-05,"F","BE",1426
2023-05-06,"F","BE",1449
2023-05-07,"F","BE",1412
2023-05-08,"F","BE",1421
2023-05-09,"F","BE",1492
2023-05-10,"F","BE",1606
2023-05-11,"F","BE",1491
2023-05-12,"F","BE",1601
2023-05-13,"F","BE",1503
2023-05-14,"F","BE",1422
2023-05-15,"F","BE",1723
2023-05-16,"F","BE",1440
2023-05-17,"F","BE",1690
2023-05-18,"F","BE",1629
2023-05-19,"F","BE",1667
2023-05-20,"F","BE",1737
2023-05-21,"F","BE",1669
2023-05-22,"F","BE",1667
2023-05-23,"F","BE",1613
2023-05-24,"F","BE",1409
2023-05-25,"F","BE",1560
2023-05-26,"F","BE",1605
2023-05-27,"F","BE",1643
2023-05-28,"F","BE",1615
2023-05-29,"F","BE",1623
2023-05-30,"F","BE",1652
2023-05-31,"F","BE",1524
2023-06-01,"F","BE",1513
2023-06-02,"F","BE",1676
2023-06-03,"F","BE",1596
2023-06-04,"F","BE",1538
2023-06-05,"F","BE",1561
2023-06-06,"F","BE",1673
2023-06-07,"F","BE",1599
2023-06-08,"F","BE",1664
2023-06-09,"F","BE",1610
2023-06-10,"F","BE",1559
2023-06-11,"F","BE",1617
2023-06-12,"F","BE",1564
2023-06-13,"F","BE",1390
2023-06-14,"F","BE",1411
2023-06-15,"F","BE",1546
2023-06-16,"F","BE",1546
2023-06-17,"F","BE",1383
2023-06-18,"F","BE",1628
2023-06-19,"F","BE",1501
2023-06-20,"F","BE",1536
2023-06-21,"F","BE",1433
2023-06-22,"F","BE",1685
2023-06-23,"F","BE",1637
2023-06-24,"F","BE",1557
2023-06-25,"F","BE",1472
2023-06-26,"F","BE",1517
2023-06-27,"F","BE",1661
2023-06-28,"F","BE",1626
2023-06-29,"F","BE",1734
2023-06-30,"F","BE",1740
2023-07-01,"F","BE",1709
2023-07-02,"F","BE",1635
2023-07-03,"F","BE",1641
2023-07-04,"F","BE",1509
2023-07-05,"F","BE",1609
2023-07-06,"F","BE",1571
2023-07-07,"F","BE",1710
2023-07-08,"F","BE",1499
2023-07-09,"F","BE",1449
2023-07-10,"F","BE",1513
2023-07-11,"F","BE",1648
2023-07-12,"F","BE",1340
2023-07-13,"F","BE",1521
2023-07-14,"F","BE",1558
2023-07-15,"F","BE",1548
2023-07-16,"F","BE",1591
2023-07-17,"F","BE",1257
2023-07-18,"F","BE",1379
2023-07-19,"F","BE",1507
2023-07-20,"F","BE",1391
2023-07-21,"F","BE",1558
2023-07-22,"F","BE",1535
2023-07-23,"F","BE",1457
2023-07-24,"F","BE",1424
2023-07-25,"F","BE",1510
2023-07-26,"F","BE",1643
2023-07-27,"F","BE",1443
2023-07-28,"F","BE",1353
2023-07-29,"F","BE",1329
2023-07-30,"F","BE",1364
2023-07-31,"F","BE",1491
2023-08-01,"F","BE",1453
2023-08-02,"F","BE",1551
2023-08-03,"F","BE",1671
2023-08-04,"F","BE",1573
2023-08-05,"F","BE",1681
2023-08-06,"F","BE",1476
2023-08-07,"F","BE",1665
2023-08-08,"F","BE",1473
2023-08-09,"F","BE",1350
2023-08-10,"F","BE",1446
2023-08-11,"F","BE",1151
2023-08-12,"F","BE",1157
2023-08-13,"F","BE",1357
2023-08-14,"F","BE",1248
2023-08-15,"F","BE",1307
2023-08-16,"F","BE",1284
2023-08-17,"F","BE",1248
2023-08-18,"F","BE",1227
2023-08-19,"F","BE",1261
2023-08-20,"F","BE",1249
2023-08-21,"F","BE",1328
2023-08-22,"F","BE",1385
2023-08-23,"F","BE",1547
2023-08-24,"F","BE",1328
2023-08-25,"F","BE",1584
2023-08-26,"F","BE",1611
2023-08-27,"F","BE",1500
2023-08-28,"F","BE",1554
2023-08-29,"F","BE",1636
2023-08-30,"F","BE",1403
2023-08-31,"F","BE",1368
2023-09-01,"F","BE",1579
2023-09-02,"F","BE",1678
2023-09-03,"F","BE",1462
2023-09-04,"F","BE",1572
2023-09-05,"F","BE",1446
2023-09-06,"F","BE",1621
2023-09-07,"F","BE",1762
2023-09-08,"F","BE",1695
2023-09-09,"F","BE",1515
2023-09-10,"F","BE",1763
2023-09-11,"F","BE",1613
2023-09-12,"F","BE",1804
2023-09-13,"F","BE",1645
2023-09-14,"F","BE",1894
2023-09-15,"F","BE",1785
2023-09-16,"F","BE",1965
2023-09-17,"F","BE",1740
2023-09-18,"F","BE",1898
2023-09-19,"F","BE",1761
2023-09-20,"F","BE",1720
2023-09-21,"F","BE",1770
2023-09-22,"F","BE",1805
2023-09-23,"F","BE",1809
2023-09-24,"F","BE",1637
2023-09-25,"F","BE",1746
2023-09-26,"F","BE",1646
2023-09-27,"F","BE",1906
2023-09-28,"F","BE",1881
2023-09-29,"F","BE",1855
2023-09-30,"F","BE",1865
2023-10-01,"F","BE",1941
2023-10-02,"F","BE",1947
2023-10-03,"F","BE",2014
2023-10-04,"F","BE",2309
2023-10-05,"F","BE",2046
2023-10-06,"F","BE",2068
2023-10-07,"F","BE",2172
2023-10-08,"F","BE",2114
2023-10-09,"F","BE",2138
2023-10-10,"F","BE",1862
2023-10-11,"F","BE",2083
2023-10-12,"F","BE",2014
2023-10-13,"F","BE",2069
2023-10-14,"F","BE",1984
2023-10-15,"F","BE",2155
2023-10-16,"F","BE",2051
2023-10-17,"F","BE",1958
2023-10-18,"F","BE",1969
2023-10-19,"F","BE",2081
2023-10-20,"F","BE",2108
2023-10-21,"F","BE",1994
2023-10-22,"F","BE",2285
2023-10-23,"F","BE",2171
2023-10-24,"F","BE",2067
2023-10-25,"F","BE",2180
2023-10-26,"F","BE",2237
2023-10-27,"F","BE",2051
2023-10-28,"F","BE",2040
2023-10-29,"F","BE",1897
2023-10-30,"F","BE",2099
2023-10-31,"F","BE",1991
2023-11-01,"F","BE",2020
2023-11-02,"F","BE",2178
2023-11-03,"F","BE",2016
2023-11-04,"F","BE",2213
2023-11-05,"F","BE",2169
2023-11-06,"F","BE",2275
2023-11-07,"F","BE",2245
2023-11-08,"F","BE",2167
2023-11-09,"F","BE",2131
2023-11-10,"F","BE",2253
2023-11-11,"F","BE",2118
2023-11-12,"F","BE",2355
2023-11-13,"F","BE",2161
2023-11-14,"F","BE",2207
2023-11-15,"F","BE",2239
2023-11-16,"F","BE",1977
2023-11-17,"F","BE",2225
2023-11-18,"F","BE",2342
2023-11-19,"F","BE",2279
2023-11-20,"F","BE",2347
2023-11-21,"F","BE",2422
2023-11-22,"F","BE",2460
2023-11-23,"F","BE",2224
2023-11-24,"F","BE",2350
2023-11-25,"F","BE",2251
2023-11-26,"F","BE",2256
2023-11-27,"F","BE",2242
2023-11-28,"F","BE",2253
2023-11-29,"F","BE",2211
2023-11-30,"F","BE",2132
2023-12-01,"F","BE",2307
2023-12-02,"F","BE",2289
2023-12-03,"F","BE",2132
2023-12-04,"F","BE",2242
2023-12-05,"F","BE",2342
2023-12-06,"F","BE",2071
2023-12-07,"F","BE",2293
2023-12-08,"F","BE",2387
2023-12-09,"F","BE",2348
2023-12-10,"F","BE",2399
2023-12-11,"F","BE",2428
2023-12-12,"F","BE",2321
2023-12-13,"F","BE",2208
2023-12-14,"F","BE",2501
2023-12-15,"F","BE",2483
2023-12-16,"F","BE",2459
2023-12-17,"F","BE",2364
2023-12-18,"F","BE",2391
2023-12-19,"F","BE",2341
2023-12-20,"F","BE",2372
2023-12-21,"F","BE",2464
2023-12-22,"F","BE",2421
2023-12-23,"F","BE",2325
2023-12-24,"F","BE",2468
2023-12-25,"F","BE",2377
2023-12-26,"F","BE",2554
2023-12-27,"F","BE",2380
2023-12-28,"F","BE",2580
2023-12-29,"F","BE",2294
2023-12-30,"F","BE",2382
2021-01-02,"A","PN",433
2021-01-03,"A","PN",436
2021-01-04,"A","PN",440
2021-01-05,"A","PN",431
2021-01-06,"A","PN",440
2021-01-07,"A","PN",438
2021-01-08,"A","PN",435
2021-01-09,"A","PN",435
2021-01-10,"A","PN",436
2021-01-11,"A","PN",431
2021-01-12,"A","PN",430
2021-01-13,"A","PN",427
2021-01-14,"A","PN",433
2021-01-15,"A","PN",417
2021-01-16,"A","PN",422
2021-01-17,"A","PN",430
2021-01-18,"A","PN",432
2021-01-19,"A","PN",435
2021-01-20,"A","PN",429
2021-01-21,"A","PN",428
2021-01-22,"A","PN",419
2021-01-23,"A","PN",419
2021-01-24,"A","PN",414
2021-01-25,"A","PN",409
2021-01-26,"A","PN",415
2021-01-27,"A","PN",406
2021-01-28,"A","PN",431
2021-01-29,"A","PN",429
2021-01-30,"A","PN",422
2021-01-31,"A","PN",416
2021-02-01,"A","PN",419
2021-02-02,"A","PN",424
2021-02-03,"A","PN",416
2021-02-04,"A","PN",409
2021-02-05,"A","PN",408
2021-02-06,"A","PN",406
2021-02-07,"A","PN",408
2021-02-08,"A","PN",410
2021-02-09,"A","PN",407
2021-02-10,"A","PN",412
2021-02-11,"A","PN",419
2021-02-12,"A","PN",423
2021-02-13,"A","PN",424
2021-02-14,"A","PN",424
2021-02-15,"A","PN",433
2021-02-16,"A","PN",419
2021-02-17,"A","PN",423
2021-02-18,"A","PN",411
2021-02-19,"A","PN",422
2021-02-20,"A","PN",411
2021-02-21,"A","PN",409
2021-02-22,"A","PN",417
2021-02-23,"A","PN",412
2021-02-24,"A","PN",415
2021-02-25,"A","PN",407
2021-02-26,"A","PN",413
2021-02-27,"A","PN",414
2021-02-28,"A","PN",420
2021-03-01,"A","PN",418
2021-03-02,"A","PN",408
2021-03-03,"A","PN",410
2021-03-04,"A","PN",403
2021-03-05,"A","PN",405
2021-03-06,"A","PN",419
2021-03-07,"A","PN",401
2021-03-08,"A","PN",390
2021-03-09,"A","PN",395
2021-03-10,"A","PN",387
2021-03-11,"A","PN",379
2021-03-12,"A","PN",378
2021-03-13,"A","PN",381
2021-03-14,"A","PN",386
2021-03-15,"A","PN",369
2021-03-16,"A","PN",378
2021-03-17,"A","PN",372
2021-03-18,"A","PN",382
2021-03-19,"A","PN",364
2021-03-20,"A","PN",363
2021-03-21,"A","PN",363
2021-03-22,"A","PN",365
2021-03-23,"A","PN",369
2021-03-24,"A","PN",362
2021-03-25,"A","PN",366
2021-03-26,"A","PN",350
2021-03-27,"A","PN",354
2021-03-28,"A","PN",350
2021-03-29,"A","PN",361
2021-03-30,"A","PN",355
2021-03-31,"A","PN",354
2021-04-01,"A","PN",349
2021-04-02,"A","PN",345
2021-04-03,"A","PN",344
2021-04-04,"A","PN",358
2021-04-05,"A","PN",350
2021-04-06,"A","PN",342
2021-04-07,"A","PN",334
2021-04-08,"A","PN",324
2021-04-09,"A","PN",322
2021-04-10,"A","PN",316
2021-04-11,"A","PN",319
2021-04-12,"A","PN",322
2021-04-13,"A","PN",303
2021-04-14,"A","PN",317
2021-04-15,"A","PN",311
2021-04-16,"A","PN",292
2021-04-17,"A","PN",302
2021-04-18,"A","PN",309
2021-04-19,"A","PN",308
2021-04-20,"A","PN",324
2021-04-21,"A","PN",321
2021-04-22,"A","PN",322
2021-04-23,"A","PN",323
2021-04-24,"A","PN",321
2021-04-25,"A","PN",312
2021-04-26,"A","PN",310
2021-04-27,"A","PN",316
2021-04-28,"A","PN",312
2021-04-29,"A","PN",319
2021-04-30,"A","PN",324
2021-05-01,"A","PN",312
2021-05-02,"A","PN",309
2021-05-03,"A","PN",320
2021-05-04,"A","PN",302
2021-05-05,"A","PN",315
2021-05-06,"A","PN",302
2021-05-07,"A","PN",315
2021-05-08,"A","PN",318
2021-05-09,"A","PN",319
2021-05-10,"A","PN",318
2021-05-11,"A","PN",319
2021-05-12,"A","PN",320
2021-05-13,"A","PN",322
2021-05-14,"A","PN",333
2021-05-15,"A","PN",338
2021-05-16,"A","PN",333
2021-05-17,"A","PN",322
2021-05-18,"A","PN",337
2021-05-19,"A","PN",342
2021-05-20,"A","PN",336
2021-05-21,"A","PN",338
2021-05-22,"A","PN",349
2021-05-23,"A","PN",341
2021-05-24,"A","PN",344
2021-05-25,"A","PN",344
2021-05-26,"A","PN",359
2021-05-27,"A","PN",353
2021-05-28,"A","PN",345
2021-05-29,"A","PN",341
2021-05-30,"A","PN",337
2021-05-31,"A","PN",336
2021-06-01,"A","PN",329
2021-06-02,"A","PN",335
2021-06-03,"A","PN",328
2021-06-04,"A","PN",335
2021-06-05,"A","PN",319
2021-06-06,"A","PN",339
2021-06-07,"A","PN",334
2021-06-08,"A","PN",332
2021-06-09,"A","PN",342
2021-06-10,"A","PN",331
2021-06-11,"A","PN",331
2021-06-12,"A","PN",326
2021-06-13,"A","PN",318
2021-06-14,"A","PN",313
2021-06-15,"A","PN",323
2021-06-16,"A","PN",319
2021-06-17,"A","PN",338
2021-06-18,"A","PN",332
2021-06-19,"A","PN",337
2021-06-20,"A","PN",322
2021-06-21,"A","PN",329
2021-06-22,"A","PN",341
2021-06-23,"A","PN",339
2021-06-24,"A","PN",349
2021-06-25,"A","PN",338
2021-06-26,"A","PN",336
2021-06-27,"A","PN",345
2021-06-28,"A","PN",351
2021-06-29,"A","PN",358
2021-06-30,"A","PN",348
2021-07-01,"A","PN",335
2021-07-02,"A","PN",345
2021-07-03,"A","PN",339
2021-07-04,"A","PN",341
2021-07-05,"A","PN",341
2021-07-06,"A","PN",357
2021-07-07,"A","PN",335
2021-07-08,"A","PN",330
2021-07-09,"A","PN",335
2021-07-10,"A","PN",324
2021-07-11,"A","PN",344
2021-07-12,"A","PN",329
2021-07-13,"A","PN",336
2021-07-14,"A","PN",339
2021-07-15,"A","PN",341
2021-07-16,"A","PN",336
2021-07-17,"A","PN",338
2021-07-18,"A","PN",317
2021-07-19,"A","PN",339
2021-07-20,"A","PN",325
2021-07-21,"A","PN",330
2021-07-22,"A","PN",322
2021-07-23,"A","PN",319
2021-07-24,"A","PN",324
2021-07-25,"A","PN",319
2021-07-26,"A","PN",341
2021-07-27,"A","PN",320
2021-07-28,"A","PN",310
2021-07-29,"A","PN",322
2021-07-30,"A","PN",324
2021-07-31,"A","PN",327
2021-08-01,"A","PN",322
2021-08-02,"A","PN",336
2021-08-03,"A","PN",338
2021-08-04,"A","PN",332
2021-08-05,"A","PN",334
2021-08-06,"A","PN",335
2021-08-07,"A","PN",329
2021-08-08,"A","PN",322
2021-08-09,"A","PN",320
2021-08-10,"A","PN",321
2021-08-11,"A","PN",307
2021-08-12,"A","PN",309
2021-08-13,"A","PN",312
2021-08-14,"A","PN",319
2021-08-15,"A","PN",308
2021-08-16,"A","PN",307
2021-08-17,"A","PN",306
2021-08-18,"A","PN",301
2021-08-19,"A","PN",307
2021-08-20,"A","PN",316
2021-08-21,"A","PN",316
2021-08-22,"A","PN",327
2021-08-23,"A","PN",340
2021-08-24,"A","PN",343
2021-08-25,"A","PN",341
2021-08-26,"A","PN",345
2021-08-27,"A","PN",349
2021-08-28,"A","PN",353
2021-08-29,"A","PN",356
2021-08-30,"A","PN",348
2021-08-31,"A","PN",350
2021-09-01,"A","PN",354
2021-09-02,"A","PN",349
2021-09-03,"A","PN",349
2021-09-04,"A","PN",359
2021-09-05,"A","PN",351
2021-09-06,"A","PN",355
2021-09-07,"A","PN",368
2021-09-08,"A","PN",368
2021-09-09,"A","PN",358
2021-09-10,"A","PN",363
2021-09-11,"A","PN",376
2021-09-12,"A","PN",375
2021-09-13,"A","PN",382
2021-09-14,"A","PN",400
2021-09-15,"A","PN",393
2021-09-16,"A","PN",397
2021-09-17,"A","PN",392
2021-09-18,"A","PN",380
2021-09-19,"A","PN",388
2021-09-20,"A","PN",394
2021-09-21,"A","PN",387
2021-09-22,"A","PN",382
2021-09-23,"A","PN",384
2021-09-24,"A","PN",386
2021-09-25,"A","PN",368
2021-09-26,"A","PN",392
2021-09-27,"A","PN",398
2021-09-28,"A","PN",412
2021-09-29,"A","PN",402
2021-09-30,"A","PN",402
2021-10-01,"A","PN",410
2021-10-02,"A","PN",427
2021-10-03,"A","PN",434
2021-10-04,"A","PN",434
2021-10-05,"A","PN",423
2021-10-06,"A","PN",424
2021-10-07,"A","PN",434
2021-10-08,"A","PN",430
2021-10-09,"A","PN",422
2021-10-10,"A","PN",427
2021-10-11,"A","PN",427
2021-10-12,"A","PN",418
2021-10-13,"A","PN",426
2021-10-14,"A","PN",425
2021-10-15,"A","PN",427
2021-10-16,"A","PN",418
2021-10-17,"A","PN",429
2021-10-18,"A","PN",416
2021-10-19,"A","PN",429
2021-10-20,"A","PN",437
2021-10-21,"A","PN",440
2021-10-22,"A","PN",449
2021-10-23,"A","PN",434
2021-10-24,"A","PN",430
2021-10-25,"A","PN",421
2021-10-26,"A","PN",431
2021-10-27,"A","PN",432
2021-10-28,"A","PN",426
2021-10-29,"A","PN",422
2021-10-30,"A","PN",431
2021-10-31,"A","PN",416
2021-11-01,"A","PN",430
2021-11-02,"A","PN",443
2021-11-03,"A","PN",440
2021-11-04,"A","PN",445
2021-11-05,"A","PN",445
2021-11-06,"A","PN",443
2021-11-07,"A","PN",442
2021-11-08,"A","PN",438
2021-11-09,"A","PN",432
2021-11-10,"A","PN",437
2021-11-11,"A","PN",432
2021-11-12,"A","PN",449
2021-11-13,"A","PN",452
2021-11-14,"A","PN",448
2021-11-15,"A","PN",451
2021-11-16,"A","PN",442
2021-11-17,"A","PN",458
2021-11-18,"A","PN",449
2021-11-19,"A","PN",452
2021-11-20,"A","PN",466
2021-11-21,"A","PN",465
2021-11-22,"A","PN",468
2021-11-23,"A","PN",465
2021-11-24,"A","PN",454
2021-11-25,"A","PN",462
2021-11-26,"A","PN",450
2021-11-27,"A","PN",454
2021-11-28,"A","PN",459
2021-11-29,"A","PN",466
2021-11-30,"A","PN",451
2021-12-01,"A","PN",460
2021-12-02,"A","PN",459
2021-12-03,"A","PN",453
2021-12-04,"A","PN",461
2021-12-05,"A","PN",468
2021-12-06,"A","PN",466
2021-12-07,"A","PN",470
2021-12-08,"A","PN",461
2021-12-09,"A","PN",463
2021-12-10,"A","PN",473
2021-12-11,"A","PN",461
2021-12-12,"A","PN",475
2021-12-13,"A","PN",471
2021-12-14,"A","PN",475
2021-12-15,"A","PN",478
2021-12-16,"A","PN",475
2021-12-17,"A","PN",467
2021-12-18,"A","PN",461
2021-12-19,"A","PN",477
2021-12-20,"A","PN",479
2021-12-21,"A","PN",477
2021-12-22,"A","PN",481
2021-12-23,"A","PN",477
2021-12-24,"A","PN",474
2021-12-25,"A","PN",484
2021-12-26,"A","PN",481
2021-12-27,"A","PN",480
2021-12-28,"A","PN",473
2021-12-29,"A","PN",482
2021-12-30,"A","PN",473
2022-01-02,"A","PN",486
2022-01-03,"A","PN",503
2022-01-04,"A","PN",489
2022-01-05,"A","PN",487
2022-01-06,"A","PN",493
2022-01-07,"A","PN",488
2022-01-08,"A","PN",480
2022-01-09,"A","PN",471
2022-01-10,"A","PN",483
2022-01-11,"A","PN",482
2022-01-12,"A","PN",492
2022-01-13,"A","PN",487
2022-01-14,"A","PN",479
2022-01-15,"A","PN",471
2022-01-16,"A","PN",474
2022-01-17,"A","PN",474
2022-01-18,"A","PN",491
2022-01-19,"A","PN",485
2022-01-20,"A","PN",477
2022-01-21,"A","PN",476
2022-01-22,"A","PN",467
2022-01-23,"A","PN",475
2022-01-24,"A","PN",473
2022-01-25,"A","PN",476
2022-01-26,"A","PN",466
2022-01-27,"A","PN",467
2022-01-28,"A","PN",484
2022-01-29,"A","PN",481
2022-01-30,"A","PN",476
2022-01-31,"A","PN",470
2022-02-01,"A","PN",471
2022-02-02,"A","PN",466
2022-02-03,"A","PN",462
2022-02-04,"A","PN",455
2022-02-05,"A","PN",448
2022-02-06,"A","PN",445
2022-02-07,"A","PN",459
2022-02-08,"A","PN",467
2022-02-09,"A","PN",468
2022-02-10,"A","PN",466
2022-02-11,"A","PN",466
2022-02-12,"A","PN",468
2022-02-13,"A","PN",476
2022-02-14,"A","PN",480
2022-02-15,"A","PN",485
2022-02-16,"A","PN",472
2022-02-17,"A","PN",484
2022-02-18,"A","PN",479
2022-02-19,"A","PN",475
2022-02-20,"A","PN",463
2022-02-21,"A","PN",461
2022-02-22,"A","PN",470
2022-02-23,"A","PN",471
2022-02-24,"A","PN",468
2022-02-25,"A","PN",473
2022-02-26,"A","PN",457
2022-02-27,"A","PN",475
2022-02-28,"A","PN",481
2022-03-01,"A","PN",469
2022-03-02,"A","PN",467
2022-03-03,"A","PN",467
2022-03-04,"A","PN",464
2022-03-05,"A","PN",465
2022-03-06,"A","PN",465
2022-03-07,"A","PN",472
2022-03-08,"A","PN",457
2022-03-09,"A","PN",461
2022-03-10,"A","PN",435
2022-03-11,"A","PN",440
2022-03-12,"A","PN",429
2022-03-13,"A","PN",445
2022-03-14,"A","PN",443
2022-03-15,"A","PN",435
2022-03-16,"A","PN",436
2022-03-17,"A","PN",452
2022-03-18,"A","PN",441
2022-03-19,"A","PN",434
2022-03-20,"A","PN",431
2022-03-21,"A","PN",430
2022-03-22,"A","PN",429
2022-03-23,"A","PN",439
2022-03-24,"A","PN",430
2022-03-25,"A","PN",419
2022-03-26,"A","PN",415
2022-03-27,"A","PN",420
2022-03-28,"A","PN",425
2022-03-29,"A","PN",419
2022-03-30,"A","PN",420
2022-03-31,"A","PN",409
2022-04-01,"A","PN",405
2022-04-02,"A","PN",409
2022-04-03,"A","PN",426
2022-04-04,"A","PN",416
2022-04-05,"A","PN",416
2022-04-06,"A","PN",399
2022-04-07,"A","PN",398
2022-04-08,"A","PN",394
2022-04-09,"A","PN",395
2022-04-10,"A","PN",382
2022-04-11,"A","PN",390
2022-04-12,"A","PN",391
2022-04-13,"A","PN",375
2022-04-14,"A","PN",372
2022-04-15,"A","PN",377
2022-04-16,"A","PN",358
2022-04-17,"A","PN",374
2022-04-18,"A","PN",372
2022-04-19,"A","PN",371
2022-04-20,"A","PN",391
2022-04-21,"A","PN",398
2022-04-22,"A","PN",399
2022-04-23,"A","PN",393
2022-04-24,"A","PN",391
2022-04-25,"A","PN",391
2022-04-26,"A","PN",390
2022-04-27,"A","PN",399
2022-04-28,"A","PN",391
2022-04-29,"A","PN",398
2022-04-30,"A","PN",393
2022-05-01,"A","PN",389
2022-05-02,"A","PN",389
2022-05-03,"A","PN",389
2022-05-04,"A","PN",397
2022-05-05,"A","PN",401
2022-05-06,"A","PN",394
2022-05-07,"A","PN",403
2022-05-08,"A","PN",403
2022-05-09,"A","PN",390
2022-05-10,"A","PN",402
2022-05-11,"A","PN",403
2022-05-12,"A","PN",402
2022-05-13,"A","PN",406
2022-05-14,"A","PN",413
2022-05-15,"A","PN",400
2022-05-16,"A","PN",417
2022-05-17,"A","PN",407
2022-05-18,"A","PN",408
2022-05-19,"A","PN",414
2022-05-20,"A","PN",420
2022-05-21,"A","PN",425
2022-05-22,"A","PN",431
2022-05-23,"A","PN",421
2022-05-24,"A","PN",414
2022-05-25,"A","PN",416
2022-05-26,"A","PN",433
2022-05-27,"A","PN",428
2022-05-28,"A","PN",431
2022-05-29,"A","PN",408
2022-05-30,"A","PN",412
2022-05-31,"A","PN",418
2022-06-01,"A","PN",429
2022-06-02,"A","PN",406
2022-06-03,"A","PN",396
2022-06-04,"A","PN",415
2022-06-05,"A","PN",408
2022-06-06,"A","PN",410
2022-06-07,"A","PN",410
2022-06-08,"A","PN",410
2022-06-09,"A","PN",427
2022-06-10,"A","PN",401
2022-06-11,"A","PN",406
2022-06-12,"A","PN",411
2022-06-13,"A","PN",393
2022-06-14,"A","PN",395
2022-06-15,"A","PN",405
2022-06-16,"A","PN",408
2022-06-17,"A","PN",408
2022-06-18,"A","PN",412
2022-06-19,"A","PN",420
2022-06-20,"A","PN",408
2022-06-21,"A","PN",413
2022-06-22,"A","PN",416
2022-06-23,"A","PN",418
2022-06-24,"A","PN",420
2022-06-25,"A","PN",414
2022-06-26,"A","PN",411
2022-06-27,"A","PN",420
2022-06-28,"A","PN",434
2022-06-29,"A","PN",437
2022-06-30,"A","PN",430
2022-07-01,"A","PN",416
2022-07-02,"A","PN",417
2022-07-03,"A","PN",411
2022-07-04,"A","PN",420
2022-07-05,"A","PN",416
2022-07-06,"A","PN",431
2022-07-07,"A","PN",413
2022-07-08,"A","PN",417
2022-07-09,"A","PN",410
2022-07-10,"A","PN",402
2022-07-11,"A","PN",417
2022-07-12,"A","PN",418
2022-07-13,"A","PN",418
2022-07-14,"A","PN",413
2022-07-15,"A","PN",418
2022-07-16,"A","PN",411
2022-07-17,"A","PN",408
2022-07-18,"A","PN",390
2022-07-19,"A","PN",408
2022-07-20,"A","PN",402
2022-07-21,"A","PN",414
2022-07-22,"A","PN",396
2022-07-23,"A","PN",398
2022-07-24,"A","PN",396
2022-07-25,"A","PN",395
2022-07-26,"A","PN",413
2022-07-27,"A","PN",394
2022-07-28,"A","PN",391
2022-07-29,"A","PN",396
2022-07-30,"A","PN",396
2022-07-31,"A","PN",412
2022-08-01,"A","PN",397
2022-08-02,"A","PN",399
2022-08-03,"A","PN",415
2022-08-04,"A","PN",399
2022-08-05,"A","PN",411
2022-08-06,"A","PN",413
2022-08-07,"A","PN",404
2022-08-08,"A","PN",412
2022-08-09,"A","PN",392
2022-08-10,"A","PN",395
2022-08-11,"A","PN",399
2022-08-12,"A","PN",379
2022-08-13,"A","PN",387
2022-08-14,"A","PN",384
2022-08-15,"A","PN",382
2022-08-16,"A","PN",380
2022-08-17,"A","PN",394
2022-08-18,"A","PN",385
2022-08-19,"A","PN",386
2022-08-20,"A","PN",376
2022-08-21,"A","PN",395
2022-08-22,"A","PN",386
2022-08-23,"A","PN",412
2022-08-24,"A","PN",418
2022-08-25,"A","PN",431
2022-08-26,"A","PN",411
2022-08-27,"A","PN",421
2022-08-28,"A","PN",421
2022-08-29,"A","PN",416
2022-08-30,"A","PN",418
2022-08-31,"A","PN",422
2022-09-01,"A","PN",424
2022-09-02,"A","PN",432
2022-09-03,"A","PN",432
2022-09-04,"A","PN",431
2022-09-05,"A","PN",440
2022-09-06,"A","PN",428
2022-09-07,"A","PN",436
2022-09-08,"A","PN",429
2022-09-09,"A","PN",432
2022-09-10,"A","PN",437
2022-09-11,"A","PN",430
2022-09-12,"A","PN",448
2022-09-13,"A","PN",454
2022-09-14,"A","PN",469
2022-09-15,"A","PN",457
2022-09-16,"A","PN",465
2022-09-17,"A","PN",446
2022-09-18,"A","PN",457
2022-09-19,"A","PN",448
2022-09-20,"A","PN",449
2022-09-21,"A","PN",459
2022-09-22,"A","PN",440
2022-09-23,"A","PN",439
2022-09-24,"A","PN",449
2022-09-25,"A","PN",439
2022-09-26,"A","PN",440
2022-09-27,"A","PN",459
2022-09-28,"A","PN",465
2022-09-29,"A","PN",468
2022-09-30,"A","PN",459
2022-10-01,"A","PN",480
2022-10-02,"A","PN",497
2022-10-03,"A","PN",494
2022-10-04,"A","PN",489
2022-10-05,"A","PN",481
2022-10-06,"A","PN",499
2022-10-07,"A","PN",497
2022-10-08,"A","PN",503
2022-10-09,"A","PN",493
2022-10-10,"A","PN",483
2022-10-11,"A","PN",482
2022-10-12,"A","PN",485
2022-10-13,"A","PN",480
2022-10-14,"A","PN",487
2022-10-15,"A","PN",480
2022-10-16,"A","PN",479
2022-10-17,"A","PN",484
2022-10-18,"A","PN",469
2022-10-19,"A","PN",478
2022-10-20,"A","PN",495
2022-10-21,"A","PN",487
2022-10-22,"A","PN",500
2022-10-23,"A","PN",489
2022-10-24,"A","PN",474
2022-10-25,"A","PN",489
2022-10-26,"A","PN",480
2022-10-27,"A","PN",481
2022-10-28,"A","PN",485
2022-10-29,"A","PN",483
2022-10-30,"A","PN",481
2022-10-31,"A","PN",473
2022-11-01,"A","PN",478
2022-11-02,"A","PN",490
2022-11-03,"A","PN",494
2022-11-04,"A","PN",494
2022-11-05,"A","PN",500
2022-11-06,"A","PN",490
2022-11-07,"A","PN",485
2022-11-08,"A","PN",507
2022-11-09,"A","PN",494
2022-11-10,"A","PN",500
2022-11-11,"A","PN",491
2022-11-12,"A","PN",497
2022-11-13,"A","PN",502
2022-11-14,"A","PN",508
2022-11-15,"A","PN",502
2022-11-16,"A","PN",500
2022-11-17,"A","PN",522
2022-11-18,"A","PN",508
2022-11-19,"A","PN",504
2022-11-20,"A","PN",514
2022-11-21,"A","PN",522
2022-11-22,"A","PN",525
2022-11-23,"A","PN",514
2022-11-24,"A","PN",512
2022-11-25,"A","PN",512
2022-11-26,"A","PN",505
2022-11-27,"A","PN",505
2022-11-28,"A","PN",499
2022-11-29,"A","PN",508
2022-11-30,"A","PN",509
2022-12-01,"A","PN",498
2022-12-02,"A","PN",517
2022-12-03,"A","PN",490
2022-12-04,"A","PN",518
2022-12-05,"A","PN",505
2022-12-06,"A","PN",503
2022-12-07,"A","PN",517
2022-12-08,"A","PN",512
2022-12-09,"A","PN",506
2022-12-10,"A","PN",511
2022-12-11,"A","PN",516
2022-12-12,"A","PN",526
2022-12-13,"A","PN",506
2022-12-14,"A","PN",516
2022-12-15,"A","PN",518
2022-12-16,"A","PN",508
2022-12-17,"A","PN",506
2022-12-18,"A","PN",519
2022-12-19,"A","PN",529
2022-12-20,"A","PN",533
2022-12-21,"A","PN",527
2022-12-22,"A","PN",530
2022-12-23,"A","PN",522
2022-12-24,"A","PN",523
2022-12-25,"A","PN",520
2022-12-26,"A","PN",530
2022-12-27,"A","PN",530
2022-12-28,"A","PN",520
2022-12-29,"A","PN",517
2022-12-30,"A","PN",520
2023-01-02,"A","PN",522
2023-01-03,"A","PN",531
2023-01-04,"A","PN",529
2023-01-05,"A","PN",517
2023-01-06,"A","PN",527
2023-01-07,"A","PN",535
2023-01-08,"A","PN",530
2023-01-09,"A","PN",508
2023-01-10,"A","PN",524
2023-01-11,"A","PN",523
2023-01-12,"A","PN",530
2023-01-13,"A","PN",521
2023-01-14,"A","PN",518
2023-01-15,"A","PN",514
2023-01-16,"A","PN",514
2023-01-17,"A","PN",512
2023-01-18,"A","PN",529
2023-01-19,"A","PN",515
2023-01-20,"A","PN",526
2023-01-21,"A","PN",516
2023-01-22,"A","PN",507
2023-01-23,"A","PN",526
2023-01-24,"A","PN",515
2023-01-25,"A","PN",503
2023-01-26,"A","PN",509
2023-01-27,"A","PN",490
2023-01-28,"A","PN",516
2023-01-29,"A","PN",517
2023-01-30,"A","PN",508
2023-01-31,"A","PN",509
2023-02-01,"A","PN",501
2023-02-02,"A","PN",498
2023-02-03,"A","PN",491
2023-02-04,"A","PN",490
2023-02-05,"A","PN",489
2023-02-06,"A","PN",485
2023-02-07,"A","PN",500
2023-02-08,"A","PN",507
2023-02-09,"A","PN",501
2023-02-10,"A","PN",506
2023-02-11,"A","PN",501
2023-02-12,"A","PN",505
2023-02-13,"A","PN",507
2023-02-14,"A","PN",502
2023-02-15,"A","PN",503
2023-02-16,"A","PN",508
2023-02-17,"A","PN",510
2023-02-18,"A","PN",509
2023-02-19,"A","PN",502
2023-02-20,"A","PN",503
2023-02-21,"A","PN",487
2023-02-22,"A","PN",499
2023-02-23,"A","PN",495
2023-02-24,"A","PN",487
2023-02-25,"A","PN",512
2023-02-26,"A","PN",487
2023-02-27,"A","PN",514
2023-02-28,"A","PN",507
2023-03-01,"A","PN",504
2023-03-02,"A","PN",505
2023-03-03,"A","PN",493
2023-03-04,"A","PN",482
2023-03-05,"A","PN",492
2023-03-06,"A","PN",502
2023-03-07,"A","PN",497
2023-03-08,"A","PN",491
2023-03-09,"A","PN",494
2023-03-10,"A","PN",462
2023-03-11,"A","PN",465
2023-03-12,"A","PN",457
2023-03-13,"A","PN",477
2023-03-14,"A","PN",474
2023-03-15,"A","PN",467
2023-03-16,"A","PN",474
2023-03-17,"A","PN",491
2023-03-18,"A","PN",467
2023-03-19,"A","PN",464
2023-03-20,"A","PN",456
2023-03-21,"A","PN",453
2023-03-22,"A","PN",457
2023-03-23,"A","PN",465
2023-03-24,"A","PN",448
2023-03-25,"A","PN",445
2023-03-26,"A","PN",444
2023-03-27,"A","PN",447
2023-03-28,"A","PN",460
2023-03-29,"A","PN",436
2023-03-30,"A","PN",446
2023-03-31,"A","PN",447
2023-04-01,"A","PN",439
2023-04-02,"A","PN",441
2023-04-03,"A","PN",452
2023-04-04,"A","PN",450
2023-04-05,"A","PN",454
2023-04-06,"A","PN",420
2023-04-07,"A","PN",438
2023-04-08,"A","PN",411
2023-04-09,"A","PN",424
2023-04-10,"A","PN",421
2023-04-11,"A","PN",419
2023-04-12,"A","PN",417
2023-04-13,"A","PN",402
2023-04-14,"A","PN",401
2023-04-15,"A","PN",388
2023-04-16,"A","PN",400
2023-04-17,"A","PN",393
2023-04-18,"A","PN",401
2023-04-19,"A","PN",415
2023-04-20,"A","PN",422
2023-04-21,"A","PN",426
2023-04-22,"A","PN",429
2023-04-23,"A","PN",419
2023-04-24,"A","PN",421
2023-04-25,"A","PN",409
2023-04-26,"A","PN",411
2023-04-27,"A","PN",409
2023-04-28,"A","PN",424
2023-04-29,"A","PN",417
2023-04-30,"A","PN",402
2023-05-01,"A","PN",406
2023-05-02,"A","PN",401
2023-05-03,"A","PN",409
2023-05-04,"A","PN",418
2023-05-05,"A","PN",405
2023-05-06,"A","PN",402
2023-05-07,"A","PN",421
2023-05-08,"A","PN",407
2023-05-09,"A","PN",405
2023-05-10,"A","PN",416
2023-05-11,"A","PN",419
2023-05-12,"A","PN",415
2023-05-13,"A","PN",420
2023-05-14,"A","PN",426
2023-05-15,"A","PN",442
2023-05-16,"A","PN",420
2023-05-17,"A","PN",429
2023-05-18,"A","PN",416
2023-05-19,"A","PN",421
2023-05-20,"A","PN",417
2023-05-21,"A","PN",441
2023-05-22,"A","PN",447
2023-05-23,"A","PN",434
2023-05-24,"A","PN",421
2023-05-25,"A","PN",411
2023-05-26,"A","PN",442
2023-05-27,"A","PN",455
2023-05-28,"A","PN",436
2023-05-29,"A","PN",427
2023-05-30,"A","PN",412
2023-05-31,"A","PN",431
2023-06-01,"A","PN",426
2023-06-02,"A","PN",425
2023-06-03,"A","PN",415
2023-06-04,"A","PN",428
2023-06-05,"A","PN",421
2023-06-06,"A","PN",426
2023-06-07,"A","PN",429
2023-06-08,"A","PN",417
2023-06-09,"A","PN",432
2023-06-10,"A","PN",408
2023-06-11,"A","PN",419
2023-06-12,"A","PN",425
2023-06-13,"A","PN",408
2023-06-14,"A","PN",411
2023-06-15,"A","PN",421
2023-06-16,"A","PN",423
2023-06-17,"A","PN",427
2023-06-18,"A","PN",422
2023-06-19,"A","PN",439
2023-06-20,"A","PN",433
2023-06-21,"A","PN",424
2023-06-22,"A","PN",425
2023-06-23,"A","PN",431
2023-06-24,"A","PN",413
2023-06-25,"A","PN",410
2023-06-26,"A","PN",424
2023-06-27,"A","PN",437
2023-06-28,"A","PN",434
2023-06-29,"A","PN",440
2023-06-30,"A","PN",448
2023-07-01,"A","PN",413
2023-07-02,"A","PN",422
2023-07-03,"A","PN",422
2023-07-04,"A","PN",428
2023-07-05,"A","PN",426
2023-07-06,"A","PN",442
2023-07-07,"A","PN",415
2023-07-08,"A","PN",422
2023-07-09,"A","PN",419
2023-07-10,"A","PN",406
2023-07-11,"A","PN",424
2023-07-12,"A","PN",425
2023-07-13,"A","PN",423
2023-07-14,"A","PN",424
2023-07-15,"A","PN",416
2023-07-16,"A","PN",415
2023-07-17,"A","PN",405
2023-07-18,"A","PN",403
2023-07-19,"A","PN",404
2023-07-20,"A","PN",401
2023-07-21,"A","PN",422
2023-07-22,"A","PN",407
2023-07-23,"A","PN",395
2023-07-24,"A","PN",404
2023-07-25,"A","PN",393
2023-07-26,"A","PN",407
2023-07-27,"A","PN",382
2023-07-28,"A","PN",382
2023-07-29,"A","PN",404
2023-07-30,"A","PN",397
2023-07-31,"A","PN",400
2023-08-01,"A","PN",394
2023-08-02,"A","PN",398
2023-08-03,"A","PN",416
2023-08-04,"A","PN",390
2023-08-05,"A","PN",407
2023-08-06,"A","PN",410
2023-08-07,"A","PN",406
2023-08-08,"A","PN",396
2023-08-09,"A","PN",389
2023-08-10,"A","PN",386
2023-08-11,"A","PN",380
2023-08-12,"A","PN",375
2023-08-13,"A","PN",379
2023-08-14,"A","PN",379
2023-08-15,"A","PN",379
2023-08-16,"A","PN",363
2023-08-17,"A","PN",379
2023-08-18,"A","PN",368
2023-08-19,"A","PN",374
2023-08-20,"A","PN",373
2023-08-21,"A","PN",375
2023-08-22,"A","PN",389
2023-08-23,"A","PN",411
2023-08-24,"A","PN",400
2023-08-25,"A","PN",414
2023-08-26,"A","PN",403
2023-08-27,"A","PN",413
2023-08-28,"A","PN",419
2023-08-29,"A","PN",406
2023-08-30,"A","PN",400
2023-08-31,"A","PN",405
2023-09-01,"A","PN",413
2023-09-02,"A","PN",417
2023-09-03,"A","PN",424
2023-09-04,"A","PN",409
2023-09-05,"A","PN",426
2023-09-06,"A","PN",425
2023-09-07,"A","PN",426
2023-09-08,"A","PN",425
2023-09-09,"A","PN",419
2023-09-10,"A","PN",429
2023-09-11,"A","PN",423
2023-09-12,"A","PN",436
2023-09-13,"A","PN",438
2023-09-14,"A","PN",459
2023-09-15,"A","PN",440
2023-09-16,"A","PN",440
2023-09-17,"A","PN",436
2023-09-18,"A","PN",434
2023-09-19,"A","PN",430
2023-09-20,"A","PN",434
2023-09-21,"A","PN",442
2023-09-22,"A","PN",425
2023-09-23,"A","PN",430
2023-09-24,"A","PN",432
2023-09-25,"A","PN",424
2023-09-26,"A","PN",431
2023-09-27,"A","PN",441
2023-09-28,"A","PN",456
2023-09-29,"A","PN",441
2023-09-30,"A","PN",436
2023-10-01,"A","PN",446
2023-10-02,"A","PN",472
2023-10-03,"A","PN",469
2023-10-04,"A","PN",463
2023-10-05,"A","PN",454
2023-10-06,"A","PN",459
2023-10-07,"A","PN",476
2023-10-08,"A","PN",474
2023-10-09,"A","PN",455
2023-10-10,"A","PN",448
2023-10-11,"A","PN",471
2023-10-12,"A","PN",443
2023-10-13,"A","PN",451
2023-10-14,"A","PN",449
2023-10-15,"A","PN",456
2023-10-16,"A","PN",442
2023-10-17,"A","PN",450
2023-10-18,"A","PN",456
2023-10-19,"A","PN",451
2023-10-20,"A","PN",464
2023-10-21,"A","PN",464
2023-10-22,"A","PN",470
2023-10-23,"A","PN",468
2023-10-24,"A","PN",443
2023-10-25,"A","PN",456
2023-10-26,"A","PN",456
2023-10-27,"A","PN",452
2023-10-28,"A","PN",452
2023-10-29,"A","PN",451
2023-10-30,"A","PN",447
2023-10-31,"A","PN",436
2023-11-01,"A","PN",445
2023-11-02,"A","PN",457
2023-11-03,"A","PN",459
2023-11-04,"A","PN",464
2023-11-05,"A","PN",468
2023-11-06,"A","PN",458
2023-11-07,"A","PN",462
2023-11-08,"A","PN",467
2023-11-09,"A","PN",465
2023-11-10,"A","PN",449
2023-11-11,"A","PN",448
2023-11-12,"A","PN",464
2023-11-13,"A","PN",456
2023-11-14,"A","PN",463
2023-11-15,"A","PN",470
2023-11-16,"A","PN",466
2023-11-17,"A","PN",475
2023-11-18,"A","PN",469
2023-11-19,"A","PN",470
2023-11-20,"A","PN",467
2023-11-21,"A","PN",487
2023-11-22,"A","PN",488
2023-11-23,"A","PN",470
2023-11-24,"A","PN",481
2023-11-25,"A","PN",460
2023-11-26,"A","PN",470
2023-11-27,"A","PN",468
2023-11-28,"A","PN",464
2023-11-29,"A","PN",466
2023-11-30,"A","PN",476
2023-12-01,"A","PN",477
2023-12-02,"A","PN",486
2023-12-03,"A","PN",452
2023-12-04,"A","PN",472
2023-12-05,"A","PN",471
2023-12-06,"A","PN",488
2023-12-07,"A","PN",480
2023-12-08,"A","PN",471
2023-12-09,"A","PN",466
2023-12-10,"A","PN",480
2023-12-11,"A","PN",478
2023-12-12,"A","PN",486
2023-12-13,"A","PN",474
2023-12-14,"A","PN",481
2023-12-15,"A","PN",477
2023-12-16,"A","PN",480
2023-12-17,"A","PN",470
2023-12-18,"A","PN",474
2023-12-19,"A","PN",498
2023-12-20,"A","PN",494
2023-12-21,"A","PN",472
2023-12-22,"A","PN",506
2023-12-23,"A","PN",469
2023-12-24,"A","PN",480
2023-12-25,"A","PN",470
2023-12-26,"A","PN",490
2023-12-27,"A","PN",477
2023-12-28,"A","PN",474
2023-12-29,"A","PN",476
2023-12-30,"A","PN",464
2021-01-02,"B","PN",345
2021-01-03,"B","PN",354
2021-01-04,"B","PN",356
2021-01-05,"B","PN",358
2021-01-06,"B","PN",364
2021-01-07,"B","PN",365
2021-01-08,"B","PN",355
2021-01-09,"B","PN",351
2021-01-10,"B","PN",360
2021-01-11,"B","PN",358
2021-01-12,"B","PN",360
2021-01-13,"B","PN",356
2021-01-14,"B","PN",350
2021-01-15,"B","PN",344
2021-01-16,"B","PN",353
2021-01-17,"B","PN",358
2021-01-18,"B","PN",352
2021-01-19,"B","PN",351
2021-01-20,"B","PN",358
2021-01-21,"B","PN",352
2021-01-22,"B","PN",357
2021-01-23,"B","PN",348
2021-01-24,"B","PN",351
2021-01-25,"B","PN",353
2021-01-26,"B","PN",348
2021-01-27,"B","PN",349
2021-01-28,"B","PN",354
2021-01-29,"B","PN",348
2021-01-30,"B","PN",341
2021-01-31,"B","PN",344
2021-02-01,"B","PN",351
2021-02-02,"B","PN",335
2021-02-03,"B","PN",335
2021-02-04,"B","PN",338
2021-02-05,"B","PN",332
2021-02-06,"B","PN",337
2021-02-07,"B","PN",339
2021-02-08,"B","PN",333
2021-02-09,"B","PN",335
2021-02-10,"B","PN",336
2021-02-11,"B","PN",345
2021-02-12,"B","PN",342
2021-02-13,"B","PN",344
2021-02-14,"B","PN",335
2021-02-15,"B","PN",345
2021-02-16,"B","PN",343
2021-02-17,"B","PN",350
2021-02-18,"B","PN",342
2021-02-19,"B","PN",347
2021-02-20,"B","PN",336
2021-02-21,"B","PN",330
2021-02-22,"B","PN",342
2021-02-23,"B","PN",336
2021-02-24,"B","PN",340
2021-02-25,"B","PN",335
2021-02-26,"B","PN",344
2021-02-27,"B","PN",330
2021-02-28,"B","PN",338
2021-03-01,"B","PN",342
2021-03-02,"B","PN",339
2021-03-03,"B","PN",338
2021-03-04,"B","PN",331
2021-03-05,"B","PN",334
2021-03-06,"B","PN",345
2021-03-07,"B","PN",332
2021-03-08,"B","PN",322
2021-03-09,"B","PN",317
2021-03-10,"B","PN",326
2021-03-11,"B","PN",315
2021-03-12,"B","PN",324
2021-03-13,"B","PN",323
2021-03-14,"B","PN",310
2021-03-15,"B","PN",320
2021-03-16,"B","PN",316
2021-03-17,"B","PN",314
2021-03-18,"B","PN",315
2021-03-19,"B","PN",317
2021-03-20,"B","PN",311
2021-03-21,"B","PN",309
2021-03-22,"B","PN",323
2021-03-23,"B","PN",318
2021-03-24,"B","PN",315
2021-03-25,"B","PN",311
2021-03-26,"B","PN",307
2021-03-27,"B","PN",307
2021-03-28,"B","PN",318
2021-03-29,"B","PN",313
2021-03-30,"B","PN",316
2021-03-31,"B","PN",318
2021-04-01,"B","PN",307
2021-04-02,"B","PN",303
2021-04-03,"B","PN",311
2021-04-04,"B","PN",309
2021-04-05,"B","PN",310
2021-04-06,"B","PN",302
2021-04-07,"B","PN",297
2021-04-08,"B","PN",295
2021-04-09,"B","PN",293
2021-04-10,"B","PN",288
2021-04-11,"B","PN",290
2021-04-12,"B","PN",273
2021-04-13,"B","PN",286
2021-04-14,"B","PN",279
2021-04-15,"B","PN",289
2021-04-16,"B","PN",281
2021-04-17,"B","PN",275
2021-04-18,"B","PN",281
2021-04-19,"B","PN",286
2021-04-20,"B","PN",286
2021-04-21,"B","PN",286
2021-04-22,"B","PN",286
2021-04-23,"B","PN",286
2021-04-24,"B","PN",292
2021-04-25,"B","PN",281
2021-04-26,"B","PN",278
2021-04-27,"B","PN",280
2021-04-28,"B","PN",283
2021-04-29,"B","PN",281
2021-04-30,"B","PN",282
2021-05-01,"B","PN",281
2021-05-02,"B","PN",274
2021-05-03,"B","PN",284
2021-05-04,"B","PN",282
2021-05-05,"B","PN",282
2021-05-06,"B","PN",275
2021-05-07,"B","PN",275
2021-05-08,"B","PN",288
2021-05-09,"B","PN",279
2021-05-10,"B","PN",279
2021-05-11,"B","PN",277
2021-05-12,"B","PN",288
2021-05-13,"B","PN",283
2021-05-14,"B","PN",281
2021-05-15,"B","PN",288
2021-05-16,"B","PN",282
2021-05-17,"B","PN",282
2021-05-18,"B","PN",280
2021-05-19,"B","PN",285
2021-05-20,"B","PN",283
2021-05-21,"B","PN",285
2021-05-22,"B","PN",294
2021-05-23,"B","PN",285
2021-05-24,"B","PN",280
2021-05-25,"B","PN",289
2021-05-26,"B","PN",289
2021-05-27,"B","PN",286
2021-05-28,"B","PN",278
2021-05-29,"B","PN",282
2021-05-30,"B","PN",284
2021-05-31,"B","PN",273
2021-06-01,"B","PN",280
2021-06-02,"B","PN",275
2021-06-03,"B","PN",274
2021-06-04,"B","PN",270
2021-06-05,"B","PN",275
2021-06-06,"B","PN",279
2021-06-07,"B","PN",267
2021-06-08,"B","PN",268
2021-06-09,"B","PN",279
2021-06-10,"B","PN",273
2021-06-11,"B","PN",275
2021-06-12,"B","PN",274
2021-06-13,"B","PN",270
2021-06-14,"B","PN",267
2021-06-15,"B","PN",259
2021-06-16,"B","PN",262
2021-06-17,"B","PN",273
2021-06-18,"B","PN",272
2021-06-19,"B","PN",272
2021-06-20,"B","PN",275
2021-06-21,"B","PN",267
2021-06-22,"B","PN",266
2021-06-23,"B","PN",278
2021-06-24,"B","PN",268
2021-06-25,"B","PN",271
2021-06-26,"B","PN",272
2021-06-27,"B","PN",278
2021-06-28,"B","PN",281
2021-06-29,"B","PN",273
2021-06-30,"B","PN",278
2021-07-01,"B","PN",275
2021-07-02,"B","PN",283
2021-07-03,"B","PN",268
2021-07-04,"B","PN",273
2021-07-05,"B","PN",268
2021-07-06,"B","PN",277
2021-07-07,"B","PN",264
2021-07-08,"B","PN",260
2021-07-09,"B","PN",266
2021-07-10,"B","PN",255
2021-07-11,"B","PN",266
2021-07-12,"B","PN",263
2021-07-13,"B","PN",263
2021-07-14,"B","PN",260
2021-07-15,"B","PN",264
2021-07-16,"B","PN",260
2021-07-17,"B","PN",245
2021-07-18,"B","PN",253
2021-07-19,"B","PN",271
2021-07-20,"B","PN",258
2021-07-21,"B","PN",249
2021-07-22,"B","PN",258
2021-07-23,"B","PN",246
2021-07-24,"B","PN",252
2021-07-25,"B","PN",259
2021-07-26,"B","PN",260
2021-07-27,"B","PN",254
2021-07-28,"B","PN",255
2021-07-29,"B","PN",249
2021-07-30,"B","PN",249
2021-07-31,"B","PN",249
2021-08-01,"B","PN",247
2021-08-02,"B","PN",258
2021-08-03,"B","PN",254
2021-08-04,"B","PN",259
2021-08-05,"B","PN",258
2021-08-06,"B","PN",259
2021-08-07,"B","PN",252
2021-08-08,"B","PN",249
2021-08-09,"B","PN",239
2021-08-10,"B","PN",242
2021-08-11,"B","PN",246
2021-08-12,"B","PN",243
2021-08-13,"B","PN",235
2021-08-14,"B","PN",245
2021-08-15,"B","PN",236
2021-08-16,"B","PN",246
2021-08-17,"B","PN",239
2021-08-18,"B","PN",239
2021-08-19,"B","PN",242
2021-08-20,"B","PN",236
2021-08-21,"B","PN",232
2021-08-22,"B","PN",240
2021-08-23,"B","PN",256
2021-08-24,"B","PN",253
2021-08-25,"B","PN",255
2021-08-26,"B","PN",255
2021-08-27,"B","PN",254
2021-08-28,"B","PN",248
2021-08-29,"B","PN",251
2021-08-30,"B","PN",251
2021-08-31,"B","PN",259
2021-09-01,"B","PN",250
2021-09-02,"B","PN",255
2021-09-03,"B","PN",255
2021-09-04,"B","PN",270
2021-09-05,"B","PN",247
2021-09-06,"B","PN",261
2021-09-07,"B","PN",262
2021-09-08,"B","PN",257
2021-09-09,"B","PN",256
2021-09-10,"B","PN",255
2021-09-11,"B","PN",255
2021-09-12,"B","PN",264
2021-09-13,"B","PN",263
2021-09-14,"B","PN",264
2021-09-15,"B","PN",279
2021-09-16,"B","PN",268
2021-09-17,"B","PN",267
2021-09-18,"B","PN",260
2021-09-19,"B","PN",261
2021-09-20,"B","PN",264
2021-09-21,"B","PN",253
2021-09-22,"B","PN",261
2021-09-23,"B","PN",258
2021-09-24,"B","PN",259
2021-09-25,"B","PN",259
2021-09-26,"B","PN",259
2021-09-27,"B","PN",266
2021-09-28,"B","PN",270
2021-09-29,"B","PN",255
2021-09-30,"B","PN",270
2021-10-01,"B","PN",280
2021-10-02,"B","PN",278
2021-10-03,"B","PN",281
2021-10-04,"B","PN",282
2021-10-05,"B","PN",269
2021-10-06,"B","PN",278
2021-10-07,"B","PN",272
2021-10-08,"B","PN",276
2021-10-09,"B","PN",281
2021-10-10,"B","PN",273
2021-10-11,"B","PN",276
2021-10-12,"B","PN",279
2021-10-13,"B","PN",271
2021-10-14,"B","PN",266
2021-10-15,"B","PN",274
2021-10-16,"B","PN",266
2021-10-17,"B","PN",262
2021-10-18,"B","PN",267
2021-10-19,"B","PN",266
2021-10-20,"B","PN",273
2021-10-21,"B","PN",263
2021-10-22,"B","PN",280
2021-10-23,"B","PN",273
2021-10-24,"B","PN",275
2021-10-25,"B","PN",262
2021-10-26,"B","PN",267
2021-10-27,"B","PN",276
2021-10-28,"B","PN",266
2021-10-29,"B","PN",260
2021-10-30,"B","PN",266
2021-10-31,"B","PN",260
2021-11-01,"B","PN",259
2021-11-02,"B","PN",266
2021-11-03,"B","PN",263
2021-11-04,"B","PN",271
2021-11-05,"B","PN",265
2021-11-06,"B","PN",274
2021-11-07,"B","PN",263
2021-11-08,"B","PN",263
2021-11-09,"B","PN",258
2021-11-10,"B","PN",260
2021-11-11,"B","PN",267
2021-11-12,"B","PN",269
2021-11-13,"B","PN",267
2021-11-14,"B","PN",267
2021-11-15,"B","PN",267
2021-11-16,"B","PN",263
2021-11-17,"B","PN",266
2021-11-18,"B","PN",271
2021-11-19,"B","PN",260
2021-11-20,"B","PN",273
2021-11-21,"B","PN",272
2021-11-22,"B","PN",270
2021-11-23,"B","PN",274
2021-11-24,"B","PN",275
2021-11-25,"B","PN",265
2021-11-26,"B","PN",267
2021-11-27,"B","PN",268
2021-11-28,"B","PN",263
2021-11-29,"B","PN",274
2021-11-30,"B","PN",265
2021-12-01,"B","PN",263
2021-12-02,"B","PN",269
2021-12-03,"B","PN",264
2021-12-04,"B","PN",264
2021-12-05,"B","PN",265
2021-12-06,"B","PN",264
2021-12-07,"B","PN",272
2021-12-08,"B","PN",270
2021-12-09,"B","PN",272
2021-12-10,"B","PN",270
2021-12-11,"B","PN",264
2021-12-12,"B","PN",265
2021-12-13,"B","PN",268
2021-12-14,"B","PN",274
2021-12-15,"B","PN",270
2021-12-16,"B","PN",269
2021-12-17,"B","PN",261
2021-12-18,"B","PN",255
2021-12-19,"B","PN",276
2021-12-20,"B","PN",269
2021-12-21,"B","PN",269
2021-12-22,"B","PN",274
2021-12-23,"B","PN",266
2021-12-24,"B","PN",267
2021-12-25,"B","PN",270
2021-12-26,"B","PN",271
2021-12-27,"B","PN",266
2021-12-28,"B","PN",263
2021-12-29,"B","PN",262
2021-12-30,"B","PN",258
2022-01-02,"B","PN",255
2022-01-03,"B","PN",274
2022-01-04,"B","PN",271
2022-01-05,"B","PN",266
2022-01-06,"B","PN",269
2022-01-07,"B","PN",262
2022-01-08,"B","PN",276
2022-01-09,"B","PN",251
2022-01-10,"B","PN",268
2022-01-11,"B","PN",263
2022-01-12,"B","PN",259
2022-01-13,"B","PN",251
2022-01-14,"B","PN",264
2022-01-15,"B","PN",236
2022-01-16,"B","PN",254
2022-01-17,"B","PN",247
2022-01-18,"B","PN",260
2022-01-19,"B","PN",261
2022-01-20,"B","PN",264
2022-01-21,"B","PN",250
2022-01-22,"B","PN",257
2022-01-23,"B","PN",256
2022-01-24,"B","PN",253
2022-01-25,"B","PN",235
2022-01-26,"B","PN",241
2022-01-27,"B","PN",256
2022-01-28,"B","PN",268
2022-01-29,"B","PN",259
2022-01-30,"B","PN",244
2022-01-31,"B","PN",238
2022-02-01,"B","PN",262
2022-02-02,"B","PN",250
2022-02-03,"B","PN",234
2022-02-04,"B","PN",244
2022-02-05,"B","PN",231
2022-02-06,"B","PN",236
2022-02-07,"B","PN",245
2022-02-08,"B","PN",233
2022-02-09,"B","PN",232
2022-02-10,"B","PN",239
2022-02-11,"B","PN",244
2022-02-12,"B","PN",239
2022-02-13,"B","PN",255
2022-02-14,"B","PN",249
2022-02-15,"B","PN",235
2022-02-16,"B","PN",248
2022-02-17,"B","PN",252
2022-02-18,"B","PN",242
2022-02-19,"B","PN",237
2022-02-20,"B","PN",241
2022-02-21,"B","PN",236
2022-02-22,"B","PN",232
2022-02-23,"B","PN",237
2022-02-24,"B","PN",236
2022-02-25,"B","PN",262
2022-02-26,"B","PN",232
2022-02-27,"B","PN",241
2022-02-28,"B","PN",245
2022-03-01,"B","PN",252
2022-03-02,"B","PN",247
2022-03-03,"B","PN",249
2022-03-04,"B","PN",238
2022-03-05,"B","PN",243
2022-03-06,"B","PN",257
2022-03-07,"B","PN",226
2022-03-08,"B","PN",224
2022-03-09,"B","PN",222
2022-03-10,"B","PN",220
2022-03-11,"B","PN",218
2022-03-12,"B","PN",234
2022-03-13,"B","PN",221
2022-03-14,"B","PN",208
2022-03-15,"B","PN",214
2022-03-16,"B","PN",225
2022-03-17,"B","PN",226
2022-03-18,"B","PN",230
2022-03-19,"B","PN",218
2022-03-20,"B","PN",218
2022-03-21,"B","PN",211
2022-03-22,"B","PN",220
2022-03-23,"B","PN",211
2022-03-24,"B","PN",213
2022-03-25,"B","PN",221
2022-03-26,"B","PN",198
2022-03-27,"B","PN",210
2022-03-28,"B","PN",206
2022-03-29,"B","PN",211
2022-03-30,"B","PN",211
2022-03-31,"B","PN",208
2022-04-01,"B","PN",208
2022-04-02,"B","PN",198
2022-04-03,"B","PN",218
2022-04-04,"B","PN",186
2022-04-05,"B","PN",189
2022-04-06,"B","PN",193
2022-04-07,"B","PN",187
2022-04-08,"B","PN",193
2022-04-09,"B","PN",191
2022-04-10,"B","PN",165
2022-04-11,"B","PN",182
2022-04-12,"B","PN",185
2022-04-13,"B","PN",190
2022-04-14,"B","PN",186
2022-04-15,"B","PN",176
2022-04-16,"B","PN",177
2022-04-17,"B","PN",170
2022-04-18,"B","PN",185
2022-04-19,"B","PN",179
2022-04-20,"B","PN",187
2022-04-21,"B","PN",193
2022-04-22,"B","PN",192
2022-04-23,"B","PN",194
2022-04-24,"B","PN",193
2022-04-25,"B","PN",191
2022-04-26,"B","PN",180
2022-04-27,"B","PN",178
2022-04-28,"B","PN",177
2022-04-29,"B","PN",196
2022-04-30,"B","PN",175
2022-05-01,"B","PN",178
2022-05-02,"B","PN",179
2022-05-03,"B","PN",175
2022-05-04,"B","PN",178
2022-05-05,"B","PN",193
2022-05-06,"B","PN",178
2022-05-07,"B","PN",184
2022-05-08,"B","PN",178
2022-05-09,"B","PN",170
2022-05-10,"B","PN",190
2022-05-11,"B","PN",172
2022-05-12,"B","PN",177
2022-05-13,"B","PN",191
2022-05-14,"B","PN",186
2022-05-15,"B","PN",179
2022-05-16,"B","PN",182
2022-05-17,"B","PN",199
2022-05-18,"B","PN",188
2022-05-19,"B","PN",183
2022-05-20,"B","PN",182
2022-05-21,"B","PN",184
2022-05-22,"B","PN",189
2022-05-23,"B","PN",188
2022-05-24,"B","PN",179
2022-05-25,"B","PN",188
2022-05-26,"B","PN",182
2022-05-27,"B","PN",186
2022-05-28,"B","PN",185
2022-05-29,"B","PN",204
2022-05-30,"B","PN",183
2022-05-31,"B","PN",181
2022-06-01,"B","PN",170
2022-06-02,"B","PN",187
2022-06-03,"B","PN",184
2022-06-04,"B","PN",176
2022-06-05,"B","PN",179
2022-06-06,"B","PN",187
2022-06-07,"B","PN",176
2022-06-08,"B","PN",184
2022-06-09,"B","PN",187
2022-06-10,"B","PN",174
2022-06-11,"B","PN",172
2022-06-12,"B","PN",183
2022-06-13,"B","PN",178
2022-06-14,"B","PN",188
2022-06-15,"B","PN",175
2022-06-16,"B","PN",176
2022-06-17,"B","PN",191
2022-06-18,"B","PN",182
2022-06-19,"B","PN",181
2022-06-20,"B","PN",194
2022-06-21,"B","PN",181
2022-06-22,"B","PN",175
2022-06-23,"B","PN",180
2022-06-24,"B","PN",179
2022-06-25,"B","PN",174
2022-06-26,"B","PN",176
2022-06-27,"B","PN",191
2022-06-28,"B","PN",185
2022-06-29,"B","PN",177
2022-06-30,"B","PN",169
2022-07-01,"B","PN",184
2022-07-02,"B","PN",191
2022-07-03,"B","PN",173
2022-07-04,"B","PN",177
2022-07-05,"B","PN",158
2022-07-06,"B","PN",182
2022-07-07,"B","PN",173
2022-07-08,"B","PN",170
2022-07-09,"B","PN",160
2022-07-10,"B","PN",155
2022-07-11,"B","PN",162
2022-07-12,"B","PN",173
2022-07-13,"B","PN",171
2022-07-14,"B","PN",178
2022-07-15,"B","PN",171
2022-07-16,"B","PN",165
2022-07-17,"B","PN",151
2022-07-18,"B","PN",168
2022-07-19,"B","PN",170
2022-07-20,"B","PN",161
2022-07-21,"B","PN",158
2022-07-22,"B","PN",160
2022-07-23,"B","PN",157
2022-07-24,"B","PN",170
2022-07-25,"B","PN",151
2022-07-26,"B","PN",162
2022-07-27,"B","PN",141
2022-07-28,"B","PN",144
2022-07-29,"B","PN",147
2022-07-30,"B","PN",156
2022-07-31,"B","PN",153
2022-08-01,"B","PN",132
2022-08-02,"B","PN",161
2022-08-03,"B","PN",163
2022-08-04,"B","PN",152
2022-08-05,"B","PN",165
2022-08-06,"B","PN",165
2022-08-07,"B","PN",160
2022-08-08,"B","PN",141
2022-08-09,"B","PN",129
2022-08-10,"B","PN",155
2022-08-11,"B","PN",150
2022-08-12,"B","PN",140
2022-08-13,"B","PN",142
2022-08-14,"B","PN",145
2022-08-15,"B","PN",143
2022-08-16,"B","PN",155
2022-08-17,"B","PN",132
2022-08-18,"B","PN",140
2022-08-19,"B","PN",147
2022-08-20,"B","PN",139
2022-08-21,"B","PN",156
2022-08-22,"B","PN",139
2022-08-23,"B","PN",152
2022-08-24,"B","PN",156
2022-08-25,"B","PN",165
2022-08-26,"B","PN",141
2022-08-27,"B","PN",152
2022-08-28,"B","PN",138
2022-08-29,"B","PN",152
2022-08-30,"B","PN",160
2022-08-31,"B","PN",164
2022-09-01,"B","PN",160
2022-09-02,"B","PN",164
2022-09-03,"B","PN",142
2022-09-04,"B","PN",155
2022-09-05,"B","PN",153
2022-09-06,"B","PN",165
2022-09-07,"B","PN",178
2022-09-08,"B","PN",158
2022-09-09,"B","PN",156
2022-09-10,"B","PN",166
2022-09-11,"B","PN",164
2022-09-12,"B","PN",163
2022-09-13,"B","PN",165
2022-09-14,"B","PN",184
2022-09-15,"B","PN",175
2022-09-16,"B","PN",178
2022-09-17,"B","PN",164
2022-09-18,"B","PN",170
2022-09-19,"B","PN",159
2022-09-20,"B","PN",161
2022-09-21,"B","PN",161
2022-09-22,"B","PN",164
2022-09-23,"B","PN",164
2022-09-24,"B","PN",160
2022-09-25,"B","PN",141
2022-09-26,"B","PN",167
2022-09-27,"B","PN",170
2022-09-28,"B","PN",175
2022-09-29,"B","PN",165
2022-09-30,"B","PN",169
2022-10-01,"B","PN",180
2022-10-02,"B","PN",172
2022-10-03,"B","PN",186
2022-10-04,"B","PN",190
2022-10-05,"B","PN",162
2022-10-06,"B","PN",166
2022-10-07,"B","PN",184
2022-10-08,"B","PN",174
2022-10-09,"B","PN",171
2022-10-10,"B","PN",178
2022-10-11,"B","PN",172
2022-10-12,"B","PN",168
2022-10-13,"B","PN",177
2022-10-14,"B","PN",191
2022-10-15,"B","PN",167
2022-10-16,"B","PN",169
2022-10-17,"B","PN",161
2022-10-18,"B","PN",178
2022-10-19,"B","PN",168
2022-10-20,"B","PN",184
2022-10-21,"B","PN",178
2022-10-22,"B","PN",171
2022-10-23,"B","PN",185
2022-10-24,"B","PN",173
2022-10-25,"B","PN",174
2022-10-26,"B","PN",183
2022-10-27,"B","PN",175
2022-10-28,"B","PN",178
2022-10-29,"B","PN",177
2022-10-30,"B","PN",162
2022-10-31,"B","PN",171
2022-11-01,"B","PN",171
2022-11-02,"B","PN",171
2022-11-03,"B","PN",181
2022-11-04,"B","PN",191
2022-11-05,"B","PN",175
2022-11-06,"B","PN",188
2022-11-07,"B","PN",168
2022-11-08,"B","PN",170
2022-11-09,"B","PN",164
2022-11-10,"B","PN",159
2022-11-11,"B","PN",152
2022-11-12,"B","PN",166
2022-11-13,"B","PN",172
2022-11-14,"B","PN",188
2022-11-15,"B","PN",155
2022-11-16,"B","PN",166
2022-11-17,"B","PN",170
2022-11-18,"B","PN",190
2022-11-19,"B","PN",164
2022-11-20,"B","PN",181
2022-11-21,"B","PN",169
2022-11-22,"B","PN",183
2022-11-23,"B","PN",159
2022-11-24,"B","PN",176
2022-11-25,"B","PN",176
2022-11-26,"B","PN",176
2022-11-27,"B","PN",172
2022-11-28,"B","PN",172
2022-11-29,"B","PN",156
2022-11-30,"B","PN",178
2022-12-01,"B","PN",184
2022-12-02,"B","PN",170
2022-12-03,"B","PN",156
2022-12-04,"B","PN",165
2022-12-05,"B","PN",166
2022-12-06,"B","PN",169
2022-12-07,"B","PN",176
2022-12-08,"B","PN",177
2022-12-09,"B","PN",165
2022-12-10,"B","PN",174
2022-12-11,"B","PN",165
2022-12-12,"B","PN",155
2022-12-13,"B","PN",155
2022-12-14,"B","PN",175
2022-12-15,"B","PN",180
2022-12-16,"B","PN",184
2022-12-17,"B","PN",161
2022-12-18,"B","PN",152
2022-12-19,"B","PN",177
2022-12-20,"B","PN",176
2022-12-21,"B","PN",178
2022-12-22,"B","PN",173
2022-12-23,"B","PN",166
2022-12-24,"B","PN",172
2022-12-25,"B","PN",170
2022-12-26,"B","PN",187
2022-12-27,"B","PN",180
2022-12-28,"B","PN",163
2022-12-29,"B","PN",176
2022-12-30,"B","PN",168
2023-01-02,"B","PN",166
2023-01-03,"B","PN",183
2023-01-04,"B","PN",188
2023-01-05,"B","PN",157
2023-01-06,"B","PN",174
2023-01-07,"B","PN",169
2023-01-08,"B","PN",162
2023-01-09,"B","PN",162
2023-01-10,"B","PN",192
2023-01-11,"B","PN",176
2023-01-12,"B","PN",163
2023-01-13,"B","PN",157
2023-01-14,"B","PN",158
2023-01-15,"B","PN",165
2023-01-16,"B","PN",158
2023-01-17,"B","PN",162
2023-01-18,"B","PN",167
2023-01-19,"B","PN",168
2023-01-20,"B","PN",166
2023-01-21,"B","PN",171
2023-01-22,"B","PN",173
2023-01-23,"B","PN",163
2023-01-24,"B","PN",167
2023-01-25,"B","PN",170
2023-01-26,"B","PN",152
2023-01-27,"B","PN",170
2023-01-28,"B","PN",174
2023-01-29,"B","PN",163
2023-01-30,"B","PN",153
2023-01-31,"B","PN",151
2023-02-01,"B","PN",166
2023-02-02,"B","PN",160
2023-02-03,"B","PN",154
2023-02-04,"B","PN",148
2023-02-05,"B","PN",159
2023-02-06,"B","PN",128
2023-02-07,"B","PN",172
2023-02-08,"B","PN",151
2023-02-09,"B","PN",136
2023-02-10,"B","PN",150
2023-02-11,"B","PN",158
2023-02-12,"B","PN",159
2023-02-13,"B","PN",181
2023-02-14,"B","PN",164
2023-02-15,"B","PN",153
2023-02-16,"B","PN",150
2023-02-17,"B","PN",152
2023-02-18,"B","PN",161
2023-02-19,"B","PN",153
2023-02-20,"B","PN",140
2023-02-21,"B","PN",163
2023-02-22,"B","PN",137
2023-02-23,"B","PN",146
2023-02-24,"B","PN",159
2023-02-25,"B","PN",167
2023-02-26,"B","PN",136
2023-02-27,"B","PN",149
2023-02-28,"B","PN",143
2023-03-01,"B","PN",170
2023-03-02,"B","PN",156
2023-03-03,"B","PN",147
2023-03-04,"B","PN",151
2023-03-05,"B","PN",148
2023-03-06,"B","PN",161
2023-03-07,"B","PN",131
2023-03-08,"B","PN",133
2023-03-09,"B","PN",124
2023-03-10,"B","PN",128
2023-03-11,"B","PN",125
2023-03-12,"B","PN",148
2023-03-13,"B","PN",121
2023-03-14,"B","PN",126
2023-03-15,"B","PN",117
2023-03-16,"B","PN",132
2023-03-17,"B","PN",129
2023-03-18,"B","PN",145
2023-03-19,"B","PN",121
2023-03-20,"B","PN",124
2023-03-21,"B","PN",125
2023-03-22,"B","PN",129
2023-03-23,"B","PN",112
2023-03-24,"B","PN",101
2023-03-25,"B","PN",131
2023-03-26,"B","PN",112
2023-03-27,"B","PN",124
2023-03-28,"B","PN",104
2023-03-29,"B","PN",118
2023-03-30,"B","PN",106
2023-03-31,"B","PN",122
2023-04-01,"B","PN",122
2023-04-02,"B","PN",108
2023-04-03,"B","PN",119
2023-04-04,"B","PN",114
2023-04-05,"B","PN",114
2023-04-06,"B","PN",105
2023-04-07,"B","PN",98
2023-04-08,"B","PN",114
2023-04-09,"B","PN",124
2023-04-10,"B","PN",74
2023-04-11,"B","PN",92
2023-04-12,"B","PN",93
2023-04-13,"B","PN",95
2023-04-14,"B","PN",98
2023-04-15,"B","PN",102
2023-04-16,"B","PN",78
2023-04-17,"B","PN",85
2023-04-18,"B","PN",106
2023-04-19,"B","PN",93
2023-04-20,"B","PN",120
2023-04-21,"B","PN",110
2023-04-22,"B","PN",93
2023-04-23,"B","PN",108
2023-04-24,"B","PN",88
2023-04-25,"B","PN",94
2023-04-26,"B","PN",88
2023-04-27,"B","PN",87
2023-04-28,"B","PN",89
2023-04-29,"B","PN",101
2023-04-30,"B","PN",84
2023-05-01,"B","PN",83
2023-05-02,"B","PN",74
2023-05-03,"B","PN",81
2023-05-04,"B","PN",91
2023-05-05,"B","PN",107
2023-05-06,"B","PN",90
2023-05-07,"B","PN",75
2023-05-08,"B","PN",87
2023-05-09,"B","PN",87
2023-05-10,"B","PN",89
2023-05-11,"B","PN",64
2023-05-12,"B","PN",83
2023-05-13,"B","PN",104
2023-05-14,"B","PN",94
2023-05-15,"B","PN",90
2023-05-16,"B","PN",90
2023-05-17,"B","PN",105
2023-05-18,"B","PN",98
2023-05-19,"B","PN",102
2023-05-20,"B","PN",87
2023-05-21,"B","PN",105
2023-05-22,"B","PN",102
2023-05-23,"B","PN",98
2023-05-24,"B","PN",73
2023-05-25,"B","PN",91
2023-05-26,"B","PN",103
2023-05-27,"B","PN",107
2023-05-28,"B","PN",102
2023-05-29,"B","PN",119
2023-05-30,"B","PN",108
2023-05-31,"B","PN",102
2023-06-01,"B","PN",90
2023-06-02,"B","PN",97
2023-06-03,"B","PN",96
2023-06-04,"B","PN",94
2023-06-05,"B","PN",79
2023-06-06,"B","PN",106
2023-06-07,"B","PN",98
2023-06-08,"B","PN",106
2023-06-09,"B","PN",93
2023-06-10,"B","PN",88
2023-06-11,"B","PN",74
2023-06-12,"B","PN",93
2023-06-13,"B","PN",81
2023-06-14,"B","PN",86
2023-06-15,"B","PN",92
2023-06-16,"B","PN",91
2023-06-17,"B","PN",111
2023-06-18,"B","PN",112
2023-06-19,"B","PN",103
2023-06-20,"B","PN",103
2023-06-21,"B","PN",99
2023-06-22,"B","PN",87
2023-06-23,"B","PN",106
2023-06-24,"B","PN",103
2023-06-25,"B","PN",92
2023-06-26,"B","PN",102
2023-06-27,"B","PN",104
2023-06-28,"B","PN",100
2023-06-29,"B","PN",99
2023-06-30,"B","PN",85
2023-07-01,"B","PN",110
2023-07-02,"B","PN",110
2023-07-03,"B","PN",86
2023-07-04,"B","PN",106
2023-07-05,"B","PN",76
2023-07-06,"B","PN",96
2023-07-07,"B","PN",94
2023-07-08,"B","PN",84
2023-07-09,"B","PN",85
2023-07-10,"B","PN",79
2023-07-11,"B","PN",94
2023-07-12,"B","PN",99
2023-07-13,"B","PN",91
2023-07-14,"B","PN",100
2023-07-15,"B","PN",108
2023-07-16,"B","PN",95
2023-07-17,"B","PN",65
2023-07-18,"B","PN",97
2023-07-19,"B","PN",94
2023-07-20,"B","PN",91
2023-07-21,"B","PN",84
2023-07-22,"B","PN",79
2023-07-23,"B","PN",87
2023-07-24,"B","PN",100
2023-07-25,"B","PN",72
2023-07-26,"B","PN",92
2023-07-27,"B","PN",62
2023-07-28,"B","PN",71
2023-07-29,"B","PN",62
2023-07-30,"B","PN",73
2023-07-31,"B","PN",89
2023-08-01,"B","PN",83
2023-08-02,"B","PN",90
2023-08-03,"B","PN",107
2023-08-04,"B","PN",93
2023-08-05,"B","PN",96
2023-08-06,"B","PN",97
2023-08-07,"B","PN",82
2023-08-08,"B","PN",78
2023-08-09,"B","PN",57
2023-08-10,"B","PN",82
2023-08-11,"B","PN",72
2023-08-12,"B","PN",70
2023-08-13,"B","PN",76
2023-08-14,"B","PN",70
2023-08-15,"B","PN",80
2023-08-16,"B","PN",80
2023-08-17,"B","PN",61
2023-08-18,"B","PN",71
2023-08-19,"B","PN",80
2023-08-20,"B","PN",76
2023-08-21,"B","PN",79
2023-08-22,"B","PN",78
2023-08-23,"B","PN",96
2023-08-24,"B","PN",83
2023-08-25,"B","PN",112
2023-08-26,"B","PN",76
2023-08-27,"B","PN",75
2023-08-28,"B","PN",97
2023-08-29,"B","PN",90
2023-08-30,"B","PN",107
2023-08-31,"B","PN",112
2023-09-01,"B","PN",98
2023-09-02,"B","PN",100
2023-09-03,"B","PN",75
2023-09-04,"B","PN",97
2023-09-05,"B","PN",79
2023-09-06,"B","PN",96
2023-09-07,"B","PN",98
2023-09-08,"B","PN",101
2023-09-09,"B","PN",100
2023-09-10,"B","PN",91
2023-09-11,"B","PN",85
2023-09-12,"B","PN",111
2023-09-13,"B","PN",110
2023-09-14,"B","PN",116
2023-09-15,"B","PN",100
2023-09-16,"B","PN",112
2023-09-17,"B","PN",92
2023-09-18,"B","PN",111
2023-09-19,"B","PN",91
2023-09-20,"B","PN",98
2023-09-21,"B","PN",107
2023-09-22,"B","PN",110
2023-09-23,"B","PN",107
2023-09-24,"B","PN",108
2023-09-25,"B","PN",96
2023-09-26,"B","PN",120
2023-09-27,"B","PN",93
2023-09-28,"B","PN",120
2023-09-29,"B","PN",116
2023-09-30,"B","PN",116
2023-10-01,"B","PN",116
2023-10-02,"B","PN",107
2023-10-03,"B","PN",130
2023-10-04,"B","PN",133
2023-10-05,"B","PN",119
2023-10-06,"B","PN",109
2023-10-07,"B","PN",128
2023-10-08,"B","PN",129
2023-10-09,"B","PN",125
2023-10-10,"B","PN",120
2023-10-11,"B","PN",123
2023-10-12,"B","PN",109
2023-10-13,"B","PN",129
2023-10-14,"B","PN",146
2023-10-15,"B","PN",115
2023-10-16,"B","PN",117
2023-10-17,"B","PN",116
2023-10-18,"B","PN",131
2023-10-19,"B","PN",118
2023-10-20,"B","PN",133
2023-10-21,"B","PN",126
2023-10-22,"B","PN",129
2023-10-23,"B","PN",132
2023-10-24,"B","PN",108
2023-10-25,"B","PN",125
2023-10-26,"B","PN",123
2023-10-27,"B","PN",130
2023-10-28,"B","PN",125
2023-10-29,"B","PN",116
2023-10-30,"B","PN",102
2023-10-31,"B","PN",110
2023-11-01,"B","PN",114
2023-11-02,"B","PN",130
2023-11-03,"B","PN",107
2023-11-04,"B","PN",133
2023-11-05,"B","PN",137
2023-11-06,"B","PN",137
2023-11-07,"B","PN",109
2023-11-08,"B","PN",118
2023-11-09,"B","PN",97
2023-11-10,"B","PN",108
2023-11-11,"B","PN",106
2023-11-12,"B","PN",117
2023-11-13,"B","PN",135
2023-11-14,"B","PN",139
2023-11-15,"B","PN",120
2023-11-16,"B","PN",112
2023-11-17,"B","PN",129
2023-11-18,"B","PN",144
2023-11-19,"B","PN",114
2023-11-20,"B","PN",145
2023-11-21,"B","PN",122
2023-11-22,"B","PN",136
2023-11-23,"B","PN",122
2023-11-24,"B","PN",128
2023-11-25,"B","PN",122
2023-11-26,"B","PN",127
2023-11-27,"B","PN",130
2023-11-28,"B","PN",124
2023-11-29,"B","PN",119
2023-11-30,"B","PN",129
2023-12-01,"B","PN",129
2023-12-02,"B","PN",116
2023-12-03,"B","PN",102
2023-12-04,"B","PN",115
2023-12-05,"B","PN",127
2023-12-06,"B","PN",121
2023-12-07,"B","PN",131
2023-12-08,"B","PN",129
2023-12-09,"B","PN",128
2023-12-10,"B","PN",127
2023-12-11,"B","PN",121
2023-12-12,"B","PN",124
2023-12-13,"B","PN",110
2023-12-14,"B","PN",129
2023-12-15,"B","PN",129
2023-12-16,"B","PN",131
2023-12-17,"B","PN",127
2023-12-18,"B","PN",106
2023-12-19,"B","PN",146
2023-12-20,"B","PN",139
2023-12-21,"B","PN",124
2023-12-22,"B","PN",116
2023-12-23,"B","PN",138
2023-12-24,"B","PN",127
2023-12-25,"B","PN",120
2023-12-26,"B","PN",154
2023-12-27,"B","PN",138
2023-12-28,"B","PN",111
2023-12-29,"B","PN",135
2023-12-30,"B","PN",116
2021-01-02,"C","PN",1459
2021-01-03,"C","PN",1522
2021-01-04,"C","PN",1489
2021-01-05,"C","PN",1543
2021-01-06,"C","PN",1512
2021-01-07,"C","PN",1485
2021-01-08,"C","PN",1472
2021-01-09,"C","PN",1500
2021-01-10,"C","PN",1469
2021-01-11,"C","PN",1491
2021-01-12,"C","PN",1480
2021-01-13,"C","PN",1476
2021-01-14,"C","PN",1490
2021-01-15,"C","PN",1457
2021-01-16,"C","PN",1483
2021-01-17,"C","PN",1485
2021-01-18,"C","PN",1456
2021-01-19,"C","PN",1477
2021-01-20,"C","PN",1489
2021-01-21,"C","PN",1497
2021-01-22,"C","PN",1450
2021-01-23,"C","PN",1495
2021-01-24,"C","PN",1466
2021-01-25,"C","PN",1462
2021-01-26,"C","PN",1471
2021-01-27,"C","PN",1491
2021-01-28,"C","PN",1493
2021-01-29,"C","PN",1469
2021-01-30,"C","PN",1455
2021-01-31,"C","PN",1475
2021-02-01,"C","PN",1460
2021-02-02,"C","PN",1432
2021-02-03,"C","PN",1423
2021-02-04,"C","PN",1421
2021-02-05,"C","PN",1427
2021-02-06,"C","PN",1422
2021-02-07,"C","PN",1423
2021-02-08,"C","PN",1438
2021-02-09,"C","PN",1446
2021-02-10,"C","PN",1429
2021-02-11,"C","PN",1449
2021-02-12,"C","PN",1463
2021-02-13,"C","PN",1479
2021-02-14,"C","PN",1482
2021-02-15,"C","PN",1477
2021-02-16,"C","PN",1462
2021-02-17,"C","PN",1462
2021-02-18,"C","PN",1515
2021-02-19,"C","PN",1446
2021-02-20,"C","PN",1458
2021-02-21,"C","PN",1433
2021-02-22,"C","PN",1454
2021-02-23,"C","PN",1457
2021-02-24,"C","PN",1471
2021-02-25,"C","PN",1457
2021-02-26,"C","PN",1461
2021-02-27,"C","PN",1490
2021-02-28,"C","PN",1487
2021-03-01,"C","PN",1467
2021-03-02,"C","PN",1479
2021-03-03,"C","PN",1465
2021-03-04,"C","PN",1425
2021-03-05,"C","PN",1430
2021-03-06,"C","PN",1459
2021-03-07,"C","PN",1479
2021-03-08,"C","PN",1442
2021-03-09,"C","PN",1411
2021-03-10,"C","PN",1409
2021-03-11,"C","PN",1407
2021-03-12,"C","PN",1377
2021-03-13,"C","PN",1394
2021-03-14,"C","PN",1396
2021-03-15,"C","PN",1418
2021-03-16,"C","PN",1414
2021-03-17,"C","PN",1408
2021-03-18,"C","PN",1362
2021-03-19,"C","PN",1406
2021-03-20,"C","PN",1360
2021-03-21,"C","PN",1391
2021-03-22,"C","PN",1410
2021-03-23,"C","PN",1402
2021-03-24,"C","PN",1393
2021-03-25,"C","PN",1407
2021-03-26,"C","PN",1351
2021-03-27,"C","PN",1365
2021-03-28,"C","PN",1380
2021-03-29,"C","PN",1381
2021-03-30,"C","PN",1375
2021-03-31,"C","PN",1352
2021-04-01,"C","PN",1353
2021-04-02,"C","PN",1370
2021-04-03,"C","PN",1367
2021-04-04,"C","PN",1365
2021-04-05,"C","PN",1361
2021-04-06,"C","PN",1334
2021-04-07,"C","PN",1335
2021-04-08,"C","PN",1354
2021-04-09,"C","PN",1280
2021-04-10,"C","PN",1317
2021-04-11,"C","PN",1302
2021-04-12,"C","PN",1297
2021-04-13,"C","PN",1266
2021-04-14,"C","PN",1294
2021-04-15,"C","PN",1280
2021-04-16,"C","PN",1239
2021-04-17,"C","PN",1277
2021-04-18,"C","PN",1314
2021-04-19,"C","PN",1311
2021-04-20,"C","PN",1300
2021-04-21,"C","PN",1303
2021-04-22,"C","PN",1323
2021-04-23,"C","PN",1323
2021-04-24,"C","PN",1317
2021-04-25,"C","PN",1267
2021-04-26,"C","PN",1317
2021-04-27,"C","PN",1327
2021-04-28,"C","PN",1334
2021-04-29,"C","PN",1311
2021-04-30,"C","PN",1292
2021-05-01,"C","PN",1308
2021-05-02,"C","PN",1283
2021-05-03,"C","PN",1327
2021-05-04,"C","PN",1306
2021-05-05,"C","PN",1331
2021-05-06,"C","PN",1294
2021-05-07,"C","PN",1352
2021-05-08,"C","PN",1322
2021-05-09,"C","PN",1333
2021-05-10,"C","PN",1345
2021-05-11,"C","PN",1343
2021-05-12,"C","PN",1354
2021-05-13,"C","PN",1367
2021-05-14,"C","PN",1379
2021-05-15,"C","PN",1385
2021-05-16,"C","PN",1349
2021-05-17,"C","PN",1373
2021-05-18,"C","PN",1353
2021-05-19,"C","PN",1411
2021-05-20,"C","PN",1390
2021-05-21,"C","PN",1370
2021-05-22,"C","PN",1415
2021-05-23,"C","PN",1401
2021-05-24,"C","PN",1381
2021-05-25,"C","PN",1367
2021-05-26,"C","PN",1433
2021-05-27,"C","PN",1412
2021-05-28,"C","PN",1416
2021-05-29,"C","PN",1433
2021-05-30,"C","PN",1448
2021-05-31,"C","PN",1397
2021-06-01,"C","PN",1400
2021-06-02,"C","PN",1373
2021-06-03,"C","PN",1428
2021-06-04,"C","PN",1383
2021-06-05,"C","PN",1383
2021-06-06,"C","PN",1384
2021-06-07,"C","PN",1387
2021-06-08,"C","PN",1406
2021-06-09,"C","PN",1396
2021-06-10,"C","PN",1365
2021-06-11,"C","PN",1436
2021-06-12,"C","PN",1405
2021-06-13,"C","PN",1399
2021-06-14,"C","PN",1404
2021-06-15,"C","PN",1396
2021-06-16,"C","PN",1402
2021-06-17,"C","PN",1419
2021-06-18,"C","PN",1395
2021-06-19,"C","PN",1431
2021-06-20,"C","PN",1390
2021-06-21,"C","PN",1407
2021-06-22,"C","PN",1428
2021-06-23,"C","PN",1418
2021-06-24,"C","PN",1437
2021-06-25,"C","PN",1415
2021-06-26,"C","PN",1428
2021-06-27,"C","PN",1433
2021-06-28,"C","PN",1518
2021-06-29,"C","PN",1488
2021-06-30,"C","PN",1472
2021-07-01,"C","PN",1451
2021-07-02,"C","PN",1444
2021-07-03,"C","PN",1446
2021-07-04,"C","PN",1398
2021-07-05,"C","PN",1436
2021-07-06,"C","PN",1463
2021-07-07,"C","PN",1468
2021-07-08,"C","PN",1404
2021-07-09,"C","PN",1425
2021-07-10,"C","PN",1397
2021-07-11,"C","PN",1425
2021-07-12,"C","PN",1446
2021-07-13,"C","PN",1430
2021-07-14,"C","PN",1457
2021-07-15,"C","PN",1440
2021-07-16,"C","PN",1465
2021-07-17,"C","PN",1407
2021-07-18,"C","PN",1413
2021-07-19,"C","PN",1478
2021-07-20,"C","PN",1447
2021-07-21,"C","PN",1447
2021-07-22,"C","PN",1443
2021-07-23,"C","PN",1417
2021-07-24,"C","PN",1418
2021-07-25,"C","PN",1441
2021-07-26,"C","PN",1415
2021-07-27,"C","PN",1401
2021-07-28,"C","PN",1414
2021-07-29,"C","PN",1444
2021-07-30,"C","PN",1425
2021-07-31,"C","PN",1469
2021-08-01,"C","PN",1408
2021-08-02,"C","PN",1429
2021-08-03,"C","PN",1474
2021-08-04,"C","PN",1471
2021-08-05,"C","PN",1486
2021-08-06,"C","PN",1463
2021-08-07,"C","PN",1469
2021-08-08,"C","PN",1430
2021-08-09,"C","PN",1418
2021-08-10,"C","PN",1439
2021-08-11,"C","PN",1396
2021-08-12,"C","PN",1392
2021-08-13,"C","PN",1372
2021-08-14,"C","PN",1395
2021-08-15,"C","PN",1368
2021-08-16,"C","PN",1385
2021-08-17,"C","PN",1407
2021-08-18,"C","PN",1397
2021-08-19,"C","PN",1390
2021-08-20,"C","PN",1395
2021-08-21,"C","PN",1411
2021-08-22,"C","PN",1442
2021-08-23,"C","PN",1469
2021-08-24,"C","PN",1483
2021-08-25,"C","PN",1460
2021-08-26,"C","PN",1473
2021-08-27,"C","PN",1492
2021-08-28,"C","PN",1464
2021-08-29,"C","PN",1482
2021-08-30,"C","PN",1498
2021-08-31,"C","PN",1487
2021-09-01,"C","PN",1503
2021-09-02,"C","PN",1514
2021-09-03,"C","PN",1518
2021-09-04,"C","PN",1519
2021-09-05,"C","PN",1486
2021-09-06,"C","PN",1540
2021-09-07,"C","PN",1522
2021-09-08,"C","PN",1552
2021-09-09,"C","PN",1545
2021-09-10,"C","PN",1538
2021-09-11,"C","PN",1552
2021-09-12,"C","PN",1568
2021-09-13,"C","PN",1583
2021-09-14,"C","PN",1636
2021-09-15,"C","PN",1621
2021-09-16,"C","PN",1624
2021-09-17,"C","PN",1572
2021-09-18,"C","PN",1578
2021-09-19,"C","PN",1601
2021-09-20,"C","PN",1604
2021-09-21,"C","PN",1574
2021-09-22,"C","PN",1560
2021-09-23,"C","PN",1591
2021-09-24,"C","PN",1590
2021-09-25,"C","PN",1539
2021-09-26,"C","PN",1591
2021-09-27,"C","PN",1637
2021-09-28,"C","PN",1661
2021-09-29,"C","PN",1644
2021-09-30,"C","PN",1633
2021-10-01,"C","PN",1682
2021-10-02,"C","PN",1711
2021-10-03,"C","PN",1707
2021-10-04,"C","PN",1702
2021-10-05,"C","PN",1716
2021-10-06,"C","PN",1710
2021-10-07,"C","PN",1693
2021-10-08,"C","PN",1707
2021-10-09,"C","PN",1709
2021-10-10,"C","PN",1700
2021-10-11,"C","PN",1708
2021-10-12,"C","PN",1698
2021-10-13,"C","PN",1673
2021-10-14,"C","PN",1683
2021-10-15,"C","PN",1694
2021-10-16,"C","PN",1657
2021-10-17,"C","PN",1690
2021-10-18,"C","PN",1688
2021-10-19,"C","PN",1707
2021-10-20,"C","PN",1709
2021-10-21,"C","PN",1712
2021-10-22,"C","PN",1707
2021-10-23,"C","PN",1754
2021-10-24,"C","PN",1687
2021-10-25,"C","PN",1704
2021-10-26,"C","PN",1726
2021-10-27,"C","PN",1714
2021-10-28,"C","PN",1694
2021-10-29,"C","PN",1678
2021-10-30,"C","PN",1699
2021-10-31,"C","PN",1693
2021-11-01,"C","PN",1722
2021-11-02,"C","PN",1717
2021-11-03,"C","PN",1726
2021-11-04,"C","PN",1717
2021-11-05,"C","PN",1739
2021-11-06,"C","PN",1763
2021-11-07,"C","PN",1732
2021-11-08,"C","PN",1700
2021-11-09,"C","PN",1730
2021-11-10,"C","PN",1723
2021-11-11,"C","PN",1763
2021-11-12,"C","PN",1764
2021-11-13,"C","PN",1744
2021-11-14,"C","PN",1762
2021-11-15,"C","PN",1744
2021-11-16,"C","PN",1733
2021-11-17,"C","PN",1766
2021-11-18,"C","PN",1796
2021-11-19,"C","PN",1746
2021-11-20,"C","PN",1773
2021-11-21,"C","PN",1817
2021-11-22,"C","PN",1779
2021-11-23,"C","PN",1772
2021-11-24,"C","PN",1783
2021-11-25,"C","PN",1780
2021-11-26,"C","PN",1794
2021-11-27,"C","PN",1764
2021-11-28,"C","PN",1804
2021-11-29,"C","PN",1828
2021-11-30,"C","PN",1738
2021-12-01,"C","PN",1780
2021-12-02,"C","PN",1808
2021-12-03,"C","PN",1776
2021-12-04,"C","PN",1780
2021-12-05,"C","PN",1757
2021-12-06,"C","PN",1780
2021-12-07,"C","PN",1806
2021-12-08,"C","PN",1796
2021-12-09,"C","PN",1830
2021-12-10,"C","PN",1807
2021-12-11,"C","PN",1806
2021-12-12,"C","PN",1801
2021-12-13,"C","PN",1795
2021-12-14,"C","PN",1844
2021-12-15,"C","PN",1840
2021-12-16,"C","PN",1841
2021-12-17,"C","PN",1820
2021-12-18,"C","PN",1826
2021-12-19,"C","PN",1847
2021-12-20,"C","PN",1854
2021-12-21,"C","PN",1830
2021-12-22,"C","PN",1876
2021-12-23,"C","PN",1833
2021-12-24,"C","PN",1914
2021-12-25,"C","PN",1855
2021-12-26,"C","PN",1868
2021-12-27,"C","PN",1872
2021-12-28,"C","PN",1852
2021-12-29,"C","PN",1844
2021-12-30,"C","PN",1887
2022-01-02,"C","PN",1846
2022-01-03,"C","PN",1901
2022-01-04,"C","PN",1921
2022-01-05,"C","PN",1897
2022-01-06,"C","PN",1895
2022-01-07,"C","PN",1915
2022-01-08,"C","PN",1894
2022-01-09,"C","PN",1902
2022-01-10,"C","PN",1883
2022-01-11,"C","PN",1901
2022-01-12,"C","PN",1834
2022-01-13,"C","PN",1815
2022-01-14,"C","PN",1872
2022-01-15,"C","PN",1860
2022-01-16,"C","PN",1852
2022-01-17,"C","PN",1872
2022-01-18,"C","PN",1885
2022-01-19,"C","PN",1866
2022-01-20,"C","PN",1905
2022-01-21,"C","PN",1874
2022-01-22,"C","PN",1828
2022-01-23,"C","PN",1850
2022-01-24,"C","PN",1825
2022-01-25,"C","PN",1865
2022-01-26,"C","PN",1863
2022-01-27,"C","PN",1851
2022-01-28,"C","PN",1854
2022-01-29,"C","PN",1871
2022-01-30,"C","PN",1880
2022-01-31,"C","PN",1837
2022-02-01,"C","PN",1853
2022-02-02,"C","PN",1857
2022-02-03,"C","PN",1804
2022-02-04,"C","PN",1822
2022-02-05,"C","PN",1816
2022-02-06,"C","PN",1822
2022-02-07,"C","PN",1820
2022-02-08,"C","PN",1837
2022-02-09,"C","PN",1839
2022-02-10,"C","PN",1825
2022-02-11,"C","PN",1828
2022-02-12,"C","PN",1879
2022-02-13,"C","PN",1911
2022-02-14,"C","PN",1872
2022-02-15,"C","PN",1903
2022-02-16,"C","PN",1886
2022-02-17,"C","PN",1859
2022-02-18,"C","PN",1916
2022-02-19,"C","PN",1867
2022-02-20,"C","PN",1805
2022-02-21,"C","PN",1866
2022-02-22,"C","PN",1868
2022-02-23,"C","PN",1872
2022-02-24,"C","PN",1896
2022-02-25,"C","PN",1843
2022-02-26,"C","PN",1869
2022-02-27,"C","PN",1892
2022-02-28,"C","PN",1876
2022-03-01,"C","PN",1945
2022-03-02,"C","PN",1870
2022-03-03,"C","PN",1885
2022-03-04,"C","PN",1817
2022-03-05,"C","PN",1882
2022-03-06,"C","PN",1901
2022-03-07,"C","PN",1852
2022-03-08,"C","PN",1835
2022-03-09,"C","PN",1830
2022-03-10,"C","PN",1795
2022-03-11,"C","PN",1805
2022-03-12,"C","PN",1777
2022-03-13,"C","PN",1807
2022-03-14,"C","PN",1818
2022-03-15,"C","PN",1848
2022-03-16,"C","PN",1846
2022-03-17,"C","PN",1814
2022-03-18,"C","PN",1788
2022-03-19,"C","PN",1795
2022-03-20,"C","PN",1763
2022-03-21,"C","PN",1787
2022-03-22,"C","PN",1841
2022-03-23,"C","PN",1809
2022-03-24,"C","PN",1807
2022-03-25,"C","PN",1736
2022-03-26,"C","PN",1781
2022-03-27,"C","PN",1786
2022-03-28,"C","PN",1751
2022-03-29,"C","PN",1774
2022-03-30,"C","PN",1784
2022-03-31,"C","PN",1716
2022-04-01,"C","PN",1790
2022-04-02,"C","PN",1787
2022-04-03,"C","PN",1770
2022-04-04,"C","PN",1806
2022-04-05,"C","PN",1797
2022-04-06,"C","PN",1680
2022-04-07,"C","PN",1753
2022-04-08,"C","PN",1726
2022-04-09,"C","PN",1695
2022-04-10,"C","PN",1656
2022-04-11,"C","PN",1699
2022-04-12,"C","PN",1677
2022-04-13,"C","PN",1648
2022-04-14,"C","PN",1743
2022-04-15,"C","PN",1666
2022-04-16,"C","PN",1638
2022-04-17,"C","PN",1654
2022-04-18,"C","PN",1692
2022-04-19,"C","PN",1714
2022-04-20,"C","PN",1692
2022-04-21,"C","PN",1725
2022-04-22,"C","PN",1693
2022-04-23,"C","PN",1707
2022-04-24,"C","PN",1731
2022-04-25,"C","PN",1664
2022-04-26,"C","PN",1730
2022-04-27,"C","PN",1750
2022-04-28,"C","PN",1708
2022-04-29,"C","PN",1717
2022-04-30,"C","PN",1717
2022-05-01,"C","PN",1684
2022-05-02,"C","PN",1691
2022-05-03,"C","PN",1713
2022-05-04,"C","PN",1697
2022-05-05,"C","PN",1724
2022-05-06,"C","PN",1736
2022-05-07,"C","PN",1746
2022-05-08,"C","PN",1706
2022-05-09,"C","PN",1717
2022-05-10,"C","PN",1756
2022-05-11,"C","PN",1746
2022-05-12,"C","PN",1748
2022-05-13,"C","PN",1735
2022-05-14,"C","PN",1780
2022-05-15,"C","PN",1771
2022-05-16,"C","PN",1736
2022-05-17,"C","PN",1783
2022-05-18,"C","PN",1773
2022-05-19,"C","PN",1787
2022-05-20,"C","PN",1791
2022-05-21,"C","PN",1765
2022-05-22,"C","PN",1831
2022-05-23,"C","PN",1852
2022-05-24,"C","PN",1787
2022-05-25,"C","PN",1767
2022-05-26,"C","PN",1829
2022-05-27,"C","PN",1812
2022-05-28,"C","PN",1786
2022-05-29,"C","PN",1805
2022-05-30,"C","PN",1838
2022-05-31,"C","PN",1768
2022-06-01,"C","PN",1785
2022-06-02,"C","PN",1758
2022-06-03,"C","PN",1778
2022-06-04,"C","PN",1744
2022-06-05,"C","PN",1780
2022-06-06,"C","PN",1756
2022-06-07,"C","PN",1777
2022-06-08,"C","PN",1807
2022-06-09,"C","PN",1802
2022-06-10,"C","PN",1779
2022-06-11,"C","PN",1750
2022-06-12,"C","PN",1797
2022-06-13,"C","PN",1732
2022-06-14,"C","PN",1758
2022-06-15,"C","PN",1800
2022-06-16,"C","PN",1784
2022-06-17,"C","PN",1770
2022-06-18,"C","PN",1832
2022-06-19,"C","PN",1840
2022-06-20,"C","PN",1777
2022-06-21,"C","PN",1804
2022-06-22,"C","PN",1857
2022-06-23,"C","PN",1812
2022-06-24,"C","PN",1822
2022-06-25,"C","PN",1858
2022-06-26,"C","PN",1782
2022-06-27,"C","PN",1866
2022-06-28,"C","PN",1891
2022-06-29,"C","PN",1881
2022-06-30,"C","PN",1893
2022-07-01,"C","PN",1806
2022-07-02,"C","PN",1820
2022-07-03,"C","PN",1807
2022-07-04,"C","PN",1823
2022-07-05,"C","PN",1828
2022-07-06,"C","PN",1851
2022-07-07,"C","PN",1850
2022-07-08,"C","PN",1799
2022-07-09,"C","PN",1769
2022-07-10,"C","PN",1756
2022-07-11,"C","PN",1903
2022-07-12,"C","PN",1833
2022-07-13,"C","PN",1806
2022-07-14,"C","PN",1875
2022-07-15,"C","PN",1879
2022-07-16,"C","PN",1852
2022-07-17,"C","PN",1839
2022-07-18,"C","PN",1841
2022-07-19,"C","PN",1853
2022-07-20,"C","PN",1814
2022-07-21,"C","PN",1841
2022-07-22,"C","PN",1832
2022-07-23,"C","PN",1838
2022-07-24,"C","PN",1823
2022-07-25,"C","PN",1810
2022-07-26,"C","PN",1822
2022-07-27,"C","PN",1848
2022-07-28,"C","PN",1818
2022-07-29,"C","PN",1830
2022-07-30,"C","PN",1821
2022-07-31,"C","PN",1900
2022-08-01,"C","PN",1817
2022-08-02,"C","PN",1818
2022-08-03,"C","PN",1851
2022-08-04,"C","PN",1819
2022-08-05,"C","PN",1881
2022-08-06,"C","PN",1822
2022-08-07,"C","PN",1852
2022-08-08,"C","PN",1827
2022-08-09,"C","PN",1819
2022-08-10,"C","PN",1794
2022-08-11,"C","PN",1795
2022-08-12,"C","PN",1819
2022-08-13,"C","PN",1806
2022-08-14,"C","PN",1792
2022-08-15,"C","PN",1787
2022-08-16,"C","PN",1780
2022-08-17,"C","PN",1768
2022-08-18,"C","PN",1808
2022-08-19,"C","PN",1721
2022-08-20,"C","PN",1812
2022-08-21,"C","PN",1796
2022-08-22,"C","PN",1856
2022-08-23,"C","PN",1880
2022-08-24,"C","PN",1840
2022-08-25,"C","PN",1833
2022-08-26,"C","PN",1868
2022-08-27,"C","PN",1876
2022-08-28,"C","PN",1881
2022-08-29,"C","PN",1867
2022-08-30,"C","PN",1867
2022-08-31,"C","PN",1886
2022-09-01,"C","PN",1845
2022-09-02,"C","PN",1974
2022-09-03,"C","PN",1942
2022-09-04,"C","PN",1901
2022-09-05,"C","PN",1917
2022-09-06,"C","PN",1926
2022-09-07,"C","PN",1901
2022-09-08,"C","PN",1908
2022-09-09,"C","PN",1928
2022-09-10,"C","PN",1952
2022-09-11,"C","PN",1947
2022-09-12,"C","PN",1950
2022-09-13,"C","PN",2009
2022-09-14,"C","PN",2010
2022-09-15,"C","PN",1998
2022-09-16,"C","PN",2042
2022-09-17,"C","PN",1992
2022-09-18,"C","PN",1992
2022-09-19,"C","PN",2004
2022-09-20,"C","PN",1999
2022-09-21,"C","PN",2014
2022-09-22,"C","PN",1961
2022-09-23,"C","PN",2011
2022-09-24,"C","PN",1971
2022-09-25,"C","PN",1951
2022-09-26,"C","PN",1987
2022-09-27,"C","PN",2084
2022-09-28,"C","PN",2013
2022-09-29,"C","PN",2026
2022-09-30,"C","PN",2042
2022-10-01,"C","PN",2071
2022-10-02,"C","PN",2092
2022-10-03,"C","PN",2112
2022-10-04,"C","PN",2105
2022-10-05,"C","PN",2154
2022-10-06,"C","PN",2160
2022-10-07,"C","PN",2096
2022-10-08,"C","PN",2072
2022-10-09,"C","PN",2089
2022-10-10,"C","PN",2072
2022-10-11,"C","PN",2116
2022-10-12,"C","PN",2074
2022-10-13,"C","PN",2096
2022-10-14,"C","PN",2129
2022-10-15,"C","PN",2110
2022-10-16,"C","PN",2121
2022-10-17,"C","PN",2098
2022-10-18,"C","PN",2113
2022-10-19,"C","PN",2123
2022-10-20,"C","PN",2127
2022-10-21,"C","PN",2153
2022-10-22,"C","PN",2177
2022-10-23,"C","PN",2180
2022-10-24,"C","PN",2110
2022-10-25,"C","PN",2146
2022-10-26,"C","PN",2112
2022-10-27,"C","PN",2178
2022-10-28,"C","PN",2173
2022-10-29,"C","PN",2108
2022-10-30,"C","PN",2167
2022-10-31,"C","PN",2187
2022-11-01,"C","PN",2177
2022-11-02,"C","PN",2186
2022-11-03,"C","PN",2173
2022-11-04,"C","PN",2173
2022-11-05,"C","PN",2225
2022-11-06,"C","PN",2211
2022-11-07,"C","PN",2189
2022-11-08,"C","PN",2150
2022-11-09,"C","PN",2231
2022-11-10,"C","PN",2167
2022-11-11,"C","PN",2228
2022-11-12,"C","PN",2237
2022-11-13,"C","PN",2222
2022-11-14,"C","PN",2212
2022-11-15,"C","PN",2221
2022-11-16,"C","PN",2202
2022-11-17,"C","PN",2247
2022-11-18,"C","PN",2247
2022-11-19,"C","PN",2222
2022-11-20,"C","PN",2263
2022-11-21,"C","PN",2275
2022-11-22,"C","PN",2263
2022-11-23,"C","PN",2221
2022-11-24,"C","PN",2290
2022-11-25,"C","PN",2246
2022-11-26,"C","PN",2300
2022-11-27,"C","PN",2243
2022-11-28,"C","PN",2283
2022-11-29,"C","PN",2317
2022-11-30,"C","PN",2237
2022-12-01,"C","PN",2290
2022-12-02,"C","PN",2307
2022-12-03,"C","PN",2234
2022-12-04,"C","PN",2301
2022-12-05,"C","PN",2304
2022-12-06,"C","PN",2293
2022-12-07,"C","PN",2264
2022-12-08,"C","PN",2314
2022-12-09,"C","PN",2364
2022-12-10,"C","PN",2334
2022-12-11,"C","PN",2305
2022-12-12,"C","PN",2307
2022-12-13,"C","PN",2339
2022-12-14,"C","PN",2326
2022-12-15,"C","PN",2294
2022-12-16,"C","PN",2372
2022-12-17,"C","PN",2287
2022-12-18,"C","PN",2317
2022-12-19,"C","PN",2361
2022-12-20,"C","PN",2308
2022-12-21,"C","PN",2329
2022-12-22,"C","PN",2348
2022-12-23,"C","PN",2346
2022-12-24,"C","PN",2340
2022-12-25,"C","PN",2311
2022-12-26,"C","PN",2390
2022-12-27,"C","PN",2367
2022-12-28,"C","PN",2355
2022-12-29,"C","PN",2346
2022-12-30,"C","PN",2333
2023-01-02,"C","PN",2339
2023-01-03,"C","PN",2386
2023-01-04,"C","PN",2376
2023-01-05,"C","PN",2389
2023-01-06,"C","PN",2426
2023-01-07,"C","PN",2387
2023-01-08,"C","PN",2374
2023-01-09,"C","PN",2337
2023-01-10,"C","PN",2406
2023-01-11,"C","PN",2376
2023-01-12,"C","PN",2347
2023-01-13,"C","PN",2353
2023-01-14,"C","PN",2391
2023-01-15,"C","PN",2344
2023-01-16,"C","PN",2401
2023-01-17,"C","PN",2396
2023-01-18,"C","PN",2441
2023-01-19,"C","PN",2351
2023-01-20,"C","PN",2478
2023-01-21,"C","PN",2423
2023-01-22,"C","PN",2376
2023-01-23,"C","PN",2342
2023-01-24,"C","PN",2354
2023-01-25,"C","PN",2369
2023-01-26,"C","PN",2402
2023-01-27,"C","PN",2332
2023-01-28,"C","PN",2417
2023-01-29,"C","PN",2385
2023-01-30,"C","PN",2410
2023-01-31,"C","PN",2320
2023-02-01,"C","PN",2410
2023-02-02,"C","PN",2370
2023-02-03,"C","PN",2360
2023-02-04,"C","PN",2347
2023-02-05,"C","PN",2332
2023-02-06,"C","PN",2323
2023-02-07,"C","PN",2337
2023-02-08,"C","PN",2368
2023-02-09,"C","PN",2364
2023-02-10,"C","PN",2331
2023-02-11,"C","PN",2354
2023-02-12,"C","PN",2435
2023-02-13,"C","PN",2430
2023-02-14,"C","PN",2423
2023-02-15,"C","PN",2460
2023-02-16,"C","PN",2446
2023-02-17,"C","PN",2358
2023-02-18,"C","PN",2457
2023-02-19,"C","PN",2369
2023-02-20,"C","PN",2379
2023-02-21,"C","PN",2434
2023-02-22,"C","PN",2380
2023-02-23,"C","PN",2424
2023-02-24,"C","PN",2450
2023-02-25,"C","PN",2415
2023-02-26,"C","PN",2392
2023-02-27,"C","PN",2449
2023-02-28,"C","PN",2477
2023-03-01,"C","PN",2474
2023-03-02,"C","PN",2424
2023-03-03,"C","PN",2411
2023-03-04,"C","PN",2344
2023-03-05,"C","PN",2422
2023-03-06,"C","PN",2456
2023-03-07,"C","PN",2449
2023-03-08,"C","PN",2395
2023-03-09,"C","PN",2397
2023-03-10,"C","PN",2327
2023-03-11,"C","PN",2366
2023-03-12,"C","PN",2312
2023-03-13,"C","PN",2383
2023-03-14,"C","PN",2384
2023-03-15,"C","PN",2409
2023-03-16,"C","PN",2411
2023-03-17,"C","PN",2442
2023-03-18,"C","PN",2356
2023-03-19,"C","PN",2336
2023-03-20,"C","PN",2350
2023-03-21,"C","PN",2378
2023-03-22,"C","PN",2378
2023-03-23,"C","PN",2360
2023-03-24,"C","PN",2439
2023-03-25,"C","PN",2305
2023-03-26,"C","PN",2375
2023-03-27,"C","PN",2358
2023-03-28,"C","PN",2307
2023-03-29,"C","PN",2297
2023-03-30,"C","PN",2356
2023-03-31,"C","PN",2321
2023-04-01,"C","PN",2369
2023-04-02,"C","PN",2392
2023-04-03,"C","PN",2352
2023-04-04,"C","PN",2349
2023-04-05,"C","PN",2384
2023-04-06,"C","PN",2272
2023-04-07,"C","PN",2351
2023-04-08,"C","PN",2321
2023-04-09,"C","PN",2271
2023-04-10,"C","PN",2237
2023-04-11,"C","PN",2238
2023-04-12,"C","PN",2298
2023-04-13,"C","PN",2201
2023-04-14,"C","PN",2311
2023-04-15,"C","PN",2221
2023-04-16,"C","PN",2210
2023-04-17,"C","PN",2245
2023-04-18,"C","PN",2240
2023-04-19,"C","PN",2236
2023-04-20,"C","PN",2254
2023-04-21,"C","PN",2291
2023-04-22,"C","PN",2274
2023-04-23,"C","PN",2282
2023-04-24,"C","PN",2268
2023-04-25,"C","PN",2188
2023-04-26,"C","PN",2305
2023-04-27,"C","PN",2298
2023-04-28,"C","PN",2293
2023-04-29,"C","PN",2341
2023-04-30,"C","PN",2275
2023-05-01,"C","PN",2250
2023-05-02,"C","PN",2254
2023-05-03,"C","PN",2296
2023-05-04,"C","PN",2311
2023-05-05,"C","PN",2324
2023-05-06,"C","PN",2376
2023-05-07,"C","PN",2368
2023-05-08,"C","PN",2316
2023-05-09,"C","PN",2305
2023-05-10,"C","PN",2380
2023-05-11,"C","PN",2323
2023-05-12,"C","PN",2372
2023-05-13,"C","PN",2320
2023-05-14,"C","PN",2390
2023-05-15,"C","PN",2364
2023-05-16,"C","PN",2276
2023-05-17,"C","PN",2357
2023-05-18,"C","PN",2398
2023-05-19,"C","PN",2397
2023-05-20,"C","PN",2378
2023-05-21,"C","PN",2343
2023-05-22,"C","PN",2380
2023-05-23,"C","PN",2444
2023-05-24,"C","PN",2398
2023-05-25,"C","PN",2457
2023-05-26,"C","PN",2427
2023-05-27,"C","PN",2429
2023-05-28,"C","PN",2406
2023-05-29,"C","PN",2391
2023-05-30,"C","PN",2458
2023-05-31,"C","PN",2385
2023-06-01,"C","PN",2386
2023-06-02,"C","PN",2364
2023-06-03,"C","PN",2353
2023-06-04,"C","PN",2336
2023-06-05,"C","PN",2383
2023-06-06,"C","PN",2397
2023-06-07,"C","PN",2397
2023-06-08,"C","PN",2367
2023-06-09,"C","PN",2394
2023-06-10,"C","PN",2346
2023-06-11,"C","PN",2369
2023-06-12,"C","PN",2399
2023-06-13,"C","PN",2362
2023-06-14,"C","PN",2396
2023-06-15,"C","PN",2413
2023-06-16,"C","PN",2364
2023-06-17,"C","PN",2350
2023-06-18,"C","PN",2428
2023-06-19,"C","PN",2427
2023-06-20,"C","PN",2415
2023-06-21,"C","PN",2435
2023-06-22,"C","PN",2455
2023-06-23,"C","PN",2400
2023-06-24,"C","PN",2446
2023-06-25,"C","PN",2470
2023-06-26,"C","PN",2429
2023-06-27,"C","PN",2464
2023-06-28,"C","PN",2465
2023-06-29,"C","PN",2528
2023-06-30,"C","PN",2504
2023-07-01,"C","PN",2475
2023-07-02,"C","PN",2454
2023-07-03,"C","PN",2457
2023-07-04,"C","PN",2452
2023-07-05,"C","PN",2475
2023-07-06,"C","PN",2495
2023-07-07,"C","PN",2480
2023-07-08,"C","PN",2419
2023-07-09,"C","PN",2439
2023-07-10,"C","PN",2429
2023-07-11,"C","PN",2487
2023-07-12,"C","PN",2458
2023-07-13,"C","PN",2445
2023-07-14,"C","PN",2505
2023-07-15,"C","PN",2494
2023-07-16,"C","PN",2531
2023-07-17,"C","PN",2449
2023-07-18,"C","PN",2475
2023-07-19,"C","PN",2531
2023-07-20,"C","PN",2475
2023-07-21,"C","PN",2483
2023-07-22,"C","PN",2505
2023-07-23,"C","PN",2515
2023-07-24,"C","PN",2457
2023-07-25,"C","PN",2495
2023-07-26,"C","PN",2457
2023-07-27,"C","PN",2498
2023-07-28,"C","PN",2499
2023-07-29,"C","PN",2495
2023-07-30,"C","PN",2460
2023-07-31,"C","PN",2544
2023-08-01,"C","PN",2524
2023-08-02,"C","PN",2479
2023-08-03,"C","PN",2505
2023-08-04,"C","PN",2523
2023-08-05,"C","PN",2534
2023-08-06,"C","PN",2500
2023-08-07,"C","PN",2553
2023-08-08,"C","PN",2484
2023-08-09,"C","PN",2500
2023-08-10,"C","PN",2453
2023-08-11,"C","PN",2482
2023-08-12,"C","PN",2514
2023-08-13,"C","PN",2487
2023-08-14,"C","PN",2437
2023-08-15,"C","PN",2461
2023-08-16,"C","PN",2474
2023-08-17,"C","PN",2494
2023-08-18,"C","PN",2538
2023-08-19,"C","PN",2494
2023-08-20,"C","PN",2471
2023-08-21,"C","PN",2495
2023-08-22,"C","PN",2532
2023-08-23,"C","PN",2613
2023-08-24,"C","PN",2555
2023-08-25,"C","PN",2496
2023-08-26,"C","PN",2574
2023-08-27,"C","PN",2556
2023-08-28,"C","PN",2611
2023-08-29,"C","PN",2612
2023-08-30,"C","PN",2573
2023-08-31,"C","PN",2624
2023-09-01,"C","PN",2604
2023-09-02,"C","PN",2644
2023-09-03,"C","PN",2675
2023-09-04,"C","PN",2619
2023-09-05,"C","PN",2595
2023-09-06,"C","PN",2660
2023-09-07,"C","PN",2636
2023-09-08,"C","PN",2629
2023-09-09,"C","PN",2620
2023-09-10,"C","PN",2677
2023-09-11,"C","PN",2680
2023-09-12,"C","PN",2647
2023-09-13,"C","PN",2725
2023-09-14,"C","PN",2674
2023-09-15,"C","PN",2711
2023-09-16,"C","PN",2780
2023-09-17,"C","PN",2685
2023-09-18,"C","PN",2715
2023-09-19,"C","PN",2776
2023-09-20,"C","PN",2754
2023-09-21,"C","PN",2715
2023-09-22,"C","PN",2722
2023-09-23,"C","PN",2726
2023-09-24,"C","PN",2679
2023-09-25,"C","PN",2720
2023-09-26,"C","PN",2735
2023-09-27,"C","PN",2815
2023-09-28,"C","PN",2796
2023-09-29,"C","PN",2727
2023-09-30,"C","PN",2778
2023-10-01,"C","PN",2889
2023-10-02,"C","PN",2892
2023-10-03,"C","PN",2864
2023-10-04,"C","PN",2845
2023-10-05,"C","PN",2951
2023-10-06,"C","PN",2866
2023-10-07,"C","PN",2877
2023-10-08,"C","PN",2843
2023-10-09,"C","PN",2812
2023-10-10,"C","PN",2822
2023-10-11,"C","PN",2913
2023-10-12,"C","PN",2877
2023-10-13,"C","PN",2816
2023-10-14,"C","PN",2902
2023-10-15,"C","PN",2967
2023-10-16,"C","PN",2849
2023-10-17,"C","PN",2869
2023-10-18,"C","PN",2864
2023-10-19,"C","PN",2894
2023-10-20,"C","PN",2865
2023-10-21,"C","PN",2894
2023-10-22,"C","PN",2890
2023-10-23,"C","PN",2940
2023-10-24,"C","PN",2884
2023-10-25,"C","PN",2880
2023-10-26,"C","PN",2884
2023-10-27,"C","PN",2959
2023-10-28,"C","PN",2894
2023-10-29,"C","PN",2903
2023-10-30,"C","PN",2910
2023-10-31,"C","PN",2905
2023-11-01,"C","PN",2888
2023-11-02,"C","PN",2968
2023-11-03,"C","PN",2892
2023-11-04,"C","PN",2902
2023-11-05,"C","PN",2994
2023-11-06,"C","PN",2972
2023-11-07,"C","PN",2903
2023-11-08,"C","PN",2934
2023-11-09,"C","PN",2977
2023-11-10,"C","PN",2928
2023-11-11,"C","PN",2947
2023-11-12,"C","PN",2963
2023-11-13,"C","PN",2929
2023-11-14,"C","PN",2949
2023-11-15,"C","PN",2998
2023-11-16,"C","PN",2924
2023-11-17,"C","PN",2967
2023-11-18,"C","PN",3002
2023-11-19,"C","PN",2927
2023-11-20,"C","PN",2993
2023-11-21,"C","PN",3019
2023-11-22,"C","PN",3043
2023-11-23,"C","PN",2953
2023-11-24,"C","PN",2973
2023-11-25,"C","PN",3017
2023-11-26,"C","PN",3030
2023-11-27,"C","PN",3004
2023-11-28,"C","PN",3031
2023-11-29,"C","PN",3041
2023-11-30,"C","PN",2977
2023-12-01,"C","PN",3001
2023-12-02,"C","PN",3060
2023-12-03,"C","PN",2966
2023-12-04,"C","PN",3032
2023-12-05,"C","PN",3027
2023-12-06,"C","PN",3030
2023-12-07,"C","PN",3001
2023-12-08,"C","PN",3066
2023-12-09,"C","PN",3068
2023-12-10,"C","PN",3115
2023-12-11,"C","PN",3061
2023-12-12,"C","PN",3042
2023-12-13,"C","PN",3095
2023-12-14,"C","PN",3081
2023-12-15,"C","PN",3073
2023-12-16,"C","PN",3087
2023-12-17,"C","PN",3089
2023-12-18,"C","PN",3123
2023-12-19,"C","PN",3091
2023-12-20,"C","PN",3101
2023-12-21,"C","PN",3071
2023-12-22,"C","PN",3081
2023-12-23,"C","PN",3148
2023-12-24,"C","PN",3128
2023-12-25,"C","PN",3083
2023-12-26,"C","PN",3119
2023-12-27,"C","PN",3147
2023-12-28,"C","PN",3115
2023-12-29,"C","PN",3137
2023-12-30,"C","PN",3080
2021-01-02,"D","PN",655
2021-01-03,"D","PN",672
2021-01-04,"D","PN",656
2021-01-05,"D","PN",666
2021-01-06,"D","PN",674
2021-01-07,"D","PN",673
2021-01-08,"D","PN",669
2021-01-09,"D","PN",663
2021-01-10,"D","PN",651
2021-01-11,"D","PN",672
2021-01-12,"D","PN",665
2021-01-13,"D","PN",652
2021-01-14,"D","PN",661
2021-01-15,"D","PN",653
2021-01-16,"D","PN",655
2021-01-17,"D","PN",663
2021-01-18,"D","PN",667
2021-01-19,"D","PN",661
2021-01-20,"D","PN",677
2021-01-21,"D","PN",669
2021-01-22,"D","PN",665
2021-01-23,"D","PN",662
2021-01-24,"D","PN",653
2021-01-25,"D","PN",652
2021-01-26,"D","PN",665
2021-01-27,"D","PN",656
2021-01-28,"D","PN",673
2021-01-29,"D","PN",667
2021-01-30,"D","PN",651
2021-01-31,"D","PN",659
2021-02-01,"D","PN",664
2021-02-02,"D","PN",652
2021-02-03,"D","PN",653
2021-02-04,"D","PN",648
2021-02-05,"D","PN",647
2021-02-06,"D","PN",639
2021-02-07,"D","PN",633
2021-02-08,"D","PN",642
2021-02-09,"D","PN",651
2021-02-10,"D","PN",653
2021-02-11,"D","PN",658
2021-02-12,"D","PN",649
2021-02-13,"D","PN",654
2021-02-14,"D","PN",650
2021-02-15,"D","PN",657
2021-02-16,"D","PN",660
2021-02-17,"D","PN",659
2021-02-18,"D","PN",664
2021-02-19,"D","PN",661
2021-02-20,"D","PN",649
2021-02-21,"D","PN",648
2021-02-22,"D","PN",657
2021-02-23,"D","PN",654
2021-02-24,"D","PN",657
2021-02-25,"D","PN",660
2021-02-26,"D","PN",648
2021-02-27,"D","PN",650
2021-02-28,"D","PN",650
2021-03-01,"D","PN",648
2021-03-02,"D","PN",649
2021-03-03,"D","PN",651
2021-03-04,"D","PN",643
2021-03-05,"D","PN",653
2021-03-06,"D","PN",651
2021-03-07,"D","PN",641
2021-03-08,"D","PN",637
2021-03-09,"D","PN",634
2021-03-10,"D","PN",634
2021-03-11,"D","PN",615
2021-03-12,"D","PN",608
2021-03-13,"D","PN",622
2021-03-14,"D","PN",626
2021-03-15,"D","PN",620
2021-03-16,"D","PN",606
2021-03-17,"D","PN",615
2021-03-18,"D","PN",617
2021-03-19,"D","PN",617
2021-03-20,"D","PN",601
2021-03-21,"D","PN",601
2021-03-22,"D","PN",619
2021-03-23,"D","PN",617
2021-03-24,"D","PN",610
2021-03-25,"D","PN",605
2021-03-26,"D","PN",573
2021-03-27,"D","PN",599
2021-03-28,"D","PN",593
2021-03-29,"D","PN",598
2021-03-30,"D","PN",601
2021-03-31,"D","PN",590
2021-04-01,"D","PN",597
2021-04-02,"D","PN",603
2021-04-03,"D","PN",605
2021-04-04,"D","PN",591
2021-04-05,"D","PN",596
2021-04-06,"D","PN",595
2021-04-07,"D","PN",575
2021-04-08,"D","PN",571
2021-04-09,"D","PN",561
2021-04-10,"D","PN",566
2021-04-11,"D","PN",559
2021-04-12,"D","PN",561
2021-04-13,"D","PN",536
2021-04-14,"D","PN",552
2021-04-15,"D","PN",552
2021-04-16,"D","PN",548
2021-04-17,"D","PN",549
2021-04-18,"D","PN",547
2021-04-19,"D","PN",571
2021-04-20,"D","PN",562
2021-04-21,"D","PN",563
2021-04-22,"D","PN",574
2021-04-23,"D","PN",575
2021-04-24,"D","PN",572
2021-04-25,"D","PN",563
2021-04-26,"D","PN",557
2021-04-27,"D","PN",548
2021-04-28,"D","PN",563
2021-04-29,"D","PN",559
2021-04-30,"D","PN",556
2021-05-01,"D","PN",559
2021-05-02,"D","PN",558
2021-05-03,"D","PN",562
2021-05-04,"D","PN",568
2021-05-05,"D","PN",570
2021-05-06,"D","PN",567
2021-05-07,"D","PN",572
2021-05-08,"D","PN",574
2021-05-09,"D","PN",564
2021-05-10,"D","PN",573
2021-05-11,"D","PN",578
2021-05-12,"D","PN",570
2021-05-13,"D","PN",576
2021-05-14,"D","PN",580
2021-05-15,"D","PN",575
2021-05-16,"D","PN",569
2021-05-17,"D","PN",569
2021-05-18,"D","PN",579
2021-05-19,"D","PN",580
2021-05-20,"D","PN",600
2021-05-21,"D","PN",587
2021-05-22,"D","PN",588
2021-05-23,"D","PN",570
2021-05-24,"D","PN",590
2021-05-25,"D","PN",573
2021-05-26,"D","PN",605
2021-05-27,"D","PN",603
2021-05-28,"D","PN",582
2021-05-29,"D","PN",594
2021-05-30,"D","PN",600
2021-05-31,"D","PN",598
2021-06-01,"D","PN",591
2021-06-02,"D","PN",587
2021-06-03,"D","PN",586
2021-06-04,"D","PN",574
2021-06-05,"D","PN",575
2021-06-06,"D","PN",582
2021-06-07,"D","PN",569
2021-06-08,"D","PN",585
2021-06-09,"D","PN",600
2021-06-10,"D","PN",575
2021-06-11,"D","PN",576
2021-06-12,"D","PN",577
2021-06-13,"D","PN",577
2021-06-14,"D","PN",585
2021-06-15,"D","PN",571
2021-06-16,"D","PN",558
2021-06-17,"D","PN",577
2021-06-18,"D","PN",583
2021-06-19,"D","PN",585
2021-06-20,"D","PN",578
2021-06-21,"D","PN",577
2021-06-22,"D","PN",586
2021-06-23,"D","PN",588
2021-06-24,"D","PN",586
2021-06-25,"D","PN",585
2021-06-26,"D","PN",578
2021-06-27,"D","PN",589
2021-06-28,"D","PN",600
2021-06-29,"D","PN",604
2021-06-30,"D","PN",603
2021-07-01,"D","PN",580
2021-07-02,"D","PN",578
2021-07-03,"D","PN",581
2021-07-04,"D","PN",569
2021-07-05,"D","PN",584
2021-07-06,"D","PN",600
2021-07-07,"D","PN",597
2021-07-08,"D","PN",572
2021-07-09,"D","PN",572
2021-07-10,"D","PN",572
2021-07-11,"D","PN",587
2021-07-12,"D","PN",583
2021-07-13,"D","PN",571
2021-07-14,"D","PN",589
2021-07-15,"D","PN",587
2021-07-16,"D","PN",579
2021-07-17,"D","PN",585
2021-07-18,"D","PN",563
2021-07-19,"D","PN",571
2021-07-20,"D","PN",577
2021-07-21,"D","PN",574
2021-07-22,"D","PN",572
2021-07-23,"D","PN",573
2021-07-24,"D","PN",586
2021-07-25,"D","PN",574
2021-07-26,"D","PN",576
2021-07-27,"D","PN",557
2021-07-28,"D","PN",559
2021-07-29,"D","PN",577
2021-07-30,"D","PN",563
2021-07-31,"D","PN",585
2021-08-01,"D","PN",565
2021-08-02,"D","PN",574
2021-08-03,"D","PN",590
2021-08-04,"D","PN",583
2021-08-05,"D","PN",582
2021-08-06,"D","PN",579
2021-08-07,"D","PN",570
2021-08-08,"D","PN",577
2021-08-09,"D","PN",555
2021-08-10,"D","PN",563
2021-08-11,"D","PN",555
2021-08-12,"D","PN",543
2021-08-13,"D","PN",545
2021-08-14,"D","PN",544
2021-08-15,"D","PN",545
2021-08-16,"D","PN",544
2021-08-17,"D","PN",552
2021-08-18,"D","PN",552
2021-08-19,"D","PN",540
2021-08-20,"D","PN",550
2021-08-21,"D","PN",560
2021-08-22,"D","PN",562
2021-08-23,"D","PN",571
2021-08-24,"D","PN",570
2021-08-25,"D","PN",579
2021-08-26,"D","PN",572
2021-08-27,"D","PN",583
2021-08-28,"D","PN",576
2021-08-29,"D","PN",592
2021-08-30,"D","PN",584
2021-08-31,"D","PN",583
2021-09-01,"D","PN",589
2021-09-02,"D","PN",580
2021-09-03,"D","PN",595
2021-09-04,"D","PN",598
2021-09-05,"D","PN",579
2021-09-06,"D","PN",592
2021-09-07,"D","PN",585
2021-09-08,"D","PN",601
2021-09-09,"D","PN",587
2021-09-10,"D","PN",605
2021-09-11,"D","PN",588
2021-09-12,"D","PN",608
2021-09-13,"D","PN",621
2021-09-14,"D","PN",616
2021-09-15,"D","PN",620
2021-09-16,"D","PN",626
2021-09-17,"D","PN",617
2021-09-18,"D","PN",617
2021-09-19,"D","PN",603
2021-09-20,"D","PN",616
2021-09-21,"D","PN",608
2021-09-22,"D","PN",604
2021-09-23,"D","PN",618
2021-09-24,"D","PN",603
2021-09-25,"D","PN",605
2021-09-26,"D","PN",608
2021-09-27,"D","PN",615
2021-09-28,"D","PN",616
2021-09-29,"D","PN",625
2021-09-30,"D","PN",624
2021-10-01,"D","PN",622
2021-10-02,"D","PN",628
2021-10-03,"D","PN",646
2021-10-04,"D","PN",645
2021-10-05,"D","PN",638
2021-10-06,"D","PN",632
2021-10-07,"D","PN",638
2021-10-08,"D","PN",635
2021-10-09,"D","PN",639
2021-10-10,"D","PN",630
2021-10-11,"D","PN",634
2021-10-12,"D","PN",642
2021-10-13,"D","PN",628
2021-10-14,"D","PN",636
2021-10-15,"D","PN",628
2021-10-16,"D","PN",626
2021-10-17,"D","PN",640
2021-10-18,"D","PN",622
2021-10-19,"D","PN",641
2021-10-20,"D","PN",635
2021-10-21,"D","PN",646
2021-10-22,"D","PN",649
2021-10-23,"D","PN",644
2021-10-24,"D","PN",633
2021-10-25,"D","PN",635
2021-10-26,"D","PN",632
2021-10-27,"D","PN",621
2021-10-28,"D","PN",628
2021-10-29,"D","PN",629
2021-10-30,"D","PN",631
2021-10-31,"D","PN",632
2021-11-01,"D","PN",626
2021-11-02,"D","PN",647
2021-11-03,"D","PN",637
2021-11-04,"D","PN",642
2021-11-05,"D","PN",640
2021-11-06,"D","PN",649
2021-11-07,"D","PN",638
2021-11-08,"D","PN",632
2021-11-09,"D","PN",628
2021-11-10,"D","PN",626
2021-11-11,"D","PN",630
2021-11-12,"D","PN",646
2021-11-13,"D","PN",644
2021-11-14,"D","PN",657
2021-11-15,"D","PN",649
2021-11-16,"D","PN",654
2021-11-17,"D","PN",660
2021-11-18,"D","PN",651
2021-11-19,"D","PN",648
2021-11-20,"D","PN",657
2021-11-21,"D","PN",652
2021-11-22,"D","PN",654
2021-11-23,"D","PN",643
2021-11-24,"D","PN",659
2021-11-25,"D","PN",653
2021-11-26,"D","PN",642
2021-11-27,"D","PN",654
2021-11-28,"D","PN",647
2021-11-29,"D","PN",644
2021-11-30,"D","PN",638
2021-12-01,"D","PN",645
2021-12-02,"D","PN",639
2021-12-03,"D","PN",625
2021-12-04,"D","PN",631
2021-12-05,"D","PN",643
2021-12-06,"D","PN",645
2021-12-07,"D","PN",650
2021-12-08,"D","PN",644
2021-12-09,"D","PN",631
2021-12-10,"D","PN",662
2021-12-11,"D","PN",638
2021-12-12,"D","PN",644
2021-12-13,"D","PN",653
2021-12-14,"D","PN",652
2021-12-15,"D","PN",650
2021-12-16,"D","PN",659
2021-12-17,"D","PN",633
2021-12-18,"D","PN",632
2021-12-19,"D","PN",653
2021-12-20,"D","PN",654
2021-12-21,"D","PN",655
2021-12-22,"D","PN",651
2021-12-23,"D","PN",636
2021-12-24,"D","PN",650
2021-12-25,"D","PN",643
2021-12-26,"D","PN",652
2021-12-27,"D","PN",644
2021-12-28,"D","PN",649
2021-12-29,"D","PN",640
2021-12-30,"D","PN",644
2022-01-02,"D","PN",636
2022-01-03,"D","PN",648
2022-01-04,"D","PN",658
2022-01-05,"D","PN",660
2022-01-06,"D","PN",646
2022-01-07,"D","PN",657
2022-01-08,"D","PN",650
2022-01-09,"D","PN",651
2022-01-10,"D","PN",640
2022-01-11,"D","PN",657
2022-01-12,"D","PN",642
2022-01-13,"D","PN",640
2022-01-14,"D","PN",639
2022-01-15,"D","PN",629
2022-01-16,"D","PN",647
2022-01-17,"D","PN",654
2022-01-18,"D","PN",639
2022-01-19,"D","PN",646
2022-01-20,"D","PN",652
2022-01-21,"D","PN",658
2022-01-22,"D","PN",630
2022-01-23,"D","PN",639
2022-01-24,"D","PN",618
2022-01-25,"D","PN",631
2022-01-26,"D","PN",642
2022-01-27,"D","PN",632
2022-01-28,"D","PN",643
2022-01-29,"D","PN",636
2022-01-30,"D","PN",637
2022-01-31,"D","PN",621
2022-02-01,"D","PN",633
2022-02-02,"D","PN",631
2022-02-03,"D","PN",625
2022-02-04,"D","PN",627
2022-02-05,"D","PN",613
2022-02-06,"D","PN",608
2022-02-07,"D","PN",616
2022-02-08,"D","PN",608
2022-02-09,"D","PN",624
2022-02-10,"D","PN",612
2022-02-11,"D","PN",632
2022-02-12,"D","PN",625
2022-02-13,"D","PN",647
2022-02-14,"D","PN",636
2022-02-15,"D","PN",643
2022-02-16,"D","PN",644
2022-02-17,"D","PN",635
2022-02-18,"D","PN",652
2022-02-19,"D","PN",653
2022-02-20,"D","PN",620
2022-02-21,"D","PN",627
2022-02-22,"D","PN",626
2022-02-23,"D","PN",625
2022-02-24,"D","PN",625
2022-02-25,"D","PN",637
2022-02-26,"D","PN",630
2022-02-27,"D","PN",635
2022-02-28,"D","PN",626
2022-03-01,"D","PN",643
2022-03-02,"D","PN",618
2022-03-03,"D","PN",635
2022-03-04,"D","PN",610
2022-03-05,"D","PN",621
2022-03-06,"D","PN",628
2022-03-07,"D","PN",619
2022-03-08,"D","PN",596
2022-03-09,"D","PN",607
2022-03-10,"D","PN",607
2022-03-11,"D","PN",593
2022-03-12,"D","PN",597
2022-03-13,"D","PN",600
2022-03-14,"D","PN",600
2022-03-15,"D","PN",594
2022-03-16,"D","PN",596
2022-03-17,"D","PN",598
2022-03-18,"D","PN",593
2022-03-19,"D","PN",596
2022-03-20,"D","PN",579
2022-03-21,"D","PN",578
2022-03-22,"D","PN",583
2022-03-23,"D","PN",592
2022-03-24,"D","PN",587
2022-03-25,"D","PN",589
2022-03-26,"D","PN",571
2022-03-27,"D","PN",588
2022-03-28,"D","PN",572
2022-03-29,"D","PN",573
2022-03-30,"D","PN",579
2022-03-31,"D","PN",568
2022-04-01,"D","PN",574
2022-04-02,"D","PN",575
2022-04-03,"D","PN",576
2022-04-04,"D","PN",565
2022-04-05,"D","PN",561
2022-04-06,"D","PN",561
2022-04-07,"D","PN",559
2022-04-08,"D","PN",547
2022-04-09,"D","PN",534
2022-04-10,"D","PN",532
2022-04-11,"D","PN",531
2022-04-12,"D","PN",540
2022-04-13,"D","PN",530
2022-04-14,"D","PN",546
2022-04-15,"D","PN",527
2022-04-16,"D","PN",523
2022-04-17,"D","PN",530
2022-04-18,"D","PN",536
2022-04-19,"D","PN",543
2022-04-20,"D","PN",540
2022-04-21,"D","PN",542
2022-04-22,"D","PN",544
2022-04-23,"D","PN",540
2022-04-24,"D","PN",545
2022-04-25,"D","PN",535
2022-04-26,"D","PN",539
2022-04-27,"D","PN",546
2022-04-28,"D","PN",550
2022-04-29,"D","PN",536
2022-04-30,"D","PN",546
2022-05-01,"D","PN",523
2022-05-02,"D","PN",520
2022-05-03,"D","PN",529
2022-05-04,"D","PN",543
2022-05-05,"D","PN",534
2022-05-06,"D","PN",551
2022-05-07,"D","PN",545
2022-05-08,"D","PN",532
2022-05-09,"D","PN",541
2022-05-10,"D","PN",536
2022-05-11,"D","PN",546
2022-05-12,"D","PN",540
2022-05-13,"D","PN",548
2022-05-14,"D","PN",553
2022-05-15,"D","PN",549
2022-05-16,"D","PN",545
2022-05-17,"D","PN",538
2022-05-18,"D","PN",550
2022-05-19,"D","PN",553
2022-05-20,"D","PN",552
2022-05-21,"D","PN",564
2022-05-22,"D","PN",575
2022-05-23,"D","PN",559
2022-05-24,"D","PN",552
2022-05-25,"D","PN",560
2022-05-26,"D","PN",572
2022-05-27,"D","PN",567
2022-05-28,"D","PN",567
2022-05-29,"D","PN",544
2022-05-30,"D","PN",564
2022-05-31,"D","PN",555
2022-06-01,"D","PN",549
2022-06-02,"D","PN",548
2022-06-03,"D","PN",544
2022-06-04,"D","PN",558
2022-06-05,"D","PN",540
2022-06-06,"D","PN",547
2022-06-07,"D","PN",542
2022-06-08,"D","PN",543
2022-06-09,"D","PN",544
2022-06-10,"D","PN",532
2022-06-11,"D","PN",546
2022-06-12,"D","PN",547
2022-06-13,"D","PN",527
2022-06-14,"D","PN",537
2022-06-15,"D","PN",537
2022-06-16,"D","PN",528
2022-06-17,"D","PN",542
2022-06-18,"D","PN",526
2022-06-19,"D","PN",544
2022-06-20,"D","PN",542
2022-06-21,"D","PN",543
2022-06-22,"D","PN",528
2022-06-23,"D","PN",541
2022-06-24,"D","PN",555
2022-06-25,"D","PN",544
2022-06-26,"D","PN",550
2022-06-27,"D","PN",545
2022-06-28,"D","PN",549
2022-06-29,"D","PN",558
2022-06-30,"D","PN",567
2022-07-01,"D","PN",551
2022-07-02,"D","PN",547
2022-07-03,"D","PN",539
2022-07-04,"D","PN",548
2022-07-05,"D","PN",549
2022-07-06,"D","PN",552
2022-07-07,"D","PN",531
2022-07-08,"D","PN",524
2022-07-09,"D","PN",529
2022-07-10,"D","PN",529
2022-07-11,"D","PN",537
2022-07-12,"D","PN",536
2022-07-13,"D","PN",535
2022-07-14,"D","PN",548
2022-07-15,"D","PN",547
2022-07-16,"D","PN",543
2022-07-17,"D","PN",527
2022-07-18,"D","PN",514
2022-07-19,"D","PN",549
2022-07-20,"D","PN",516
2022-07-21,"D","PN",523
2022-07-22,"D","PN",519
2022-07-23,"D","PN",519
2022-07-24,"D","PN",527
2022-07-25,"D","PN",513
2022-07-26,"D","PN",527
2022-07-27,"D","PN",503
2022-07-28,"D","PN",500
2022-07-29,"D","PN",522
2022-07-30,"D","PN",513
2022-07-31,"D","PN",513
2022-08-01,"D","PN",528
2022-08-02,"D","PN",520
2022-08-03,"D","PN",528
2022-08-04,"D","PN",525
2022-08-05,"D","PN",526
2022-08-06,"D","PN",533
2022-08-07,"D","PN",512
2022-08-08,"D","PN",519
2022-08-09,"D","PN",507
2022-08-10,"D","PN",508
2022-08-11,"D","PN",506
2022-08-12,"D","PN",483
2022-08-13,"D","PN",491
2022-08-14,"D","PN",501
2022-08-15,"D","PN",511
2022-08-16,"D","PN",495
2022-08-17,"D","PN",508
2022-08-18,"D","PN",497
2022-08-19,"D","PN",478
2022-08-20,"D","PN",492
2022-08-21,"D","PN",506
2022-08-22,"D","PN",507
2022-08-23,"D","PN",513
2022-08-24,"D","PN",511
2022-08-25,"D","PN",518
2022-08-26,"D","PN",522
2022-08-27,"D","PN",511
2022-08-28,"D","PN",523
2022-08-29,"D","PN",520
2022-08-30,"D","PN",524
2022-08-31,"D","PN",520
2022-09-01,"D","PN",525
2022-09-02,"D","PN",535
2022-09-03,"D","PN",533
2022-09-04,"D","PN",532
2022-09-05,"D","PN",517
2022-09-06,"D","PN",524
2022-09-07,"D","PN",537
2022-09-08,"D","PN",526
2022-09-09,"D","PN",522
2022-09-10,"D","PN",528
2022-09-11,"D","PN",532
2022-09-12,"D","PN",556
2022-09-13,"D","PN",556
2022-09-14,"D","PN",574
2022-09-15,"D","PN",550
2022-09-16,"D","PN",567
2022-09-17,"D","PN",550
2022-09-18,"D","PN",545
2022-09-19,"D","PN",547
2022-09-20,"D","PN",546
2022-09-21,"D","PN",548
2022-09-22,"D","PN",540
2022-09-23,"D","PN",540
2022-09-24,"D","PN",554
2022-09-25,"D","PN",535
2022-09-26,"D","PN",549
2022-09-27,"D","PN",565
2022-09-28,"D","PN",562
2022-09-29,"D","PN",559
2022-09-30,"D","PN",560
2022-10-01,"D","PN",555
2022-10-02,"D","PN",575
2022-10-03,"D","PN",564
2022-10-04,"D","PN",564
2022-10-05,"D","PN",570
2022-10-06,"D","PN",581
2022-10-07,"D","PN",581
2022-10-08,"D","PN",574
2022-10-09,"D","PN",563
2022-10-10,"D","PN",558
2022-10-11,"D","PN",570
2022-10-12,"D","PN",577
2022-10-13,"D","PN",562
2022-10-14,"D","PN",573
2022-10-15,"D","PN",568
2022-10-16,"D","PN",549
2022-10-17,"D","PN",560
2022-10-18,"D","PN",570
2022-10-19,"D","PN",562
2022-10-20,"D","PN",578
2022-10-21,"D","PN",558
2022-10-22,"D","PN",576
2022-10-23,"D","PN",574
2022-10-24,"D","PN",563
2022-10-25,"D","PN",557
2022-10-26,"D","PN",569
2022-10-27,"D","PN",588
2022-10-28,"D","PN",572
2022-10-29,"D","PN",547
2022-10-30,"D","PN",560
2022-10-31,"D","PN",568
2022-11-01,"D","PN",562
2022-11-02,"D","PN",569
2022-11-03,"D","PN",573
2022-11-04,"D","PN",580
2022-11-05,"D","PN",578
2022-11-06,"D","PN",575
2022-11-07,"D","PN",575
2022-11-08,"D","PN",568
2022-11-09,"D","PN",555
2022-11-10,"D","PN",558
2022-11-11,"D","PN",571
2022-11-12,"D","PN",572
2022-11-13,"D","PN",587
2022-11-14,"D","PN",565
2022-11-15,"D","PN",559
2022-11-16,"D","PN",569
2022-11-17,"D","PN",584
2022-11-18,"D","PN",569
2022-11-19,"D","PN",589
2022-11-20,"D","PN",586
2022-11-21,"D","PN",589
2022-11-22,"D","PN",586
2022-11-23,"D","PN",571
2022-11-24,"D","PN",585
2022-11-25,"D","PN",580
2022-11-26,"D","PN",575
2022-11-27,"D","PN",575
2022-11-28,"D","PN",583
2022-11-29,"D","PN",574
2022-11-30,"D","PN",572
2022-12-01,"D","PN",575
2022-12-02,"D","PN",572
2022-12-03,"D","PN",572
2022-12-04,"D","PN",579
2022-12-05,"D","PN",566
2022-12-06,"D","PN",583
2022-12-07,"D","PN",580
2022-12-08,"D","PN",563
2022-12-09,"D","PN",573
2022-12-10,"D","PN",581
2022-12-11,"D","PN",581
2022-12-12,"D","PN",572
2022-12-13,"D","PN",583
2022-12-14,"D","PN",578
2022-12-15,"D","PN",579
2022-12-16,"D","PN",584
2022-12-17,"D","PN",585
2022-12-18,"D","PN",570
2022-12-19,"D","PN",584
2022-12-20,"D","PN",584
2022-12-21,"D","PN",576
2022-12-22,"D","PN",586
2022-12-23,"D","PN",569
2022-12-24,"D","PN",577
2022-12-25,"D","PN",582
2022-12-26,"D","PN",585
2022-12-27,"D","PN",596
2022-12-28,"D","PN",579
2022-12-29,"D","PN",580
2022-12-30,"D","PN",571
2023-01-02,"D","PN",570
2023-01-03,"D","PN",590
2023-01-04,"D","PN",578
2023-01-05,"D","PN",588
2023-01-06,"D","PN",587
2023-01-07,"D","PN",590
2023-01-08,"D","PN",573
2023-01-09,"D","PN",589
2023-01-10,"D","PN",580
2023-01-11,"D","PN",593
2023-01-12,"D","PN",580
2023-01-13,"D","PN",585
2023-01-14,"D","PN",568
2023-01-15,"D","PN",571
2023-01-16,"D","PN",557
2023-01-17,"D","PN",581
2023-01-18,"D","PN",582
2023-01-19,"D","PN",581
2023-01-20,"D","PN",577
2023-01-21,"D","PN",576
2023-01-22,"D","PN",559
2023-01-23,"D","PN",568
2023-01-24,"D","PN",563
2023-01-25,"D","PN",559
2023-01-26,"D","PN",566
2023-01-27,"D","PN",569
2023-01-28,"D","PN",571
2023-01-29,"D","PN",563
2023-01-30,"D","PN",566
2023-01-31,"D","PN",551
2023-02-01,"D","PN",552
2023-02-02,"D","PN",560
2023-02-03,"D","PN",554
2023-02-04,"D","PN",550
2023-02-05,"D","PN",535
2023-02-06,"D","PN",544
2023-02-07,"D","PN",553
2023-02-08,"D","PN",554
2023-02-09,"D","PN",558
2023-02-10,"D","PN",541
2023-02-11,"D","PN",555
2023-02-12,"D","PN",546
2023-02-13,"D","PN",569
2023-02-14,"D","PN",562
2023-02-15,"D","PN",572
2023-02-16,"D","PN",563
2023-02-17,"D","PN",545
2023-02-18,"D","PN",554
2023-02-19,"D","PN",552
2023-02-20,"D","PN",547
2023-02-21,"D","PN",546
2023-02-22,"D","PN",560
2023-02-23,"D","PN",543
2023-02-24,"D","PN",546
2023-02-25,"D","PN",536
2023-02-26,"D","PN",548
2023-02-27,"D","PN",551
2023-02-28,"D","PN",551
2023-03-01,"D","PN",552
2023-03-02,"D","PN",538
2023-03-03,"D","PN",562
2023-03-04,"D","PN",547
2023-03-05,"D","PN",541
2023-03-06,"D","PN",550
2023-03-07,"D","PN",533
2023-03-08,"D","PN",530
2023-03-09,"D","PN",539
2023-03-10,"D","PN",514
2023-03-11,"D","PN",510
2023-03-12,"D","PN",512
2023-03-13,"D","PN",517
2023-03-14,"D","PN",516
2023-03-15,"D","PN",518
2023-03-16,"D","PN",506
2023-03-17,"D","PN",508
2023-03-18,"D","PN",504
2023-03-19,"D","PN",502
2023-03-20,"D","PN",503
2023-03-21,"D","PN",498
2023-03-22,"D","PN",501
2023-03-23,"D","PN",500
2023-03-24,"D","PN",503
2023-03-25,"D","PN",485
2023-03-26,"D","PN",486
2023-03-27,"D","PN",483
2023-03-28,"D","PN",496
2023-03-29,"D","PN",478
2023-03-30,"D","PN",488
2023-03-31,"D","PN",478
2023-04-01,"D","PN",499
2023-04-02,"D","PN",475
2023-04-03,"D","PN",481
2023-04-04,"D","PN",482
2023-04-05,"D","PN",479
2023-04-06,"D","PN",466
2023-04-07,"D","PN",453
2023-04-08,"D","PN",467
2023-04-09,"D","PN",451
2023-04-10,"D","PN",449
2023-04-11,"D","PN",449
2023-04-12,"D","PN",432
2023-04-13,"D","PN",438
2023-04-14,"D","PN",447
2023-04-15,"D","PN",428
2023-04-16,"D","PN",447
2023-04-17,"D","PN",440
2023-04-18,"D","PN",434
2023-04-19,"D","PN",434
2023-04-20,"D","PN",452
2023-04-21,"D","PN",454
2023-04-22,"D","PN",446
2023-04-23,"D","PN",447
2023-04-24,"D","PN",444
2023-04-25,"D","PN",446
2023-04-26,"D","PN",439
2023-04-27,"D","PN",449
2023-04-28,"D","PN",429
2023-04-29,"D","PN",444
2023-04-30,"D","PN",443
2023-05-01,"D","PN",439
2023-05-02,"D","PN",427
2023-05-03,"D","PN",436
2023-05-04,"D","PN",424
2023-05-05,"D","PN",449
2023-05-06,"D","PN",447
2023-05-07,"D","PN",447
2023-05-08,"D","PN",452
2023-05-09,"D","PN",436
2023-05-10,"D","PN",449
2023-05-11,"D","PN",452
2023-05-12,"D","PN",446
2023-05-13,"D","PN",445
2023-05-14,"D","PN",460
2023-05-15,"D","PN",453
2023-05-16,"D","PN",450
2023-05-17,"D","PN",449
2023-05-18,"D","PN",448
2023-05-19,"D","PN",470
2023-05-20,"D","PN",451
2023-05-21,"D","PN",463
2023-05-22,"D","PN",476
2023-05-23,"D","PN",461
2023-05-24,"D","PN",453
2023-05-25,"D","PN",467
2023-05-26,"D","PN",485
2023-05-27,"D","PN",466
2023-05-28,"D","PN",475
2023-05-29,"D","PN",474
2023-05-30,"D","PN",467
2023-05-31,"D","PN",449
2023-06-01,"D","PN",454
2023-06-02,"D","PN",453
2023-06-03,"D","PN",446
2023-06-04,"D","PN",458
2023-06-05,"D","PN",449
2023-06-06,"D","PN",454
2023-06-07,"D","PN",451
2023-06-08,"D","PN",458
2023-06-09,"D","PN",466
2023-06-10,"D","PN",448
2023-06-11,"D","PN",460
2023-06-12,"D","PN",452
2023-06-13,"D","PN",439
2023-06-14,"D","PN",444
2023-06-15,"D","PN",438
2023-06-16,"D","PN",434
2023-06-17,"D","PN",449
2023-06-18,"D","PN",448
2023-06-19,"D","PN",443
2023-06-20,"D","PN",441
2023-06-21,"D","PN",444
2023-06-22,"D","PN",446
2023-06-23,"D","PN",467
2023-06-24,"D","PN",463
2023-06-25,"D","PN",442
2023-06-26,"D","PN",462
2023-06-27,"D","PN",459
2023-06-28,"D","PN",460
2023-06-29,"D","PN",454
2023-06-30,"D","PN",466
2023-07-01,"D","PN",450
2023-07-02,"D","PN",450
2023-07-03,"D","PN",448
2023-07-04,"D","PN",444
2023-07-05,"D","PN",447
2023-07-06,"D","PN",457
2023-07-07,"D","PN",460
2023-07-08,"D","PN",439
2023-07-09,"D","PN",439
2023-07-10,"D","PN",437
2023-07-11,"D","PN",447
2023-07-12,"D","PN",446
2023-07-13,"D","PN",439
2023-07-14,"D","PN",456
2023-07-15,"D","PN",446
2023-07-16,"D","PN",451
2023-07-17,"D","PN",433
2023-07-18,"D","PN",428
2023-07-19,"D","PN",434
2023-07-20,"D","PN",424
2023-07-21,"D","PN",438
2023-07-22,"D","PN",432
2023-07-23,"D","PN",422
2023-07-24,"D","PN",434
2023-07-25,"D","PN",432
2023-07-26,"D","PN",447
2023-07-27,"D","PN",413
2023-07-28,"D","PN",421
2023-07-29,"D","PN",418
2023-07-30,"D","PN",404
2023-07-31,"D","PN",422
2023-08-01,"D","PN",420
2023-08-02,"D","PN",435
2023-08-03,"D","PN",440
2023-08-04,"D","PN",431
2023-08-05,"D","PN",435
2023-08-06,"D","PN",449
2023-08-07,"D","PN",423
2023-08-08,"D","PN",421
2023-08-09,"D","PN",421
2023-08-10,"D","PN",427
2023-08-11,"D","PN",413
2023-08-12,"D","PN",412
2023-08-13,"D","PN",399
2023-08-14,"D","PN",424
2023-08-15,"D","PN",402
2023-08-16,"D","PN",410
2023-08-17,"D","PN",403
2023-08-18,"D","PN",394
2023-08-19,"D","PN",397
2023-08-20,"D","PN",397
2023-08-21,"D","PN",406
2023-08-22,"D","PN",415
2023-08-23,"D","PN",435
2023-08-24,"D","PN",445
2023-08-25,"D","PN",449
2023-08-26,"D","PN",427
2023-08-27,"D","PN",437
2023-08-28,"D","PN",440
2023-08-29,"D","PN",445
2023-08-30,"D","PN",424
2023-08-31,"D","PN",434
2023-09-01,"D","PN",439
2023-09-02,"D","PN",442
2023-09-03,"D","PN",430
2023-09-04,"D","PN",444
2023-09-05,"D","PN",445
2023-09-06,"D","PN",433
2023-09-07,"D","PN",437
2023-09-08,"D","PN",449
2023-09-09,"D","PN",447
2023-09-10,"D","PN",447
2023-09-11,"D","PN",461
2023-09-12,"D","PN",463
2023-09-13,"D","PN",468
2023-09-14,"D","PN",483
2023-09-15,"D","PN",458
2023-09-16,"D","PN",477
2023-09-17,"D","PN",461
2023-09-18,"D","PN",469
2023-09-19,"D","PN",457
2023-09-20,"D","PN",460
2023-09-21,"D","PN",465
2023-09-22,"D","PN",454
2023-09-23,"D","PN",435
2023-09-24,"D","PN",460
2023-09-25,"D","PN",452
2023-09-26,"D","PN",446
2023-09-27,"D","PN",473
2023-09-28,"D","PN",492
2023-09-29,"D","PN",466
2023-09-30,"D","PN",469
2023-10-01,"D","PN",492
2023-10-02,"D","PN",496
2023-10-03,"D","PN",511
2023-10-04,"D","PN",487
2023-10-05,"D","PN",481
2023-10-06,"D","PN",489
2023-10-07,"D","PN",485
2023-10-08,"D","PN",494
2023-10-09,"D","PN",493
2023-10-10,"D","PN",488
2023-10-11,"D","PN",489
2023-10-12,"D","PN",477
2023-10-13,"D","PN",483
2023-10-14,"D","PN",483
2023-10-15,"D","PN",497
2023-10-16,"D","PN",481
2023-10-17,"D","PN",479
2023-10-18,"D","PN",478
2023-10-19,"D","PN",481
2023-10-20,"D","PN",500
2023-10-21,"D","PN",498
2023-10-22,"D","PN",501
2023-10-23,"D","PN",501
2023-10-24,"D","PN",490
2023-10-25,"D","PN",497
2023-10-26,"D","PN",483
2023-10-27,"D","PN",491
2023-10-28,"D","PN",482
2023-10-29,"D","PN",473
2023-10-30,"D","PN",486
2023-10-31,"D","PN",479
2023-11-01,"D","PN",487
2023-11-02,"D","PN",504
2023-11-03,"D","PN",485
2023-11-04,"D","PN",506
2023-11-05,"D","PN",489
2023-11-06,"D","PN",503
2023-11-07,"D","PN",495
2023-11-08,"D","PN",503
2023-11-09,"D","PN",494
2023-11-10,"D","PN",500
2023-11-11,"D","PN",493
2023-11-12,"D","PN",495
2023-11-13,"D","PN",517
2023-11-14,"D","PN",503
2023-11-15,"D","PN",496
2023-11-16,"D","PN",498
2023-11-17,"D","PN",510
2023-11-18,"D","PN",503
2023-11-19,"D","PN",499
2023-11-20,"D","PN",528
2023-11-21,"D","PN",514
2023-11-22,"D","PN",521
2023-11-23,"D","PN",501
2023-11-24,"D","PN",515
2023-11-25,"D","PN",513
2023-11-26,"D","PN",496
2023-11-27,"D","PN",515
2023-11-28,"D","PN",512
2023-11-29,"D","PN",516
2023-11-30,"D","PN",496
2023-12-01,"D","PN",507
2023-12-02,"D","PN",502
2023-12-03,"D","PN",499
2023-12-04,"D","PN",498
2023-12-05,"D","PN",514
2023-12-06,"D","PN",509
2023-12-07,"D","PN",514
2023-12-08,"D","PN",503
2023-12-09,"D","PN",501
2023-12-10,"D","PN",529
2023-12-11,"D","PN",505
2023-12-12,"D","PN",505
2023-12-13,"D","PN",506
2023-12-14,"D","PN",516
2023-12-15,"D","PN",523
2023-12-16,"D","PN",506
2023-12-17,"D","PN",501
2023-12-18,"D","PN",502
2023-12-19,"D","PN",520
2023-12-20,"D","PN",508
2023-12-21,"D","PN",506
2023-12-22,"D","PN",510
2023-12-23,"D","PN",508
2023-12-24,"D","PN",512
2023-12-25,"D","PN",516
2023-12-26,"D","PN",507
2023-12-27,"D","PN",506
2023-12-28,"D","PN",508
2023-12-29,"D","PN",509
2023-12-30,"D","PN",491
2021-01-02,"E","PN",621
2021-01-03,"E","PN",625
2021-01-04,"E","PN",630
2021-01-05,"E","PN",625
2021-01-06,"E","PN",634
2021-01-07,"E","PN",635
2021-01-08,"E","PN",609
2021-01-09,"E","PN",606
2021-01-10,"E","PN",628
2021-01-11,"E","PN",624
2021-01-12,"E","PN",624
2021-01-13,"E","PN",622
2021-01-14,"E","PN",599
2021-01-15,"E","PN",606
2021-01-16,"E","PN",621
2021-01-17,"E","PN",630
2021-01-18,"E","PN",619
2021-01-19,"E","PN",633
2021-01-20,"E","PN",627
2021-01-21,"E","PN",618
2021-01-22,"E","PN",616
2021-01-23,"E","PN",621
2021-01-24,"E","PN",613
2021-01-25,"E","PN",609
2021-01-26,"E","PN",618
2021-01-27,"E","PN",611
2021-01-28,"E","PN",613
2021-01-29,"E","PN",624
2021-01-30,"E","PN",611
2021-01-31,"E","PN",603
2021-02-01,"E","PN",622
2021-02-02,"E","PN",607
2021-02-03,"E","PN",608
2021-02-04,"E","PN",600
2021-02-05,"E","PN",593
2021-02-06,"E","PN",610
2021-02-07,"E","PN",600
2021-02-08,"E","PN",604
2021-02-09,"E","PN",601
2021-02-10,"E","PN",603
2021-02-11,"E","PN",607
2021-02-12,"E","PN",605
2021-02-13,"E","PN",609
2021-02-14,"E","PN",612
2021-02-15,"E","PN",615
2021-02-16,"E","PN",613
2021-02-17,"E","PN",615
2021-02-18,"E","PN",607
2021-02-19,"E","PN",604
2021-02-20,"E","PN",598
2021-02-21,"E","PN",609
2021-02-22,"E","PN",600
2021-02-23,"E","PN",605
2021-02-24,"E","PN",605
2021-02-25,"E","PN",618
2021-02-26,"E","PN",608
2021-02-27,"E","PN",606
2021-02-28,"E","PN",609
2021-03-01,"E","PN",610
2021-03-02,"E","PN",594
2021-03-03,"E","PN",604
2021-03-04,"E","PN",594
2021-03-05,"E","PN",608
2021-03-06,"E","PN",593
2021-03-07,"E","PN",606
2021-03-08,"E","PN",594
2021-03-09,"E","PN",578
2021-03-10,"E","PN",603
2021-03-11,"E","PN",576
2021-03-12,"E","PN",599
2021-03-13,"E","PN",585
2021-03-14,"E","PN",584
2021-03-15,"E","PN",583
2021-03-16,"E","PN",581
2021-03-17,"E","PN",589
2021-03-18,"E","PN",578
2021-03-19,"E","PN",576
2021-03-20,"E","PN",564
2021-03-21,"E","PN",580
2021-03-22,"E","PN",571
2021-03-23,"E","PN",589
2021-03-24,"E","PN",582
2021-03-25,"E","PN",567
2021-03-26,"E","PN",558
2021-03-27,"E","PN",556
2021-03-28,"E","PN",569
2021-03-29,"E","PN",575
2021-03-30,"E","PN",568
2021-03-31,"E","PN",574
2021-04-01,"E","PN",561
2021-04-02,"E","PN",564
2021-04-03,"E","PN",565
2021-04-04,"E","PN",569
2021-04-05,"E","PN",564
2021-04-06,"E","PN",555
2021-04-07,"E","PN",556
2021-04-08,"E","PN",549
2021-04-09,"E","PN",551
2021-04-10,"E","PN",536
2021-04-11,"E","PN",527
2021-04-12,"E","PN",542
2021-04-13,"E","PN",526
2021-04-14,"E","PN",523
2021-04-15,"E","PN",535
2021-04-16,"E","PN",529
2021-04-17,"E","PN",533
2021-04-18,"E","PN",529
2021-04-19,"E","PN",537
2021-04-20,"E","PN",543
2021-04-21,"E","PN",537
2021-04-22,"E","PN",543
2021-04-23,"E","PN",549
2021-04-24,"E","PN",539
2021-04-25,"E","PN",538
2021-04-26,"E","PN",536
2021-04-27,"E","PN",544
2021-04-28,"E","PN",540
2021-04-29,"E","PN",532
2021-04-30,"E","PN",549
2021-05-01,"E","PN",526
2021-05-02,"E","PN",537
2021-05-03,"E","PN",532
2021-05-04,"E","PN",532
2021-05-05,"E","PN",542
2021-05-06,"E","PN",537
2021-05-07,"E","PN",537
2021-05-08,"E","PN",540
2021-05-09,"E","PN",542
2021-05-10,"E","PN",539
2021-05-11,"E","PN",545
2021-05-12,"E","PN",551
2021-05-13,"E","PN",546
2021-05-14,"E","PN",558
2021-05-15,"E","PN",567
2021-05-16,"E","PN",561
2021-05-17,"E","PN",559
2021-05-18,"E","PN",554
2021-05-19,"E","PN",556
2021-05-20,"E","PN",553
2021-05-21,"E","PN",567
2021-05-22,"E","PN",569
2021-05-23,"E","PN",560
2021-05-24,"E","PN",571
2021-05-25,"E","PN",565
2021-05-26,"E","PN",577
2021-05-27,"E","PN",578
2021-05-28,"E","PN",566
2021-05-29,"E","PN",558
2021-05-30,"E","PN",567
2021-05-31,"E","PN",564
2021-06-01,"E","PN",555
2021-06-02,"E","PN",562
2021-06-03,"E","PN",561
2021-06-04,"E","PN",580
2021-06-05,"E","PN",562
2021-06-06,"E","PN",555
2021-06-07,"E","PN",567
2021-06-08,"E","PN",555
2021-06-09,"E","PN",563
2021-06-10,"E","PN",559
2021-06-11,"E","PN",567
2021-06-12,"E","PN",540
2021-06-13,"E","PN",546
2021-06-14,"E","PN",559
2021-06-15,"E","PN",542
2021-06-16,"E","PN",538
2021-06-17,"E","PN",548
2021-06-18,"E","PN",562
2021-06-19,"E","PN",567
2021-06-20,"E","PN",560
2021-06-21,"E","PN",559
2021-06-22,"E","PN",559
2021-06-23,"E","PN",568
2021-06-24,"E","PN",568
2021-06-25,"E","PN",567
2021-06-26,"E","PN",563
2021-06-27,"E","PN",564
2021-06-28,"E","PN",572
2021-06-29,"E","PN",568
2021-06-30,"E","PN",565
2021-07-01,"E","PN",568
2021-07-02,"E","PN",560
2021-07-03,"E","PN",554
2021-07-04,"E","PN",560
2021-07-05,"E","PN",567
2021-07-06,"E","PN",571
2021-07-07,"E","PN",558
2021-07-08,"E","PN",555
2021-07-09,"E","PN",551
2021-07-10,"E","PN",556
2021-07-11,"E","PN",550
2021-07-12,"E","PN",563
2021-07-13,"E","PN",562
2021-07-14,"E","PN",572
2021-07-15,"E","PN",576
2021-07-16,"E","PN",559
2021-07-17,"E","PN",551
2021-07-18,"E","PN",554
2021-07-19,"E","PN",555
2021-07-20,"E","PN",561
2021-07-21,"E","PN",562
2021-07-22,"E","PN",544
2021-07-23,"E","PN",543
2021-07-24,"E","PN",543
2021-07-25,"E","PN",543
2021-07-26,"E","PN",552
2021-07-27,"E","PN",542
2021-07-28,"E","PN",538
2021-07-29,"E","PN",552
2021-07-30,"E","PN",542
2021-07-31,"E","PN",561
2021-08-01,"E","PN",548
2021-08-02,"E","PN",545
2021-08-03,"E","PN",558
2021-08-04,"E","PN",547
2021-08-05,"E","PN",557
2021-08-06,"E","PN",557
2021-08-07,"E","PN",555
2021-08-08,"E","PN",546
2021-08-09,"E","PN",547
2021-08-10,"E","PN",533
2021-08-11,"E","PN",525
2021-08-12,"E","PN",520
2021-08-13,"E","PN",531
2021-08-14,"E","PN",536
2021-08-15,"E","PN",526
2021-08-16,"E","PN",536
2021-08-17,"E","PN",524
2021-08-18,"E","PN",510
2021-08-19,"E","PN",522
2021-08-20,"E","PN",528
2021-08-21,"E","PN",520
2021-08-22,"E","PN",523
2021-08-23,"E","PN",552
2021-08-24,"E","PN",554
2021-08-25,"E","PN",540
2021-08-26,"E","PN",538
2021-08-27,"E","PN",553
2021-08-28,"E","PN",554
2021-08-29,"E","PN",563
2021-08-30,"E","PN",558
2021-08-31,"E","PN",559
2021-09-01,"E","PN",566
2021-09-02,"E","PN",557
2021-09-03,"E","PN",557
2021-09-04,"E","PN",560
2021-09-05,"E","PN",547
2021-09-06,"E","PN",562
2021-09-07,"E","PN",579
2021-09-08,"E","PN",560
2021-09-09,"E","PN",562
2021-09-10,"E","PN",583
2021-09-11,"E","PN",581
2021-09-12,"E","PN",570
2021-09-13,"E","PN",584
2021-09-14,"E","PN",584
2021-09-15,"E","PN",589
2021-09-16,"E","PN",586
2021-09-17,"E","PN",579
2021-09-18,"E","PN",571
2021-09-19,"E","PN",576
2021-09-20,"E","PN",584
2021-09-21,"E","PN",575
2021-09-22,"E","PN",576
2021-09-23,"E","PN",565
2021-09-24,"E","PN",576
2021-09-25,"E","PN",579
2021-09-26,"E","PN",569
2021-09-27,"E","PN",596
2021-09-28,"E","PN",607
2021-09-29,"E","PN",597
2021-09-30,"E","PN",593
2021-10-01,"E","PN",607
2021-10-02,"E","PN",610
2021-10-03,"E","PN",616
2021-10-04,"E","PN",617
2021-10-05,"E","PN",615
2021-10-06,"E","PN",598
2021-10-07,"E","PN",626
2021-10-08,"E","PN",612
2021-10-09,"E","PN",616
2021-10-10,"E","PN",606
2021-10-11,"E","PN",616
2021-10-12,"E","PN",612
2021-10-13,"E","PN",614
2021-10-14,"E","PN",626
2021-10-15,"E","PN",618
2021-10-16,"E","PN",615
2021-10-17,"E","PN",625
2021-10-18,"E","PN",609
2021-10-19,"E","PN",613
2021-10-20,"E","PN",613
2021-10-21,"E","PN",622
2021-10-22,"E","PN",635
2021-10-23,"E","PN",627
2021-10-24,"E","PN",623
2021-10-25,"E","PN",626
2021-10-26,"E","PN",628
2021-10-27,"E","PN",629
2021-10-28,"E","PN",607
2021-10-29,"E","PN",607
2021-10-30,"E","PN",601
2021-10-31,"E","PN",620
2021-11-01,"E","PN",614
2021-11-02,"E","PN",621
2021-11-03,"E","PN",623
2021-11-04,"E","PN",631
2021-11-05,"E","PN",645
2021-11-06,"E","PN",618
2021-11-07,"E","PN",616
2021-11-08,"E","PN",627
2021-11-09,"E","PN",629
2021-11-10,"E","PN",613
2021-11-11,"E","PN",616
2021-11-12,"E","PN",636
2021-11-13,"E","PN",634
2021-11-14,"E","PN",631
2021-11-15,"E","PN",638
2021-11-16,"E","PN",629
2021-11-17,"E","PN",653
2021-11-18,"E","PN",639
2021-11-19,"E","PN",613
2021-11-20,"E","PN",650
2021-11-21,"E","PN",667
2021-11-22,"E","PN",660
2021-11-23,"E","PN",638
2021-11-24,"E","PN",649
2021-11-25,"E","PN",653
2021-11-26,"E","PN",635
2021-11-27,"E","PN",646
2021-11-28,"E","PN",644
2021-11-29,"E","PN",645
2021-11-30,"E","PN",637
2021-12-01,"E","PN",642
2021-12-02,"E","PN",655
2021-12-03,"E","PN",639
2021-12-04,"E","PN",631
2021-12-05,"E","PN",639
2021-12-06,"E","PN",636
2021-12-07,"E","PN",665
2021-12-08,"E","PN",646
2021-12-09,"E","PN",642
2021-12-10,"E","PN",663
2021-12-11,"E","PN",649
2021-12-12,"E","PN",647
2021-12-13,"E","PN",650
2021-12-14,"E","PN",660
2021-12-15,"E","PN",644
2021-12-16,"E","PN",653
2021-12-17,"E","PN",650
2021-12-18,"E","PN",641
2021-12-19,"E","PN",660
2021-12-20,"E","PN",667
2021-12-21,"E","PN",647
2021-12-22,"E","PN",657
2021-12-23,"E","PN",643
2021-12-24,"E","PN",669
2021-12-25,"E","PN",658
2021-12-26,"E","PN",663
2021-12-27,"E","PN",665
2021-12-28,"E","PN",654
2021-12-29,"E","PN",658
2021-12-30,"E","PN",658
2022-01-02,"E","PN",664
2022-01-03,"E","PN",654
2022-01-04,"E","PN",663
2022-01-05,"E","PN",663
2022-01-06,"E","PN",663
2022-01-07,"E","PN",678
2022-01-08,"E","PN",659
2022-01-09,"E","PN",669
2022-01-10,"E","PN",654
2022-01-11,"E","PN",665
2022-01-12,"E","PN",668
2022-01-13,"E","PN",639
2022-01-14,"E","PN",666
2022-01-15,"E","PN",644
2022-01-16,"E","PN",648
2022-01-17,"E","PN",662
2022-01-18,"E","PN",657
2022-01-19,"E","PN",660
2022-01-20,"E","PN",653
2022-01-21,"E","PN",660
2022-01-22,"E","PN",665
2022-01-23,"E","PN",652
2022-01-24,"E","PN",648
2022-01-25,"E","PN",648
2022-01-26,"E","PN",656
2022-01-27,"E","PN",638
2022-01-28,"E","PN",661
2022-01-29,"E","PN",664
2022-01-30,"E","PN",652
2022-01-31,"E","PN",653
2022-02-01,"E","PN",644
2022-02-02,"E","PN",654
2022-02-03,"E","PN",650
2022-02-04,"E","PN",649
2022-02-05,"E","PN",631
2022-02-06,"E","PN",643
2022-02-07,"E","PN",632
2022-02-08,"E","PN",649
2022-02-09,"E","PN",640
2022-02-10,"E","PN",637
2022-02-11,"E","PN",654
2022-02-12,"E","PN",633
2022-02-13,"E","PN",656
2022-02-14,"E","PN",654
2022-02-15,"E","PN",662
2022-02-16,"E","PN",645
2022-02-17,"E","PN",663
2022-02-18,"E","PN",659
2022-02-19,"E","PN",655
2022-02-20,"E","PN",636
2022-02-21,"E","PN",652
2022-02-22,"E","PN",629
2022-02-23,"E","PN",645
2022-02-24,"E","PN",653
2022-02-25,"E","PN",650
2022-02-26,"E","PN",650
2022-02-27,"E","PN",640
2022-02-28,"E","PN",638
2022-03-01,"E","PN",658
2022-03-02,"E","PN",649
2022-03-03,"E","PN",649
2022-03-04,"E","PN",652
2022-03-05,"E","PN",647
2022-03-06,"E","PN",657
2022-03-07,"E","PN",637
2022-03-08,"E","PN",630
2022-03-09,"E","PN",636
2022-03-10,"E","PN",614
2022-03-11,"E","PN",622
2022-03-12,"E","PN",618
2022-03-13,"E","PN",604
2022-03-14,"E","PN",629
2022-03-15,"E","PN",620
2022-03-16,"E","PN",640
2022-03-17,"E","PN",631
2022-03-18,"E","PN",625
2022-03-19,"E","PN",611
2022-03-20,"E","PN",613
2022-03-21,"E","PN",628
2022-03-22,"E","PN",617
2022-03-23,"E","PN",614
2022-03-24,"E","PN",615
2022-03-25,"E","PN",601
2022-03-26,"E","PN",603
2022-03-27,"E","PN",616
2022-03-28,"E","PN",620
2022-03-29,"E","PN",609
2022-03-30,"E","PN",616
2022-03-31,"E","PN",606
2022-04-01,"E","PN",617
2022-04-02,"E","PN",603
2022-04-03,"E","PN",602
2022-04-04,"E","PN",615
2022-04-05,"E","PN",603
2022-04-06,"E","PN",599
2022-04-07,"E","PN",591
2022-04-08,"E","PN",586
2022-04-09,"E","PN",576
2022-04-10,"E","PN",582
2022-04-11,"E","PN",572
2022-04-12,"E","PN",581
2022-04-13,"E","PN",579
2022-04-14,"E","PN",565
2022-04-15,"E","PN",576
2022-04-16,"E","PN",574
2022-04-17,"E","PN",587
2022-04-18,"E","PN",571
2022-04-19,"E","PN",575
2022-04-20,"E","PN",594
2022-04-21,"E","PN",584
2022-04-22,"E","PN",592
2022-04-23,"E","PN",581
2022-04-24,"E","PN",585
2022-04-25,"E","PN",590
2022-04-26,"E","PN",595
2022-04-27,"E","PN",579
2022-04-28,"E","PN",580
2022-04-29,"E","PN",585
2022-04-30,"E","PN",587
2022-05-01,"E","PN",579
2022-05-02,"E","PN",584
2022-05-03,"E","PN",577
2022-05-04,"E","PN",589
2022-05-05,"E","PN",596
2022-05-06,"E","PN",597
2022-05-07,"E","PN",594
2022-05-08,"E","PN",571
2022-05-09,"E","PN",595
2022-05-10,"E","PN",582
2022-05-11,"E","PN",603
2022-05-12,"E","PN",597
2022-05-13,"E","PN",603
2022-05-14,"E","PN",591
2022-05-15,"E","PN",601
2022-05-16,"E","PN",606
2022-05-17,"E","PN",588
2022-05-18,"E","PN",610
2022-05-19,"E","PN",610
2022-05-20,"E","PN",618
2022-05-21,"E","PN",615
2022-05-22,"E","PN",621
2022-05-23,"E","PN",611
2022-05-24,"E","PN",611
2022-05-25,"E","PN",621
2022-05-26,"E","PN",630
2022-05-27,"E","PN",613
2022-05-28,"E","PN",596
2022-05-29,"E","PN",590
2022-05-30,"E","PN",606
2022-05-31,"E","PN",616
2022-06-01,"E","PN",617
2022-06-02,"E","PN",601
2022-06-03,"E","PN",607
2022-06-04,"E","PN",604
2022-06-05,"E","PN",590
2022-06-06,"E","PN",595
2022-06-07,"E","PN",594
2022-06-08,"E","PN",603
2022-06-09,"E","PN",612
2022-06-10,"E","PN",616
2022-06-11,"E","PN",602
2022-06-12,"E","PN",598
2022-06-13,"E","PN",601
2022-06-14,"E","PN",594
2022-06-15,"E","PN",601
2022-06-16,"E","PN",594
2022-06-17,"E","PN",620
2022-06-18,"E","PN",615
2022-06-19,"E","PN",611
2022-06-20,"E","PN",615
2022-06-21,"E","PN",599
2022-06-22,"E","PN",611
2022-06-23,"E","PN",621
2022-06-24,"E","PN",621
2022-06-25,"E","PN",616
2022-06-26,"E","PN",609
2022-06-27,"E","PN",609
2022-06-28,"E","PN",615
2022-06-29,"E","PN",625
2022-06-30,"E","PN",620
2022-07-01,"E","PN",631
2022-07-02,"E","PN",621
2022-07-03,"E","PN",627
2022-07-04,"E","PN",608
2022-07-05,"E","PN",621
2022-07-06,"E","PN",627
2022-07-07,"E","PN",603
2022-07-08,"E","PN",598
2022-07-09,"E","PN",602
2022-07-10,"E","PN",599
2022-07-11,"E","PN",611
2022-07-12,"E","PN",610
2022-07-13,"E","PN",602
2022-07-14,"E","PN",624
2022-07-15,"E","PN",606
2022-07-16,"E","PN",632
2022-07-17,"E","PN",601
2022-07-18,"E","PN",607
2022-07-19,"E","PN",608
2022-07-20,"E","PN",598
2022-07-21,"E","PN",606
2022-07-22,"E","PN",597
2022-07-23,"E","PN",588
2022-07-24,"E","PN",605
2022-07-25,"E","PN",600
2022-07-26,"E","PN",602
2022-07-27,"E","PN",600
2022-07-28,"E","PN",606
2022-07-29,"E","PN",609
2022-07-30,"E","PN",606
2022-07-31,"E","PN",611
2022-08-01,"E","PN",594
2022-08-02,"E","PN",612
2022-08-03,"E","PN",611
2022-08-04,"E","PN",615
2022-08-05,"E","PN",609
2022-08-06,"E","PN",611
2022-08-07,"E","PN",614
2022-08-08,"E","PN",602
2022-08-09,"E","PN",604
2022-08-10,"E","PN",599
2022-08-11,"E","PN",598
2022-08-12,"E","PN",582
2022-08-13,"E","PN",596
2022-08-14,"E","PN",589
2022-08-15,"E","PN",559
2022-08-16,"E","PN",586
2022-08-17,"E","PN",577
2022-08-18,"E","PN",590
2022-08-19,"E","PN",593
2022-08-20,"E","PN",585
2022-08-21,"E","PN",592
2022-08-22,"E","PN",595
2022-08-23,"E","PN",611
2022-08-24,"E","PN",614
2022-08-25,"E","PN",606
2022-08-26,"E","PN",611
2022-08-27,"E","PN",615
2022-08-28,"E","PN",614
2022-08-29,"E","PN",614
2022-08-30,"E","PN",605
2022-08-31,"E","PN",629
2022-09-01,"E","PN",609
2022-09-02,"E","PN",614
2022-09-03,"E","PN",625
2022-09-04,"E","PN",621
2022-09-05,"E","PN",615
2022-09-06,"E","PN",633
2022-09-07,"E","PN",622
2022-09-08,"E","PN",621
2022-09-09,"E","PN",635
2022-09-10,"E","PN",625
2022-09-11,"E","PN",629
2022-09-12,"E","PN",643
2022-09-13,"E","PN",645
2022-09-14,"E","PN",663
2022-09-15,"E","PN",644
2022-09-16,"E","PN",638
2022-09-17,"E","PN",646
2022-09-18,"E","PN",635
2022-09-19,"E","PN",642
2022-09-20,"E","PN",637
2022-09-21,"E","PN",644
2022-09-22,"E","PN",641
2022-09-23,"E","PN",626
2022-09-24,"E","PN",635
2022-09-25,"E","PN",639
2022-09-26,"E","PN",638
2022-09-27,"E","PN",665
2022-09-28,"E","PN",662
2022-09-29,"E","PN",639
2022-09-30,"E","PN",648
2022-10-01,"E","PN",665
2022-10-02,"E","PN",688
2022-10-03,"E","PN",674
2022-10-04,"E","PN",682
2022-10-05,"E","PN",662
2022-10-06,"E","PN",654
2022-10-07,"E","PN",674
2022-10-08,"E","PN",668
2022-10-09,"E","PN",672
2022-10-10,"E","PN",685
2022-10-11,"E","PN",667
2022-10-12,"E","PN",667
2022-10-13,"E","PN",668
2022-10-14,"E","PN",662
2022-10-15,"E","PN",676
2022-10-16,"E","PN",672
2022-10-17,"E","PN",671
2022-10-18,"E","PN",663
2022-10-19,"E","PN",674
2022-10-20,"E","PN",695
2022-10-21,"E","PN",667
2022-10-22,"E","PN",687
2022-10-23,"E","PN",681
2022-10-24,"E","PN",671
2022-10-25,"E","PN",682
2022-10-26,"E","PN",674
2022-10-27,"E","PN",675
2022-10-28,"E","PN",664
2022-10-29,"E","PN",660
2022-10-30,"E","PN",673
2022-10-31,"E","PN",667
2022-11-01,"E","PN",662
2022-11-02,"E","PN",662
2022-11-03,"E","PN",676
2022-11-04,"E","PN",681
2022-11-05,"E","PN",685
2022-11-06,"E","PN",682
2022-11-07,"E","PN",694
2022-11-08,"E","PN",686
2022-11-09,"E","PN",672
2022-11-10,"E","PN",679
2022-11-11,"E","PN",667
2022-11-12,"E","PN",671
2022-11-13,"E","PN",676
2022-11-14,"E","PN",693
2022-11-15,"E","PN",690
2022-11-16,"E","PN",675
2022-11-17,"E","PN",697
2022-11-18,"E","PN",687
2022-11-19,"E","PN",697
2022-11-20,"E","PN",695
2022-11-21,"E","PN",691
2022-11-22,"E","PN",710
2022-11-23,"E","PN",697
2022-11-24,"E","PN",706
2022-11-25,"E","PN",697
2022-11-26,"E","PN",691
2022-11-27,"E","PN",695
2022-11-28,"E","PN",701
2022-11-29,"E","PN",694
2022-11-30,"E","PN",685
2022-12-01,"E","PN",693
2022-12-02,"E","PN",689
2022-12-03,"E","PN",689
2022-12-04,"E","PN",687
2022-12-05,"E","PN",685
2022-12-06,"E","PN",684
2022-12-07,"E","PN",712
2022-12-08,"E","PN",694
2022-12-09,"E","PN",690
2022-12-10,"E","PN",691
2022-12-11,"E","PN",702
2022-12-12,"E","PN",692
2022-12-13,"E","PN",694
2022-12-14,"E","PN",702
2022-12-15,"E","PN",709
2022-12-16,"E","PN",705
2022-12-17,"E","PN",669
2022-12-18,"E","PN",689
2022-12-19,"E","PN",700
2022-12-20,"E","PN",701
2022-12-21,"E","PN",714
2022-12-22,"E","PN",713
2022-12-23,"E","PN",690
2022-12-24,"E","PN",724
2022-12-25,"E","PN",711
2022-12-26,"E","PN",703
2022-12-27,"E","PN",715
2022-12-28,"E","PN",702
2022-12-29,"E","PN",699
2022-12-30,"E","PN",702
2023-01-02,"E","PN",698
2023-01-03,"E","PN",700
2023-01-04,"E","PN",705
2023-01-05,"E","PN",721
2023-01-06,"E","PN",718
2023-01-07,"E","PN",725
2023-01-08,"E","PN",704
2023-01-09,"E","PN",708
2023-01-10,"E","PN",701
2023-01-11,"E","PN",724
2023-01-12,"E","PN",698
2023-01-13,"E","PN",699
2023-01-14,"E","PN",707
2023-01-15,"E","PN",698
2023-01-16,"E","PN",714
2023-01-17,"E","PN",714
2023-01-18,"E","PN",709
2023-01-19,"E","PN",710
2023-01-20,"E","PN",704
2023-01-21,"E","PN",698
2023-01-22,"E","PN",716
2023-01-23,"E","PN",703
2023-01-24,"E","PN",702
2023-01-25,"E","PN",695
2023-01-26,"E","PN",700
2023-01-27,"E","PN",696
2023-01-28,"E","PN",706
2023-01-29,"E","PN",698
2023-01-30,"E","PN",689
2023-01-31,"E","PN",688
2023-02-01,"E","PN",692
2023-02-02,"E","PN",700
2023-02-03,"E","PN",696
2023-02-04,"E","PN",683
2023-02-05,"E","PN",685
2023-02-06,"E","PN",684
2023-02-07,"E","PN",675
2023-02-08,"E","PN",697
2023-02-09,"E","PN",670
2023-02-10,"E","PN",670
2023-02-11,"E","PN",701
2023-02-12,"E","PN",684
2023-02-13,"E","PN",699
2023-02-14,"E","PN",694
2023-02-15,"E","PN",694
2023-02-16,"E","PN",705
2023-02-17,"E","PN",695
2023-02-18,"E","PN",703
2023-02-19,"E","PN",694
2023-02-20,"E","PN",678
2023-02-21,"E","PN",705
2023-02-22,"E","PN",692
2023-02-23,"E","PN",675
2023-02-24,"E","PN",694
2023-02-25,"E","PN",698
2023-02-26,"E","PN",691
2023-02-27,"E","PN",676
2023-02-28,"E","PN",686
2023-03-01,"E","PN",693
2023-03-02,"E","PN",682
2023-03-03,"E","PN",705
2023-03-04,"E","PN",700
2023-03-05,"E","PN",696
2023-03-06,"E","PN",689
2023-03-07,"E","PN",679
2023-03-08,"E","PN",666
2023-03-09,"E","PN",683
2023-03-10,"E","PN",675
2023-03-11,"E","PN",663
2023-03-12,"E","PN",653
2023-03-13,"E","PN",666
2023-03-14,"E","PN",664
2023-03-15,"E","PN",663
2023-03-16,"E","PN",661
2023-03-17,"E","PN",660
2023-03-18,"E","PN",653
2023-03-19,"E","PN",654
2023-03-20,"E","PN",644
2023-03-21,"E","PN",650
2023-03-22,"E","PN",654
2023-03-23,"E","PN",661
2023-03-24,"E","PN",654
2023-03-25,"E","PN",639
2023-03-26,"E","PN",637
2023-03-27,"E","PN",659
2023-03-28,"E","PN",658
2023-03-29,"E","PN",643
2023-03-30,"E","PN",643
2023-03-31,"E","PN",641
2023-04-01,"E","PN",644
2023-04-02,"E","PN",629
2023-04-03,"E","PN",625
2023-04-04,"E","PN",650
2023-04-05,"E","PN",633
2023-04-06,"E","PN",627
2023-04-07,"E","PN",638
2023-04-08,"E","PN",615
2023-04-09,"E","PN",611
2023-04-10,"E","PN",614
2023-04-11,"E","PN",596
2023-04-12,"E","PN",599
2023-04-13,"E","PN",623
2023-04-14,"E","PN",594
2023-04-15,"E","PN",605
2023-04-16,"E","PN",607
2023-04-17,"E","PN",597
2023-04-18,"E","PN",605
2023-04-19,"E","PN",606
2023-04-20,"E","PN",617
2023-04-21,"E","PN",624
2023-04-22,"E","PN",620
2023-04-23,"E","PN",606
2023-04-24,"E","PN",617
2023-04-25,"E","PN",609
2023-04-26,"E","PN",625
2023-04-27,"E","PN",626
2023-04-28,"E","PN",629
2023-04-29,"E","PN",607
2023-04-30,"E","PN",615
2023-05-01,"E","PN",609
2023-05-02,"E","PN",616
2023-05-03,"E","PN",604
2023-05-04,"E","PN",621
2023-05-05,"E","PN",622
2023-05-06,"E","PN",615
2023-05-07,"E","PN",626
2023-05-08,"E","PN",620
2023-05-09,"E","PN",625
2023-05-10,"E","PN",606
2023-05-11,"E","PN",619
2023-05-12,"E","PN",638
2023-05-13,"E","PN",620
2023-05-14,"E","PN",621
2023-05-15,"E","PN",640
2023-05-16,"E","PN",626
2023-05-17,"E","PN",622
2023-05-18,"E","PN",646
2023-05-19,"E","PN",638
2023-05-20,"E","PN",628
2023-05-21,"E","PN",650
2023-05-22,"E","PN",644
2023-05-23,"E","PN",655
2023-05-24,"E","PN",650
2023-05-25,"E","PN",645
2023-05-26,"E","PN",673
2023-05-27,"E","PN",654
2023-05-28,"E","PN",621
2023-05-29,"E","PN",636
2023-05-30,"E","PN",651
2023-05-31,"E","PN",649
2023-06-01,"E","PN",652
2023-06-02,"E","PN",646
2023-06-03,"E","PN",625
2023-06-04,"E","PN",643
2023-06-05,"E","PN",622
2023-06-06,"E","PN",639
2023-06-07,"E","PN",635
2023-06-08,"E","PN",623
2023-06-09,"E","PN",648
2023-06-10,"E","PN",654
2023-06-11,"E","PN",617
2023-06-12,"E","PN",627
2023-06-13,"E","PN",619
2023-06-14,"E","PN",626
2023-06-15,"E","PN",636
2023-06-16,"E","PN",614
2023-06-17,"E","PN",640
2023-06-18,"E","PN",639
2023-06-19,"E","PN",634
2023-06-20,"E","PN",657
2023-06-21,"E","PN",635
2023-06-22,"E","PN",654
2023-06-23,"E","PN",645
2023-06-24,"E","PN",646
2023-06-25,"E","PN",649
2023-06-26,"E","PN",641
2023-06-27,"E","PN",642
2023-06-28,"E","PN",644
2023-06-29,"E","PN",646
2023-06-30,"E","PN",645
2023-07-01,"E","PN",641
2023-07-02,"E","PN",637
2023-07-03,"E","PN",654
2023-07-04,"E","PN",632
2023-07-05,"E","PN",657
2023-07-06,"E","PN",653
2023-07-07,"E","PN",637
2023-07-08,"E","PN",647
2023-07-09,"E","PN",635
2023-07-10,"E","PN",644
2023-07-11,"E","PN",649
2023-07-12,"E","PN",649
2023-07-13,"E","PN",638
2023-07-14,"E","PN",658
2023-07-15,"E","PN",629
2023-07-16,"E","PN",659
2023-07-17,"E","PN",646
2023-07-18,"E","PN",631
2023-07-19,"E","PN",647
2023-07-20,"E","PN",633
2023-07-21,"E","PN",651
2023-07-22,"E","PN",641
2023-07-23,"E","PN",619
2023-07-24,"E","PN",645
2023-07-25,"E","PN",643
2023-07-26,"E","PN",647
2023-07-27,"E","PN",634
2023-07-28,"E","PN",625
2023-07-29,"E","PN",637
2023-07-30,"E","PN",653
2023-07-31,"E","PN",625
2023-08-01,"E","PN",621
2023-08-02,"E","PN",647
2023-08-03,"E","PN",653
2023-08-04,"E","PN",651
2023-08-05,"E","PN",644
2023-08-06,"E","PN",651
2023-08-07,"E","PN",648
2023-08-08,"E","PN",629
2023-08-09,"E","PN",623
2023-08-10,"E","PN",631
2023-08-11,"E","PN",649
2023-08-12,"E","PN",615
2023-08-13,"E","PN",626
2023-08-14,"E","PN",615
2023-08-15,"E","PN",606
2023-08-16,"E","PN",625
2023-08-17,"E","PN",615
2023-08-18,"E","PN",624
2023-08-19,"E","PN",619
2023-08-20,"E","PN",632
2023-08-21,"E","PN",637
2023-08-22,"E","PN",628
2023-08-23,"E","PN",639
2023-08-24,"E","PN",645
2023-08-25,"E","PN",631
2023-08-26,"E","PN",643
2023-08-27,"E","PN",649
2023-08-28,"E","PN",662
2023-08-29,"E","PN",633
2023-08-30,"E","PN",638
2023-08-31,"E","PN",661
2023-09-01,"E","PN",639
2023-09-02,"E","PN",651
2023-09-03,"E","PN",650
2023-09-04,"E","PN",666
2023-09-05,"E","PN",654
2023-09-06,"E","PN",670
2023-09-07,"E","PN",661
2023-09-08,"E","PN",660
2023-09-09,"E","PN",679
2023-09-10,"E","PN",692
2023-09-11,"E","PN",668
2023-09-12,"E","PN",667
2023-09-13,"E","PN",689
2023-09-14,"E","PN",673
2023-09-15,"E","PN",687
2023-09-16,"E","PN",682
2023-09-17,"E","PN",672
2023-09-18,"E","PN",677
2023-09-19,"E","PN",678
2023-09-20,"E","PN",668
2023-09-21,"E","PN",690
2023-09-22,"E","PN",682
2023-09-23,"E","PN",662
2023-09-24,"E","PN",681
2023-09-25,"E","PN",674
2023-09-26,"E","PN",678
2023-09-27,"E","PN",705
2023-09-28,"E","PN",691
2023-09-29,"E","PN",708
2023-09-30,"E","PN",701
2023-10-01,"E","PN",703
2023-10-02,"E","PN",712
2023-10-03,"E","PN",706
2023-10-04,"E","PN",710
2023-10-05,"E","PN",715
2023-10-06,"E","PN",695
2023-10-07,"E","PN",716
2023-10-08,"E","PN",706
2023-10-09,"E","PN",707
2023-10-10,"E","PN",701
2023-10-11,"E","PN",702
2023-10-12,"E","PN",699
2023-10-13,"E","PN",711
2023-10-14,"E","PN",712
2023-10-15,"E","PN",719
2023-10-16,"E","PN",705
2023-10-17,"E","PN",702
2023-10-18,"E","PN",706
2023-10-19,"E","PN",708
2023-10-20,"E","PN",720
2023-10-21,"E","PN",719
2023-10-22,"E","PN",718
2023-10-23,"E","PN",720
2023-10-24,"E","PN",714
2023-10-25,"E","PN",718
2023-10-26,"E","PN",711
2023-10-27,"E","PN",725
2023-10-28,"E","PN",704
2023-10-29,"E","PN",710
2023-10-30,"E","PN",712
2023-10-31,"E","PN",706
2023-11-01,"E","PN",719
2023-11-02,"E","PN",706
2023-11-03,"E","PN",724
2023-11-04,"E","PN",723
2023-11-05,"E","PN",734
2023-11-06,"E","PN",714
2023-11-07,"E","PN",736
2023-11-08,"E","PN",722
2023-11-09,"E","PN",726
2023-11-10,"E","PN",725
2023-11-11,"E","PN",718
2023-11-12,"E","PN",736
2023-11-13,"E","PN",735
2023-11-14,"E","PN",721
2023-11-15,"E","PN",735
2023-11-16,"E","PN",737
2023-11-17,"E","PN",750
2023-11-18,"E","PN",747
2023-11-19,"E","PN",741
2023-11-20,"E","PN",760
2023-11-21,"E","PN",735
2023-11-22,"E","PN",757
2023-11-23,"E","PN",738
2023-11-24,"E","PN",763
2023-11-25,"E","PN",740
2023-11-26,"E","PN",727
2023-11-27,"E","PN",745
2023-11-28,"E","PN",741
2023-11-29,"E","PN",742
2023-11-30,"E","PN",740
2023-12-01,"E","PN",743
2023-12-02,"E","PN",732
2023-12-03,"E","PN",765
2023-12-04,"E","PN",739
2023-12-05,"E","PN",735
2023-12-06,"E","PN",743
2023-12-07,"E","PN",758
2023-12-08,"E","PN",746
2023-12-09,"E","PN",758
2023-12-10,"E","PN",755
2023-12-11,"E","PN",771
2023-12-12,"E","PN",761
2023-12-13,"E","PN",764
2023-12-14,"E","PN",759
2023-12-15,"E","PN",759
2023-12-16,"E","PN",759
2023-12-17,"E","PN",738
2023-12-18,"E","PN",756
2023-12-19,"E","PN",743
2023-12-20,"E","PN",771
2023-12-21,"E","PN",759
2023-12-22,"E","PN",776
2023-12-23,"E","PN",763
2023-12-24,"E","PN",776
2023-12-25,"E","PN",775
2023-12-26,"E","PN",775
2023-12-27,"E","PN",776
2023-12-28,"E","PN",782
2023-12-29,"E","PN",756
2023-12-30,"E","PN",783
2021-01-02,"F","PN",1661
2021-01-03,"F","PN",1735
2021-01-04,"F","PN",1721
2021-01-05,"F","PN",1712
2021-01-06,"F","PN",1718
2021-01-07,"F","PN",1711
2021-01-08,"F","PN",1738
2021-01-09,"F","PN",1670
2021-01-10,"F","PN",1726
2021-01-11,"F","PN",1720
2021-01-12,"F","PN",1687
2021-01-13,"F","PN",1718
2021-01-14,"F","PN",1676
2021-01-15,"F","PN",1630
2021-01-16,"F","PN",1683
2021-01-17,"F","PN",1683
2021-01-18,"F","PN",1718
2021-01-19,"F","PN",1694
2021-01-20,"F","PN",1710
2021-01-21,"F","PN",1727
2021-01-22,"F","PN",1683
2021-01-23,"F","PN",1649
2021-01-24,"F","PN",1650
2021-01-25,"F","PN",1616
2021-01-26,"F","PN",1651
2021-01-27,"F","PN",1667
2021-01-28,"F","PN",1657
2021-01-29,"F","PN",1655
2021-01-30,"F","PN",1684
2021-01-31,"F","PN",1643
2021-02-01,"F","PN",1653
2021-02-02,"F","PN",1649
2021-02-03,"F","PN",1650
2021-02-04,"F","PN",1648
2021-02-05,"F","PN",1605
2021-02-06,"F","PN",1618
2021-02-07,"F","PN",1617
2021-02-08,"F","PN",1616
2021-02-09,"F","PN",1634
2021-02-10,"F","PN",1608
2021-02-11,"F","PN",1612
2021-02-12,"F","PN",1622
2021-02-13,"F","PN",1658
2021-02-14,"F","PN",1669
2021-02-15,"F","PN",1674
2021-02-16,"F","PN",1649
2021-02-17,"F","PN",1681
2021-02-18,"F","PN",1670
2021-02-19,"F","PN",1656
2021-02-20,"F","PN",1601
2021-02-21,"F","PN",1622
2021-02-22,"F","PN",1635
2021-02-23,"F","PN",1679
2021-02-24,"F","PN",1618
2021-02-25,"F","PN",1643
2021-02-26,"F","PN",1637
2021-02-27,"F","PN",1674
2021-02-28,"F","PN",1667
2021-03-01,"F","PN",1667
2021-03-02,"F","PN",1672
2021-03-03,"F","PN",1681
2021-03-04,"F","PN",1617
2021-03-05,"F","PN",1610
2021-03-06,"F","PN",1650
2021-03-07,"F","PN",1621
2021-03-08,"F","PN",1608
2021-03-09,"F","PN",1603
2021-03-10,"F","PN",1559
2021-03-11,"F","PN",1594
2021-03-12,"F","PN",1541
2021-03-13,"F","PN",1576
2021-03-14,"F","PN",1540
2021-03-15,"F","PN",1598
2021-03-16,"F","PN",1575
2021-03-17,"F","PN",1542
2021-03-18,"F","PN",1560
2021-03-19,"F","PN",1566
2021-03-20,"F","PN",1520
2021-03-21,"F","PN",1532
2021-03-22,"F","PN",1563
2021-03-23,"F","PN",1555
2021-03-24,"F","PN",1531
2021-03-25,"F","PN",1507
2021-03-26,"F","PN",1518
2021-03-27,"F","PN",1517
2021-03-28,"F","PN",1517
2021-03-29,"F","PN",1520
2021-03-30,"F","PN",1551
2021-03-31,"F","PN",1515
2021-04-01,"F","PN",1519
2021-04-02,"F","PN",1543
2021-04-03,"F","PN",1524
2021-04-04,"F","PN",1504
2021-04-05,"F","PN",1494
2021-04-06,"F","PN",1457
2021-04-07,"F","PN",1457
2021-04-08,"F","PN",1406
2021-04-09,"F","PN",1406
2021-04-10,"F","PN",1397
2021-04-11,"F","PN",1362
2021-04-12,"F","PN",1378
2021-04-13,"F","PN",1398
2021-04-14,"F","PN",1405
2021-04-15,"F","PN",1370
2021-04-16,"F","PN",1369
2021-04-17,"F","PN",1360
2021-04-18,"F","PN",1385
2021-04-19,"F","PN",1417
2021-04-20,"F","PN",1436
2021-04-21,"F","PN",1413
2021-04-22,"F","PN",1424
2021-04-23,"F","PN",1398
2021-04-24,"F","PN",1437
2021-04-25,"F","PN",1413
2021-04-26,"F","PN",1411
2021-04-27,"F","PN",1399
2021-04-28,"F","PN",1388
2021-04-29,"F","PN",1366
2021-04-30,"F","PN",1380
2021-05-01,"F","PN",1362
2021-05-02,"F","PN",1353
2021-05-03,"F","PN",1411
2021-05-04,"F","PN",1384
2021-05-05,"F","PN",1403
2021-05-06,"F","PN",1406
2021-05-07,"F","PN",1435
2021-05-08,"F","PN",1398
2021-05-09,"F","PN",1409
2021-05-10,"F","PN",1422
2021-05-11,"F","PN",1402
2021-05-12,"F","PN",1408
2021-05-13,"F","PN",1451
2021-05-14,"F","PN",1457
2021-05-15,"F","PN",1457
2021-05-16,"F","PN",1480
2021-05-17,"F","PN",1431
2021-05-18,"F","PN",1441
2021-05-19,"F","PN",1463
2021-05-20,"F","PN",1452
2021-05-21,"F","PN",1497
2021-05-22,"F","PN",1497
2021-05-23,"F","PN",1509
2021-05-24,"F","PN",1485
2021-05-25,"F","PN",1485
2021-05-26,"F","PN",1529
2021-05-27,"F","PN",1508
2021-05-28,"F","PN",1523
2021-05-29,"F","PN",1507
2021-05-30,"F","PN",1505
2021-05-31,"F","PN",1488
2021-06-01,"F","PN",1484
2021-06-02,"F","PN",1472
2021-06-03,"F","PN",1459
2021-06-04,"F","PN",1488
2021-06-05,"F","PN",1428
2021-06-06,"F","PN",1475
2021-06-07,"F","PN",1464
2021-06-08,"F","PN",1464
2021-06-09,"F","PN",1495
2021-06-10,"F","PN",1467
2021-06-11,"F","PN",1484
2021-06-12,"F","PN",1416
2021-06-13,"F","PN",1453
2021-06-14,"F","PN",1453
2021-06-15,"F","PN",1403
2021-06-16,"F","PN",1419
2021-06-17,"F","PN",1405
2021-06-18,"F","PN",1463
2021-06-19,"F","PN",1432
2021-06-20,"F","PN",1436
2021-06-21,"F","PN",1456
2021-06-22,"F","PN",1457
2021-06-23,"F","PN",1457
2021-06-24,"F","PN",1459
2021-06-25,"F","PN",1467
2021-06-26,"F","PN",1414
2021-06-27,"F","PN",1459
2021-06-28,"F","PN",1507
2021-06-29,"F","PN",1516
2021-06-30,"F","PN",1498
2021-07-01,"F","PN",1477
2021-07-02,"F","PN",1479
2021-07-03,"F","PN",1456
2021-07-04,"F","PN",1481
2021-07-05,"F","PN",1471
2021-07-06,"F","PN",1468
2021-07-07,"F","PN",1496
2021-07-08,"F","PN",1414
2021-07-09,"F","PN",1415
2021-07-10,"F","PN",1396
2021-07-11,"F","PN",1451
2021-07-12,"F","PN",1463
2021-07-13,"F","PN",1451
2021-07-14,"F","PN",1466
2021-07-15,"F","PN",1474
2021-07-16,"F","PN",1447
2021-07-17,"F","PN",1426
2021-07-18,"F","PN",1401
2021-07-19,"F","PN",1438
2021-07-20,"F","PN",1423
2021-07-21,"F","PN",1412
2021-07-22,"F","PN",1420
2021-07-23,"F","PN",1395
2021-07-24,"F","PN",1405
2021-07-25,"F","PN",1376
2021-07-26,"F","PN",1497
2021-07-27,"F","PN",1401
2021-07-28,"F","PN",1376
2021-07-29,"F","PN",1420
2021-07-30,"F","PN",1406
2021-07-31,"F","PN",1381
2021-08-01,"F","PN",1393
2021-08-02,"F","PN",1416
2021-08-03,"F","PN",1427
2021-08-04,"F","PN",1424
2021-08-05,"F","PN",1494
2021-08-06,"F","PN",1396
2021-08-07,"F","PN",1419
2021-08-08,"F","PN",1378
2021-08-09,"F","PN",1381
2021-08-10,"F","PN",1384
2021-08-11,"F","PN",1350
2021-08-12,"F","PN",1368
2021-08-13,"F","PN",1399
2021-08-14,"F","PN",1347
2021-08-15,"F","PN",1329
2021-08-16,"F","PN",1324
2021-08-17,"F","PN",1357
2021-08-18,"F","PN",1320
2021-08-19,"F","PN",1332
2021-08-20,"F","PN",1345
2021-08-21,"F","PN",1359
2021-08-22,"F","PN",1380
2021-08-23,"F","PN",1446
2021-08-24,"F","PN",1444
2021-08-25,"F","PN",1454
2021-08-26,"F","PN",1465
2021-08-27,"F","PN",1429
2021-08-28,"F","PN",1466
2021-08-29,"F","PN",1463
2021-08-30,"F","PN",1441
2021-08-31,"F","PN",1439
2021-09-01,"F","PN",1440
2021-09-02,"F","PN",1469
2021-09-03,"F","PN",1450
2021-09-04,"F","PN",1492
2021-09-05,"F","PN",1441
2021-09-06,"F","PN",1464
2021-09-07,"F","PN",1470
2021-09-08,"F","PN",1526
2021-09-09,"F","PN",1492
2021-09-10,"F","PN",1550
2021-09-11,"F","PN",1517
2021-09-12,"F","PN",1540
2021-09-13,"F","PN",1557
2021-09-14,"F","PN",1590
2021-09-15,"F","PN",1562
2021-09-16,"F","PN",1577
2021-09-17,"F","PN",1561
2021-09-18,"F","PN",1525
2021-09-19,"F","PN",1537
2021-09-20,"F","PN",1510
2021-09-21,"F","PN",1547
2021-09-22,"F","PN",1492
2021-09-23,"F","PN",1522
2021-09-24,"F","PN",1510
2021-09-25,"F","PN",1507
2021-09-26,"F","PN",1524
2021-09-27,"F","PN",1573
2021-09-28,"F","PN",1578
2021-09-29,"F","PN",1587
2021-09-30,"F","PN",1566
2021-10-01,"F","PN",1591
2021-10-02,"F","PN",1666
2021-10-03,"F","PN",1642
2021-10-04,"F","PN",1653
2021-10-05,"F","PN",1632
2021-10-06,"F","PN",1638
2021-10-07,"F","PN",1660
2021-10-08,"F","PN",1641
2021-10-09,"F","PN",1599
2021-10-10,"F","PN",1611
2021-10-11,"F","PN",1608
2021-10-12,"F","PN",1636
2021-10-13,"F","PN",1604
2021-10-14,"F","PN",1611
2021-10-15,"F","PN",1615
2021-10-16,"F","PN",1575
2021-10-17,"F","PN",1622
2021-10-18,"F","PN",1610
2021-10-19,"F","PN",1595
2021-10-20,"F","PN",1628
2021-10-21,"F","PN",1640
2021-10-22,"F","PN",1663
2021-10-23,"F","PN",1633
2021-10-24,"F","PN",1623
2021-10-25,"F","PN",1574
2021-10-26,"F","PN",1604
2021-10-27,"F","PN",1616
2021-10-28,"F","PN",1616
2021-10-29,"F","PN",1589
2021-10-30,"F","PN",1586
2021-10-31,"F","PN",1603
2021-11-01,"F","PN",1605
2021-11-02,"F","PN",1645
2021-11-03,"F","PN",1624
2021-11-04,"F","PN",1646
2021-11-05,"F","PN",1660
2021-11-06,"F","PN",1644
2021-11-07,"F","PN",1618
2021-11-08,"F","PN",1617
2021-11-09,"F","PN",1640
2021-11-10,"F","PN",1587
2021-11-11,"F","PN",1601
2021-11-12,"F","PN",1640
2021-11-13,"F","PN",1640
2021-11-14,"F","PN",1677
2021-11-15,"F","PN",1638
2021-11-16,"F","PN",1639
2021-11-17,"F","PN",1673
2021-11-18,"F","PN",1650
2021-11-19,"F","PN",1658
2021-11-20,"F","PN",1697
2021-11-21,"F","PN",1689
2021-11-22,"F","PN",1704
2021-11-23,"F","PN",1699
2021-11-24,"F","PN",1720
2021-11-25,"F","PN",1718
2021-11-26,"F","PN",1691
2021-11-27,"F","PN",1698
2021-11-28,"F","PN",1686
2021-11-29,"F","PN",1682
2021-11-30,"F","PN",1634
2021-12-01,"F","PN",1656
2021-12-02,"F","PN",1643
2021-12-03,"F","PN",1674
2021-12-04,"F","PN",1674
2021-12-05,"F","PN",1653
2021-12-06,"F","PN",1657
2021-12-07,"F","PN",1678
2021-12-08,"F","PN",1628
2021-12-09,"F","PN",1694
2021-12-10,"F","PN",1653
2021-12-11,"F","PN",1677
2021-12-12,"F","PN",1643
2021-12-13,"F","PN",1690
2021-12-14,"F","PN",1708
2021-12-15,"F","PN",1707
2021-12-16,"F","PN",1709
2021-12-17,"F","PN",1637
2021-12-18,"F","PN",1661
2021-12-19,"F","PN",1695
2021-12-20,"F","PN",1690
2021-12-21,"F","PN",1648
2021-12-22,"F","PN",1675
2021-12-23,"F","PN",1656
2021-12-24,"F","PN",1679
2021-12-25,"F","PN",1693
2021-12-26,"F","PN",1673
2021-12-27,"F","PN",1692
2021-12-28,"F","PN",1684
2021-12-29,"F","PN",1651
2021-12-30,"F","PN",1694
2022-01-02,"F","PN",1703
2022-01-03,"F","PN",1713
2022-01-04,"F","PN",1708
2022-01-05,"F","PN",1708
2022-01-06,"F","PN",1714
2022-01-07,"F","PN",1695
2022-01-08,"F","PN",1667
2022-01-09,"F","PN",1614
2022-01-10,"F","PN",1673
2022-01-11,"F","PN",1665
2022-01-12,"F","PN",1725
2022-01-13,"F","PN",1661
2022-01-14,"F","PN",1687
2022-01-15,"F","PN",1602
2022-01-16,"F","PN",1645
2022-01-17,"F","PN",1655
2022-01-18,"F","PN",1655
2022-01-19,"F","PN",1718
2022-01-20,"F","PN",1668
2022-01-21,"F","PN",1669
2022-01-22,"F","PN",1613
2022-01-23,"F","PN",1608
2022-01-24,"F","PN",1600
2022-01-25,"F","PN",1591
2022-01-26,"F","PN",1621
2022-01-27,"F","PN",1618
2022-01-28,"F","PN",1697
2022-01-29,"F","PN",1629
2022-01-30,"F","PN",1569
2022-01-31,"F","PN",1618
2022-02-01,"F","PN",1612
2022-02-02,"F","PN",1586
2022-02-03,"F","PN",1636
2022-02-04,"F","PN",1564
2022-02-05,"F","PN",1500
2022-02-06,"F","PN",1519
2022-02-07,"F","PN",1579
2022-02-08,"F","PN",1562
2022-02-09,"F","PN",1607
2022-02-10,"F","PN",1533
2022-02-11,"F","PN",1616
2022-02-12,"F","PN",1653
2022-02-13,"F","PN",1651
2022-02-14,"F","PN",1622
2022-02-15,"F","PN",1654
2022-02-16,"F","PN",1599
2022-02-17,"F","PN",1607
2022-02-18,"F","PN",1566
2022-02-19,"F","PN",1657
2022-02-20,"F","PN",1470
2022-02-21,"F","PN",1523
2022-02-22,"F","PN",1535
2022-02-23,"F","PN",1626
2022-02-24,"F","PN",1582
2022-02-25,"F","PN",1583
2022-02-26,"F","PN",1583
2022-02-27,"F","PN",1599
2022-02-28,"F","PN",1595
2022-03-01,"F","PN",1630
2022-03-02,"F","PN",1647
2022-03-03,"F","PN",1584
2022-03-04,"F","PN",1547
2022-03-05,"F","PN",1618
2022-03-06,"F","PN",1509
2022-03-07,"F","PN",1503
2022-03-08,"F","PN",1553
2022-03-09,"F","PN",1478
2022-03-10,"F","PN",1476
2022-03-11,"F","PN",1491
2022-03-12,"F","PN",1459
2022-03-13,"F","PN",1449
2022-03-14,"F","PN",1454
2022-03-15,"F","PN",1435
2022-03-16,"F","PN",1478
2022-03-17,"F","PN",1433
2022-03-18,"F","PN",1495
2022-03-19,"F","PN",1454
2022-03-20,"F","PN",1378
2022-03-21,"F","PN",1396
2022-03-22,"F","PN",1455
2022-03-23,"F","PN",1389
2022-03-24,"F","PN",1405
2022-03-25,"F","PN",1407
2022-03-26,"F","PN",1387
2022-03-27,"F","PN",1381
2022-03-28,"F","PN",1400
2022-03-29,"F","PN",1424
2022-03-30,"F","PN",1441
2022-03-31,"F","PN",1394
2022-04-01,"F","PN",1347
2022-04-02,"F","PN",1452
2022-04-03,"F","PN",1377
2022-04-04,"F","PN",1433
2022-04-05,"F","PN",1405
2022-04-06,"F","PN",1321
2022-04-07,"F","PN",1348
2022-04-08,"F","PN",1301
2022-04-09,"F","PN",1312
2022-04-10,"F","PN",1262
2022-04-11,"F","PN",1258
2022-04-12,"F","PN",1282
2022-04-13,"F","PN",1224
2022-04-14,"F","PN",1192
2022-04-15,"F","PN",1294
2022-04-16,"F","PN",1190
2022-04-17,"F","PN",1252
2022-04-18,"F","PN",1276
2022-04-19,"F","PN",1211
2022-04-20,"F","PN",1289
2022-04-21,"F","PN",1210
2022-04-22,"F","PN",1277
2022-04-23,"F","PN",1259
2022-04-24,"F","PN",1266
2022-04-25,"F","PN",1227
2022-04-26,"F","PN",1274
2022-04-27,"F","PN",1248
2022-04-28,"F","PN",1248
2022-04-29,"F","PN",1220
2022-04-30,"F","PN",1177
2022-05-01,"F","PN",1258
2022-05-02,"F","PN",1209
2022-05-03,"F","PN",1259
2022-05-04,"F","PN",1261
2022-05-05,"F","PN",1226
2022-05-06,"F","PN",1245
2022-05-07,"F","PN",1195
2022-05-08,"F","PN",1205
2022-05-09,"F","PN",1286
2022-05-10,"F","PN",1251
2022-05-11,"F","PN",1258
2022-05-12,"F","PN",1312
2022-05-13,"F","PN",1314
2022-05-14,"F","PN",1287
2022-05-15,"F","PN",1267
2022-05-16,"F","PN",1301
2022-05-17,"F","PN",1228
2022-05-18,"F","PN",1281
2022-05-19,"F","PN",1286
2022-05-20,"F","PN",1257
2022-05-21,"F","PN",1288
2022-05-22,"F","PN",1268
2022-05-23,"F","PN",1306
2022-05-24,"F","PN",1247
2022-05-25,"F","PN",1286
2022-05-26,"F","PN",1316
2022-05-27,"F","PN",1305
2022-05-28,"F","PN",1304
2022-05-29,"F","PN",1302
2022-05-30,"F","PN",1263
2022-05-31,"F","PN",1220
2022-06-01,"F","PN",1246
2022-06-02,"F","PN",1263
2022-06-03,"F","PN",1265
2022-06-04,"F","PN",1274
2022-06-05,"F","PN",1194
2022-06-06,"F","PN",1235
2022-06-07,"F","PN",1258
2022-06-08,"F","PN",1270
2022-06-09,"F","PN",1272
2022-06-10,"F","PN",1194
2022-06-11,"F","PN",1137
2022-06-12,"F","PN",1217
2022-06-13,"F","PN",1140
2022-06-14,"F","PN",1225
2022-06-15,"F","PN",1197
2022-06-16,"F","PN",1165
2022-06-17,"F","PN",1220
2022-06-18,"F","PN",1240
2022-06-19,"F","PN",1237
2022-06-20,"F","PN",1216
2022-06-21,"F","PN",1209
2022-06-22,"F","PN",1171
2022-06-23,"F","PN",1169
2022-06-24,"F","PN",1279
2022-06-25,"F","PN",1251
2022-06-26,"F","PN",1170
2022-06-27,"F","PN",1239
2022-06-28,"F","PN",1265
2022-06-29,"F","PN",1281
2022-06-30,"F","PN",1214
2022-07-01,"F","PN",1277
2022-07-02,"F","PN",1253
2022-07-03,"F","PN",1229
2022-07-04,"F","PN",1246
2022-07-05,"F","PN",1157
2022-07-06,"F","PN",1179
2022-07-07,"F","PN",1243
2022-07-08,"F","PN",1155
2022-07-09,"F","PN",1171
2022-07-10,"F","PN",1205
2022-07-11,"F","PN",1134
2022-07-12,"F","PN",1146
2022-07-13,"F","PN",1161
2022-07-14,"F","PN",1212
2022-07-15,"F","PN",1262
2022-07-16,"F","PN",1186
2022-07-17,"F","PN",1114
2022-07-18,"F","PN",1143
2022-07-19,"F","PN",1151
2022-07-20,"F","PN",1166
2022-07-21,"F","PN",1188
2022-07-22,"F","PN",1181
2022-07-23,"F","PN",1115
2022-07-24,"F","PN",1153
2022-07-25,"F","PN",1107
2022-07-26,"F","PN",1119
2022-07-27,"F","PN",1143
2022-07-28,"F","PN",1087
2022-07-29,"F","PN",1169
2022-07-30,"F","PN",1129
2022-07-31,"F","PN",1135
2022-08-01,"F","PN",1137
2022-08-02,"F","PN",1144
2022-08-03,"F","PN",1216
2022-08-04,"F","PN",1218
2022-08-05,"F","PN",1185
2022-08-06,"F","PN",1202
2022-08-07,"F","PN",1203
2022-08-08,"F","PN",1130
2022-08-09,"F","PN",1129
2022-08-10,"F","PN",1083
2022-08-11,"F","PN",1099
2022-08-12,"F","PN",1047
2022-08-13,"F","PN",1096
2022-08-14,"F","PN",1038
2022-08-15,"F","PN",1095
2022-08-16,"F","PN",1114
2022-08-17,"F","PN",1104
2022-08-18,"F","PN",972
2022-08-19,"F","PN",1082
2022-08-20,"F","PN",1086
2022-08-21,"F","PN",1029
2022-08-22,"F","PN",1106
2022-08-23,"F","PN",1164
2022-08-24,"F","PN",1193
2022-08-25,"F","PN",1119
2022-08-26,"F","PN",1139
2022-08-27,"F","PN",1202
2022-08-28,"F","PN",1143
2022-08-29,"F","PN",1146
2022-08-30,"F","PN",1180
2022-08-31,"F","PN",1144
2022-09-01,"F","PN",1109
2022-09-02,"F","PN",1122
2022-09-03,"F","PN",1146
2022-09-04,"F","PN",1128
2022-09-05,"F","PN",1098
2022-09-06,"F","PN",1212
2022-09-07,"F","PN",1147
2022-09-08,"F","PN",1167
2022-09-09,"F","PN",1185
2022-09-10,"F","PN",1146
2022-09-11,"F","PN",1200
2022-09-12,"F","PN",1217
2022-09-13,"F","PN",1267
2022-09-14,"F","PN",1292
2022-09-15,"F","PN",1252
2022-09-16,"F","PN",1211
2022-09-17,"F","PN",1180
2022-09-18,"F","PN",1221
2022-09-19,"F","PN",1222
2022-09-20,"F","PN",1241
2022-09-21,"F","PN",1186
2022-09-22,"F","PN",1158
2022-09-23,"F","PN",1263
2022-09-24,"F","PN",1154
2022-09-25,"F","PN",1187
2022-09-26,"F","PN",1221
2022-09-27,"F","PN",1250
2022-09-28,"F","PN",1260
2022-09-29,"F","PN",1220
2022-09-30,"F","PN",1276
2022-10-01,"F","PN",1340
2022-10-02,"F","PN",1233
2022-10-03,"F","PN",1305
2022-10-04,"F","PN",1249
2022-10-05,"F","PN",1264
2022-10-06,"F","PN",1257
2022-10-07,"F","PN",1313
2022-10-08,"F","PN",1293
2022-10-09,"F","PN",1234
2022-10-10,"F","PN",1275
2022-10-11,"F","PN",1320
2022-10-12,"F","PN",1250
2022-10-13,"F","PN",1230
2022-10-14,"F","PN",1322
2022-10-15,"F","PN",1259
2022-10-16,"F","PN",1182
2022-10-17,"F","PN",1280
2022-10-18,"F","PN",1226
2022-10-19,"F","PN",1204
2022-10-20,"F","PN",1326
2022-10-21,"F","PN",1349
2022-10-22,"F","PN",1317
2022-10-23,"F","PN",1291
2022-10-24,"F","PN",1298
2022-10-25,"F","PN",1287
2022-10-26,"F","PN",1214
2022-10-27,"F","PN",1197
2022-10-28,"F","PN",1249
2022-10-29,"F","PN",1292
2022-10-30,"F","PN",1236
2022-10-31,"F","PN",1218
2022-11-01,"F","PN",1262
2022-11-02,"F","PN",1300
2022-11-03,"F","PN",1184
2022-11-04,"F","PN",1293
2022-11-05,"F","PN",1327
2022-11-06,"F","PN",1300
2022-11-07,"F","PN",1280
2022-11-08,"F","PN",1284
2022-11-09,"F","PN",1250
2022-11-10,"F","PN",1214
2022-11-11,"F","PN",1223
2022-11-12,"F","PN",1319
2022-11-13,"F","PN",1210
2022-11-14,"F","PN",1291
2022-11-15,"F","PN",1309
2022-11-16,"F","PN",1267
2022-11-17,"F","PN",1257
2022-11-18,"F","PN",1250
2022-11-19,"F","PN",1306
2022-11-20,"F","PN",1341
2022-11-21,"F","PN",1333
2022-11-22,"F","PN",1254
2022-11-23,"F","PN",1288
2022-11-24,"F","PN",1252
2022-11-25,"F","PN",1330
2022-11-26,"F","PN",1345
2022-11-27,"F","PN",1327
2022-11-28,"F","PN",1290
2022-11-29,"F","PN",1323
2022-11-30,"F","PN",1247
2022-12-01,"F","PN",1297
2022-12-02,"F","PN",1260
2022-12-03,"F","PN",1229
2022-12-04,"F","PN",1311
2022-12-05,"F","PN",1302
2022-12-06,"F","PN",1312
2022-12-07,"F","PN",1343
2022-12-08,"F","PN",1220
2022-12-09,"F","PN",1258
2022-12-10,"F","PN",1285
2022-12-11,"F","PN",1270
2022-12-12,"F","PN",1274
2022-12-13,"F","PN",1299
2022-12-14,"F","PN",1355
2022-12-15,"F","PN",1312
2022-12-16,"F","PN",1322
2022-12-17,"F","PN",1274
2022-12-18,"F","PN",1217
2022-12-19,"F","PN",1327
2022-12-20,"F","PN",1335
2022-12-21,"F","PN",1285
2022-12-22,"F","PN",1265
2022-12-23,"F","PN",1307
2022-12-24,"F","PN",1244
2022-12-25,"F","PN",1299
2022-12-26,"F","PN",1269
2022-12-27,"F","PN",1334
2022-12-28,"F","PN",1323
2022-12-29,"F","PN",1332
2022-12-30,"F","PN",1281
2023-01-02,"F","PN",1271
2023-01-03,"F","PN",1332
2023-01-04,"F","PN",1246
2023-01-05,"F","PN",1322
2023-01-06,"F","PN",1352
2023-01-07,"F","PN",1254
2023-01-08,"F","PN",1283
2023-01-09,"F","PN",1280
2023-01-10,"F","PN",1280
2023-01-11,"F","PN",1325
2023-01-12,"F","PN",1319
2023-01-13,"F","PN",1301
2023-01-14,"F","PN",1302
2023-01-15,"F","PN",1188
2023-01-16,"F","PN",1322
2023-01-17,"F","PN",1230
2023-01-18,"F","PN",1255
2023-01-19,"F","PN",1329
2023-01-20,"F","PN",1295
2023-01-21,"F","PN",1182
2023-01-22,"F","PN",1223
2023-01-23,"F","PN",1212
2023-01-24,"F","PN",1195
2023-01-25,"F","PN",1189
2023-01-26,"F","PN",1264
2023-01-27,"F","PN",1217
2023-01-28,"F","PN",1309
2023-01-29,"F","PN",1229
2023-01-30,"F","PN",1168
2023-01-31,"F","PN",1185
2023-02-01,"F","PN",1238
2023-02-02,"F","PN",1167
2023-02-03,"F","PN",1170
2023-02-04,"F","PN",1130
2023-02-05,"F","PN",1071
2023-02-06,"F","PN",1121
2023-02-07,"F","PN",1162
2023-02-08,"F","PN",1144
2023-02-09,"F","PN",1243
2023-02-10,"F","PN",1170
2023-02-11,"F","PN",1253
2023-02-12,"F","PN",1200
2023-02-13,"F","PN",1215
2023-02-14,"F","PN",1190
2023-02-15,"F","PN",1236
2023-02-16,"F","PN",1211
2023-02-17,"F","PN",1137
2023-02-18,"F","PN",1108
2023-02-19,"F","PN",1231
2023-02-20,"F","PN",1071
2023-02-21,"F","PN",1038
2023-02-22,"F","PN",1126
2023-02-23,"F","PN",1179
2023-02-24,"F","PN",1141
2023-02-25,"F","PN",1170
2023-02-26,"F","PN",1183
2023-02-27,"F","PN",1123
2023-02-28,"F","PN",1240
2023-03-01,"F","PN",1193
2023-03-02,"F","PN",1221
2023-03-03,"F","PN",1138
2023-03-04,"F","PN",1150
2023-03-05,"F","PN",1225
2023-03-06,"F","PN",1116
2023-03-07,"F","PN",1075
2023-03-08,"F","PN",1099
2023-03-09,"F","PN",1079
2023-03-10,"F","PN",1097
2023-03-11,"F","PN",1096
2023-03-12,"F","PN",1019
2023-03-13,"F","PN",1053
2023-03-14,"F","PN",1068
2023-03-15,"F","PN",1007
2023-03-16,"F","PN",1064
2023-03-17,"F","PN",1085
2023-03-18,"F","PN",1069
2023-03-19,"F","PN",1054
2023-03-20,"F","PN",1051
2023-03-21,"F","PN",1037
2023-03-22,"F","PN",1056
2023-03-23,"F","PN",1000
2023-03-24,"F","PN",943
2023-03-25,"F","PN",993
2023-03-26,"F","PN",947
2023-03-27,"F","PN",973
2023-03-28,"F","PN",985
2023-03-29,"F","PN",1018
2023-03-30,"F","PN",1005
2023-03-31,"F","PN",1010
2023-04-01,"F","PN",964
2023-04-02,"F","PN",1045
2023-04-03,"F","PN",920
2023-04-04,"F","PN",933
2023-04-05,"F","PN",1008
2023-04-06,"F","PN",950
2023-04-07,"F","PN",946
2023-04-08,"F","PN",862
2023-04-09,"F","PN",921
2023-04-10,"F","PN",886
2023-04-11,"F","PN",856
2023-04-12,"F","PN",836
2023-04-13,"F","PN",856
2023-04-14,"F","PN",804
2023-04-15,"F","PN",823
2023-04-16,"F","PN",817
2023-04-17,"F","PN",860
2023-04-18,"F","PN",854
2023-04-19,"F","PN",803
2023-04-20,"F","PN",871
2023-04-21,"F","PN",868
2023-04-22,"F","PN",909
2023-04-23,"F","PN",879
2023-04-24,"F","PN",886
2023-04-25,"F","PN",879
2023-04-26,"F","PN",847
2023-04-27,"F","PN",804
2023-04-28,"F","PN",915
2023-04-29,"F","PN",779
2023-04-30,"F","PN",755
2023-05-01,"F","PN",837
2023-05-02,"F","PN",865
2023-05-03,"F","PN",887
2023-05-04,"F","PN",918
2023-05-05,"F","PN",863
2023-05-06,"F","PN",862
2023-05-07,"F","PN",910
2023-05-08,"F","PN",853
2023-05-09,"F","PN",902
2023-05-10,"F","PN",835
2023-05-11,"F","PN",826
2023-05-12,"F","PN",902
2023-05-13,"F","PN",884
2023-05-14,"F","PN",916
2023-05-15,"F","PN",865
2023-05-16,"F","PN",925
2023-05-17,"F","PN",838
2023-05-18,"F","PN",898
2023-05-19,"F","PN",949
2023-05-20,"F","PN",924
2023-05-21,"F","PN",877
2023-05-22,"F","PN",927
2023-05-23,"F","PN",990
2023-05-24,"F","PN",899
2023-05-25,"F","PN",878
2023-05-26,"F","PN",923
2023-05-27,"F","PN",930
2023-05-28,"F","PN",956
2023-05-29,"F","PN",941
2023-05-30,"F","PN",923
2023-05-31,"F","PN",872
2023-06-01,"F","PN",916
2023-06-02,"F","PN",980
2023-06-03,"F","PN",841
2023-06-04,"F","PN",923
2023-06-05,"F","PN",874
2023-06-06,"F","PN",858
2023-06-07,"F","PN",891
2023-06-08,"F","PN",879
2023-06-09,"F","PN",889
2023-06-10,"F","PN",847
2023-06-11,"F","PN",780
2023-06-12,"F","PN",896
2023-06-13,"F","PN",812
2023-06-14,"F","PN",877
2023-06-15,"F","PN",861
2023-06-16,"F","PN",889
2023-06-17,"F","PN",788
2023-06-18,"F","PN",887
2023-06-19,"F","PN",856
2023-06-20,"F","PN",839
2023-06-21,"F","PN",911
2023-06-22,"F","PN",888
2023-06-23,"F","PN",879
2023-06-24,"F","PN",930
2023-06-25,"F","PN",907
2023-06-26,"F","PN",866
2023-06-27,"F","PN",952
2023-06-28,"F","PN",870
2023-06-29,"F","PN",933
2023-06-30,"F","PN",931
2023-07-01,"F","PN",895
2023-07-02,"F","PN",935
2023-07-03,"F","PN",862
2023-07-04,"F","PN",858
2023-07-05,"F","PN",803
2023-07-06,"F","PN",874
2023-07-07,"F","PN",942
2023-07-08,"F","PN",744
2023-07-09,"F","PN",860
2023-07-10,"F","PN",822
2023-07-11,"F","PN",836
2023-07-12,"F","PN",840
2023-07-13,"F","PN",889
2023-07-14,"F","PN",922
2023-07-15,"F","PN",950
2023-07-16,"F","PN",880
2023-07-17,"F","PN",801
2023-07-18,"F","PN",709
2023-07-19,"F","PN",796
2023-07-20,"F","PN",718
2023-07-21,"F","PN",847
2023-07-22,"F","PN",859
2023-07-23,"F","PN",846
2023-07-24,"F","PN",778
2023-07-25,"F","PN",786
2023-07-26,"F","PN",772
2023-07-27,"F","PN",785
2023-07-28,"F","PN",771
2023-07-29,"F","PN",834
2023-07-30,"F","PN",846
2023-07-31,"F","PN",803
2023-08-01,"F","PN",801
2023-08-02,"F","PN",823
2023-08-03,"F","PN",886
2023-08-04,"F","PN",795
2023-08-05,"F","PN",863
2023-08-06,"F","PN",838
2023-08-07,"F","PN",874
2023-08-08,"F","PN",780
2023-08-09,"F","PN",750
2023-08-10,"F","PN",658
2023-08-11,"F","PN",771
2023-08-12,"F","PN",722
2023-08-13,"F","PN",789
2023-08-14,"F","PN",702
2023-08-15,"F","PN",770
2023-08-16,"F","PN",761
2023-08-17,"F","PN",753
2023-08-18,"F","PN",658
2023-08-19,"F","PN",834
2023-08-20,"F","PN",699
2023-08-21,"F","PN",616
2023-08-22,"F","PN",789
2023-08-23,"F","PN",831
2023-08-24,"F","PN",855
2023-08-25,"F","PN",789
2023-08-26,"F","PN",823
2023-08-27,"F","PN",868
2023-08-28,"F","PN",848
2023-08-29,"F","PN",845
2023-08-30,"F","PN",827
2023-08-31,"F","PN",893
2023-09-01,"F","PN",790
2023-09-02,"F","PN",855
2023-09-03,"F","PN",868
2023-09-04,"F","PN",828
2023-09-05,"F","PN",769
2023-09-06,"F","PN",895
2023-09-07,"F","PN",857
2023-09-08,"F","PN",849
2023-09-09,"F","PN",919
2023-09-10,"F","PN",839
2023-09-11,"F","PN",870
2023-09-12,"F","PN",917
2023-09-13,"F","PN",938
2023-09-14,"F","PN",912
2023-09-15,"F","PN",953
2023-09-16,"F","PN",910
2023-09-17,"F","PN",885
2023-09-18,"F","PN",923
2023-09-19,"F","PN",923
2023-09-20,"F","PN",904
2023-09-21,"F","PN",861
2023-09-22,"F","PN",887
2023-09-23,"F","PN",955
2023-09-24,"F","PN",858
2023-09-25,"F","PN",916
2023-09-26,"F","PN",900
2023-09-27,"F","PN",996
2023-09-28,"F","PN",1017
2023-09-29,"F","PN",972
2023-09-30,"F","PN",1026
2023-10-01,"F","PN",1071
2023-10-02,"F","PN",1039
2023-10-03,"F","PN",1096
2023-10-04,"F","PN",959
2023-10-05,"F","PN",1046
2023-10-06,"F","PN",1040
2023-10-07,"F","PN",1011
2023-10-08,"F","PN",1002
2023-10-09,"F","PN",953
2023-10-10,"F","PN",998
2023-10-11,"F","PN",1025
2023-10-12,"F","PN",963
2023-10-13,"F","PN",915
2023-10-14,"F","PN",979
2023-10-15,"F","PN",1052
2023-10-16,"F","PN",988
2023-10-17,"F","PN",986
2023-10-18,"F","PN",955
2023-10-19,"F","PN",927
2023-10-20,"F","PN",1112
2023-10-21,"F","PN",1038
2023-10-22,"F","PN",1014
2023-10-23,"F","PN",994
2023-10-24,"F","PN",1043
2023-10-25,"F","PN",1005
2023-10-26,"F","PN",913
2023-10-27,"F","PN",959
2023-10-28,"F","PN",1063
2023-10-29,"F","PN",1047
2023-10-30,"F","PN",959
2023-10-31,"F","PN",923
2023-11-01,"F","PN",982
2023-11-02,"F","PN",979
2023-11-03,"F","PN",913
2023-11-04,"F","PN",1012
2023-11-05,"F","PN",1077
2023-11-06,"F","PN",1014
2023-11-07,"F","PN",1026
2023-11-08,"F","PN",1047
2023-11-09,"F","PN",1004
2023-11-10,"F","PN",978
2023-11-11,"F","PN",971
2023-11-12,"F","PN",1028
2023-11-13,"F","PN",962
2023-11-14,"F","PN",1120
2023-11-15,"F","PN",1072
2023-11-16,"F","PN",1075
2023-11-17,"F","PN",1044
2023-11-18,"F","PN",1042
2023-11-19,"F","PN",1046
2023-11-20,"F","PN",1054
2023-11-21,"F","PN",981
2023-11-22,"F","PN",975
2023-11-23,"F","PN",1102
2023-11-24,"F","PN",1005
2023-11-25,"F","PN",1099
2023-11-26,"F","PN",1104
2023-11-27,"F","PN",1063
2023-11-28,"F","PN",995
2023-11-29,"F","PN",1048
2023-11-30,"F","PN",1027
2023-12-01,"F","PN",1052
2023-12-02,"F","PN",1040
2023-12-03,"F","PN",1010
2023-12-04,"F","PN",1057
2023-12-05,"F","PN",1012
2023-12-06,"F","PN",1063
2023-12-07,"F","PN",1063
2023-12-08,"F","PN",1052
2023-12-09,"F","PN",1017
2023-12-10,"F","PN",1040
2023-12-11,"F","PN",1004
2023-12-12,"F","PN",1053
2023-12-13,"F","PN",1083
2023-12-14,"F","PN",1111
2023-12-15,"F","PN",1134
2023-12-16,"F","PN",1106
2023-12-17,"F","PN",1018
2023-12-18,"F","PN",1035
2023-12-19,"F","PN",1114
2023-12-20,"F","PN",1141
2023-12-21,"F","PN",1064
2023-12-22,"F","PN",1110
2023-12-23,"F","PN",1086
2023-12-24,"F","PN",1075
2023-12-25,"F","PN",1066
2023-12-26,"F","PN",1061
2023-12-27,"F","PN",1101
2023-12-28,"F","PN",1119
2023-12-29,"F","PN",1127
2023-12-30,"F","PN",1035
